"date","turb","siteID"
2019-09-16,4.5,"MILL"
2019-09-16,6.8,"MILL"
2019-09-16,4.6,"MILL"
2019-09-16,4.3,"MILL"
2019-09-16,4.4,"MILL"
2019-09-16,6.9,"MILL"
2019-09-16,19.2,"MILL"
2019-09-16,6,"MILL"
2019-09-16,10.9,"MILL"
2019-09-16,5.9,"MILL"
2019-09-16,5.9,"MILL"
2019-09-16,7.4,"MILL"
2019-09-16,6.6,"MILL"
2019-09-16,2.7,"MILL"
2019-09-16,6.5,"MILL"
2019-09-17,8.1,"MILL"
2019-09-17,10.9,"MILL"
2019-09-17,7.7,"MILL"
2019-09-17,11.4,"MILL"
2019-09-17,8.1,"MILL"
2019-09-17,7.7,"MILL"
2019-09-17,12,"MILL"
2019-09-17,8.1,"MILL"
2019-09-17,8.4,"MILL"
2019-09-17,23.6,"MILL"
2019-09-17,7.6,"MILL"
2019-09-17,8.7,"MILL"
2019-09-17,7.1,"MILL"
2019-09-17,10.8,"MILL"
2019-09-17,11.1,"MILL"
2019-09-23,7.7,"MILL"
2019-09-23,4.8,"MILL"
2019-09-23,12.1,"MILL"
2019-09-23,6.9,"MILL"
2019-09-23,8.3,"MILL"
2019-09-23,8.2,"MILL"
2019-09-23,6.3,"MILL"
2019-09-23,7,"MILL"
2019-09-23,29,"MILL"
2019-09-23,7,"MILL"
2019-09-23,6.9,"MILL"
2019-09-23,9,"MILL"
2019-09-23,9.1,"MILL"
2019-09-23,14.9,"MILL"
2019-09-23,23.8,"MILL"
2019-09-24,6.2,"MILL"
2019-09-24,7,"MILL"
2019-09-24,7.6,"MILL"
2019-09-24,6.6,"MILL"
2019-09-24,4.9,"MILL"
2019-09-24,8.7,"MILL"
2019-09-24,5.4,"MILL"
2019-09-24,4.7,"MILL"
2019-09-24,4.1,"MILL"
2019-09-24,4.2,"MILL"
2019-09-24,6,"MILL"
2019-09-24,3.4,"MILL"
2019-09-24,16.4,"MILL"
2019-09-24,21.7,"MILL"
2019-09-24,11.3,"MILL"
2019-09-26,11.4,"MILL"
2019-09-26,7,"MILL"
2019-09-26,24.4,"MILL"
2019-09-26,32.7,"MILL"
2019-09-26,9.6,"MILL"
2019-09-26,8.6,"MILL"
2019-09-26,7.3,"MILL"
2019-09-26,17.8,"MILL"
2019-09-26,10.9,"MILL"
2019-09-26,34,"MILL"
2019-09-26,21.2,"MILL"
2019-09-26,21.2,"MILL"
2019-09-26,9.9,"MILL"
2019-09-26,9,"MILL"
2019-09-26,15,"MILL"
2019-09-30,10.4,"MILL"
2019-09-30,6.8,"MILL"
2019-09-30,16.1,"MILL"
2019-09-30,12,"MILL"
2019-09-30,10.3,"MILL"
2019-09-30,9.8,"MILL"
2019-09-30,25.9,"MILL"
2019-09-30,9.8,"MILL"
2019-09-30,9.1,"MILL"
2019-09-30,12.2,"MILL"
2019-09-30,8.5,"MILL"
2019-09-30,8.7,"MILL"
2019-09-30,4.9,"MILL"
2019-09-30,9.4,"MILL"
2019-09-30,18.6,"MILL"
2019-09-30,6.6,"MILL"
2019-09-30,13.8,"MILL"
2019-09-30,7.2,"MILL"
2019-09-30,7.8,"MILL"
2019-09-30,12.2,"MILL"
2019-09-30,4.3,"MILL"
2019-09-30,9.6,"MILL"
2019-09-30,14.6,"MILL"
2019-09-30,9.4,"MILL"
2019-09-30,30,"MILL"
2019-09-30,9.3,"MILL"
2019-09-30,10.9,"MILL"
2019-09-30,24.5,"MILL"
2019-09-30,17.7,"MILL"
2019-09-30,7.5,"MILL"
2019-10-01,6.2,"MILL"
2019-10-01,12,"MILL"
2019-10-01,5.7,"MILL"
2019-10-01,8.8,"MILL"
2019-10-01,8.8,"MILL"
2019-10-01,8.2,"MILL"
2019-10-01,25.1,"MILL"
2019-10-01,15.4,"MILL"
2019-10-01,7.2,"MILL"
2019-10-01,9.5,"MILL"
2019-10-01,9.2,"MILL"
2019-10-01,8.1,"MILL"
2019-10-01,10.8,"MILL"
2019-10-01,8.9,"MILL"
2019-10-01,9,"MILL"
2019-10-01,10.9,"MILL"
2019-10-01,8.8,"MILL"
2019-10-01,10.3,"MILL"
2019-10-01,8.4,"MILL"
2019-10-01,9.2,"MILL"
2019-10-01,9.3,"MILL"
2019-10-01,9.5,"MILL"
2019-10-01,10.6,"MILL"
2019-10-01,9.2,"MILL"
2019-10-01,11.2,"MILL"
2019-10-01,8.1,"MILL"
2019-10-01,11.3,"MILL"
2019-10-01,9.1,"MILL"
2019-10-01,8.4,"MILL"
2019-10-01,12.8,"MILL"
2019-10-03,11.2,"MILL"
2019-10-03,10.9,"MILL"
2019-10-03,9,"MILL"
2019-10-03,5,"MILL"
2019-10-03,15.8,"MILL"
2019-10-03,7.4,"MILL"
2019-10-03,7.8,"MILL"
2019-10-03,9.7,"MILL"
2019-10-03,10.4,"MILL"
2019-10-03,12,"MILL"
2019-10-03,7.4,"MILL"
2019-10-03,10.4,"MILL"
2019-10-03,9.3,"MILL"
2019-10-03,17.2,"MILL"
2019-10-03,5.7,"MILL"
2019-10-03,5.8,"MILL"
2019-10-03,10.9,"MILL"
2019-09-16,0.77,"HOPB"
2019-09-16,0.83,"HOPB"
2019-09-16,0.78,"HOPB"
2019-09-16,0.78,"HOPB"
2019-09-16,0.85,"HOPB"
2019-09-16,0.8,"HOPB"
2019-09-16,0.79,"HOPB"
2019-09-16,0.82,"HOPB"
2019-09-16,0.82,"HOPB"
2019-09-16,0.82,"HOPB"
2019-09-16,0.8,"HOPB"
2019-09-16,0.83,"HOPB"
2019-09-16,0.8,"HOPB"
2019-09-16,0.81,"HOPB"
2019-09-16,0.81,"HOPB"
2019-09-16,0.84,"HOPB"
2019-09-16,0.82,"HOPB"
2019-09-16,0.81,"HOPB"
2019-09-16,0.81,"HOPB"
2019-09-16,0.78,"HOPB"
2019-09-16,0.82,"HOPB"
2019-09-16,0.8,"HOPB"
2019-09-16,0.83,"HOPB"
2019-09-16,0.81,"HOPB"
2019-09-16,0.8,"HOPB"
2019-09-16,0.82,"HOPB"
2019-09-16,0.8,"HOPB"
2019-09-16,0.82,"HOPB"
2019-09-16,0.82,"HOPB"
2019-09-16,0.81,"HOPB"
2019-09-16,0.8,"HOPB"
2019-09-16,0.78,"HOPB"
2019-09-16,0.82,"HOPB"
2019-09-16,0.82,"HOPB"
2019-09-16,0.86,"HOPB"
2019-09-16,0.8,"HOPB"
2019-09-16,0.87,"HOPB"
2019-09-16,0.79,"HOPB"
2019-09-16,0.78,"HOPB"
2019-09-16,0.79,"HOPB"
2019-09-16,0.86,"HOPB"
2019-09-16,0.8,"HOPB"
2019-09-16,0.76,"HOPB"
2019-09-16,0.76,"HOPB"
2019-09-16,0.82,"HOPB"
2019-09-16,0.79,"HOPB"
2019-09-16,0.87,"HOPB"
2019-09-16,0.85,"HOPB"
2019-09-16,0.85,"HOPB"
2019-09-16,0.8,"HOPB"
2019-09-16,0.81,"HOPB"
2019-09-16,0.81,"HOPB"
2019-09-16,0.81,"HOPB"
2019-09-16,0.81,"HOPB"
2019-09-16,0.77,"HOPB"
2019-09-16,0.79,"HOPB"
2019-09-16,0.77,"HOPB"
2019-09-16,0.8,"HOPB"
2019-09-16,0.8,"HOPB"
2019-09-16,0.86,"HOPB"
2019-09-16,0.81,"HOPB"
2019-09-16,0.78,"HOPB"
2019-09-17,0.86,"HOPB"
2019-09-17,0.9,"HOPB"
2019-09-17,0.87,"HOPB"
2019-09-17,0.87,"HOPB"
2019-09-17,0.9,"HOPB"
2019-09-17,0.9,"HOPB"
2019-09-17,0.85,"HOPB"
2019-09-17,0.84,"HOPB"
2019-09-17,0.86,"HOPB"
2019-09-17,0.88,"HOPB"
2019-09-17,0.89,"HOPB"
2019-09-17,0.85,"HOPB"
2019-09-17,0.84,"HOPB"
2019-09-17,0.83,"HOPB"
2019-09-17,0.87,"HOPB"
2019-09-17,0.87,"HOPB"
2019-09-17,0.86,"HOPB"
2019-09-17,0.9,"HOPB"
2019-09-17,0.9,"HOPB"
2019-09-17,0.89,"HOPB"
2019-09-17,0.86,"HOPB"
2019-09-17,0.89,"HOPB"
2019-09-17,0.89,"HOPB"
2019-09-17,0.89,"HOPB"
2019-09-17,0.87,"HOPB"
2019-09-17,0.85,"HOPB"
2019-09-17,0.86,"HOPB"
2019-09-17,0.9,"HOPB"
2019-09-17,0.9,"HOPB"
2019-09-17,0.91,"HOPB"
2019-09-17,0.84,"HOPB"
2019-09-17,0.86,"HOPB"
2019-09-17,0.86,"HOPB"
2019-09-17,0.86,"HOPB"
2019-09-17,0.84,"HOPB"
2019-09-17,0.88,"HOPB"
2019-09-17,0.91,"HOPB"
2019-09-17,0.86,"HOPB"
2019-09-17,0.86,"HOPB"
2019-09-17,0.88,"HOPB"
2019-09-17,0.87,"HOPB"
2019-09-17,0.83,"HOPB"
2019-09-17,0.89,"HOPB"
2019-09-17,0.89,"HOPB"
2019-09-17,0.83,"HOPB"
2019-09-17,0.87,"HOPB"
2019-09-17,0.88,"HOPB"
2019-09-17,0.88,"HOPB"
2019-09-17,0.88,"HOPB"
2019-09-17,0.86,"HOPB"
2019-09-17,0.9,"HOPB"
2019-09-17,0.84,"HOPB"
2019-09-17,1.32,"HOPB"
2019-09-17,1.32,"HOPB"
2019-09-17,0.87,"HOPB"
2019-09-17,0.87,"HOPB"
2019-09-17,0.91,"HOPB"
2019-09-17,0.88,"HOPB"
2019-09-17,0.88,"HOPB"
2019-09-17,0.88,"HOPB"
2019-09-17,0.86,"HOPB"
2019-09-17,0.86,"HOPB"
2019-09-23,3.96,"HOPB"
2019-09-23,3.85,"HOPB"
2019-09-23,3.87,"HOPB"
2019-09-23,3.87,"HOPB"
2019-09-23,4.04,"HOPB"
2019-09-23,3.95,"HOPB"
2019-09-23,3.84,"HOPB"
2019-09-23,3.93,"HOPB"
2019-09-23,3.93,"HOPB"
2019-09-23,3.84,"HOPB"
2019-09-23,3.87,"HOPB"
2019-09-23,3.89,"HOPB"
2019-09-23,3.98,"HOPB"
2019-09-23,3.98,"HOPB"
2019-09-23,3.84,"HOPB"
2019-09-23,3.91,"HOPB"
2019-09-23,3.86,"HOPB"
2019-09-23,3.96,"HOPB"
2019-09-23,3.96,"HOPB"
2019-09-23,3.92,"HOPB"
2019-09-23,3.84,"HOPB"
2019-09-23,3.71,"HOPB"
2019-09-23,3.89,"HOPB"
2019-09-23,3.89,"HOPB"
2019-09-23,3.83,"HOPB"
2019-09-23,3.8,"HOPB"
2019-09-23,3.87,"HOPB"
2019-09-23,3.86,"HOPB"
2019-09-23,3.86,"HOPB"
2019-09-23,3.84,"HOPB"
2019-09-23,3.88,"HOPB"
2019-09-23,3.82,"HOPB"
2019-09-23,3.79,"HOPB"
2019-09-23,3.79,"HOPB"
2019-09-23,3.79,"HOPB"
2019-09-23,3.82,"HOPB"
2019-09-23,3.88,"HOPB"
2019-09-23,3.82,"HOPB"
2019-09-23,3.82,"HOPB"
2019-09-23,3.88,"HOPB"
2019-09-23,3.85,"HOPB"
2019-09-23,3.77,"HOPB"
2019-09-23,3.86,"HOPB"
2019-09-23,3.84,"HOPB"
2019-09-23,3.84,"HOPB"
2019-09-23,3.82,"HOPB"
2019-09-23,3.91,"HOPB"
2019-09-23,3.83,"HOPB"
2019-09-23,3.84,"HOPB"
2019-09-23,3.98,"HOPB"
2019-09-23,3.99,"HOPB"
2019-09-23,3.82,"HOPB"
2019-09-23,3.86,"HOPB"
2019-09-23,3.86,"HOPB"
2019-09-23,3.85,"HOPB"
2019-09-23,3.9,"HOPB"
2019-09-23,3.87,"HOPB"
2019-09-23,3.93,"HOPB"
2019-09-23,3.93,"HOPB"
2019-09-23,3.87,"HOPB"
2019-09-23,3.89,"HOPB"
2019-09-24,0.75,"HOPB"
2019-09-24,0.73,"HOPB"
2019-09-24,0.76,"HOPB"
2019-09-24,0.76,"HOPB"
2019-09-24,0.76,"HOPB"
2019-09-24,0.77,"HOPB"
2019-09-24,0.75,"HOPB"
2019-09-24,0.76,"HOPB"
2019-09-24,0.76,"HOPB"
2019-09-24,0.8,"HOPB"
2019-09-24,0.83,"HOPB"
2019-09-24,0.81,"HOPB"
2019-09-24,0.72,"HOPB"
2019-09-24,0.72,"HOPB"
2019-09-24,0.82,"HOPB"
2019-09-24,0.73,"HOPB"
2019-09-24,0.79,"HOPB"
2019-09-24,0.77,"HOPB"
2019-09-24,0.77,"HOPB"
2019-09-24,0.78,"HOPB"
2019-09-24,0.75,"HOPB"
2019-09-24,0.75,"HOPB"
2019-09-24,0.79,"HOPB"
2019-09-24,0.79,"HOPB"
2019-09-24,0.75,"HOPB"
2019-09-24,0.76,"HOPB"
2019-09-24,0.75,"HOPB"
2019-09-24,0.81,"HOPB"
2019-09-24,0.81,"HOPB"
2019-09-24,0.88,"HOPB"
2019-09-24,0.74,"HOPB"
2019-09-24,0.74,"HOPB"
2019-09-24,0.77,"HOPB"
2019-09-24,0.77,"HOPB"
2019-09-24,0.71,"HOPB"
2019-09-24,0.71,"HOPB"
2019-09-24,0.79,"HOPB"
2019-09-24,0.74,"HOPB"
2019-09-24,0.74,"HOPB"
2019-09-24,0.76,"HOPB"
2019-09-24,0.74,"HOPB"
2019-09-24,0.8,"HOPB"
2019-09-24,0.75,"HOPB"
2019-09-24,0.75,"HOPB"
2019-09-24,0.74,"HOPB"
2019-09-24,0.75,"HOPB"
2019-09-24,0.73,"HOPB"
2019-09-24,0.81,"HOPB"
2019-09-24,0.81,"HOPB"
2019-09-24,0.74,"HOPB"
2019-09-24,0.78,"HOPB"
2019-09-24,0.72,"HOPB"
2019-09-24,0.76,"HOPB"
2019-09-24,0.76,"HOPB"
2019-09-24,0.78,"HOPB"
2019-09-24,0.79,"HOPB"
2019-09-24,0.76,"HOPB"
2019-09-24,0.76,"HOPB"
2019-09-24,0.76,"HOPB"
2019-09-24,0.75,"HOPB"
2019-09-24,0.89,"HOPB"
2019-09-30,0.3,"HOPB"
2019-09-30,0.38,"HOPB"
2019-09-30,0.38,"HOPB"
2019-09-30,0.35,"HOPB"
2019-09-30,0.33,"HOPB"
2019-09-30,0.42,"HOPB"
2019-09-30,0.34,"HOPB"
2019-09-30,0.34,"HOPB"
2019-09-30,0.35,"HOPB"
2019-09-30,0.33,"HOPB"
2019-09-30,0.32,"HOPB"
2019-09-30,0.35,"HOPB"
2019-09-30,0.35,"HOPB"
2019-09-30,0.35,"HOPB"
2019-09-30,0.4,"HOPB"
2019-09-30,0.31,"HOPB"
2019-09-30,0.35,"HOPB"
2019-09-30,0.35,"HOPB"
2019-09-30,0.3,"HOPB"
2019-09-30,0.31,"HOPB"
2019-09-30,0.36,"HOPB"
2019-09-30,0.33,"HOPB"
2019-09-30,0.32,"HOPB"
2019-09-30,0.35,"HOPB"
2019-09-30,0.33,"HOPB"
2019-09-30,0.31,"HOPB"
2019-09-30,0.33,"HOPB"
2019-09-30,0.33,"HOPB"
2019-09-30,0.32,"HOPB"
2019-09-30,0.32,"HOPB"
2019-09-30,0.31,"HOPB"
2019-09-30,0.33,"HOPB"
2019-09-30,0.33,"HOPB"
2019-09-30,0.32,"HOPB"
2019-09-30,0.38,"HOPB"
2019-09-30,0.35,"HOPB"
2019-09-30,0.48,"HOPB"
2019-09-30,0.48,"HOPB"
2019-09-30,0.32,"HOPB"
2019-09-30,0.32,"HOPB"
2019-09-30,0.33,"HOPB"
2019-09-30,0.35,"HOPB"
2019-09-30,0.35,"HOPB"
2019-09-30,0.33,"HOPB"
2019-09-30,0.36,"HOPB"
2019-09-30,0.34,"HOPB"
2019-09-30,0.29,"HOPB"
2019-09-30,0.29,"HOPB"
2019-09-30,0.34,"HOPB"
2019-09-30,0.33,"HOPB"
2019-09-30,0.33,"HOPB"
2019-09-30,0.31,"HOPB"
2019-09-30,0.33,"HOPB"
2019-09-30,0.33,"HOPB"
2019-09-30,0.35,"HOPB"
2019-09-30,0.31,"HOPB"
2019-09-30,0.33,"HOPB"
2019-09-30,0.33,"HOPB"
2019-09-30,0.35,"HOPB"
2019-09-30,0.36,"HOPB"
2019-09-30,0.33,"HOPB"
2019-09-30,0.29,"HOPB"
2019-09-16,1.02,"HOPB"
2019-09-16,2.76,"HOPB"
2019-09-16,1.08,"HOPB"
2019-09-16,1.08,"HOPB"
2019-09-16,1.03,"HOPB"
2019-09-16,1.08,"HOPB"
2019-09-16,2.74,"HOPB"
2019-09-16,0.98,"HOPB"
2019-09-16,0.98,"HOPB"
2019-09-16,1.02,"HOPB"
2019-09-16,1.01,"HOPB"
2019-09-16,2.77,"HOPB"
2019-09-16,1.01,"HOPB"
2019-09-16,1.01,"HOPB"
2019-09-16,1.04,"HOPB"
2019-09-16,1.12,"HOPB"
2019-09-16,2.73,"HOPB"
2019-09-16,1.01,"HOPB"
2019-09-16,1.01,"HOPB"
2019-09-16,1.03,"HOPB"
2019-09-16,1.01,"HOPB"
2019-09-16,2.73,"HOPB"
2019-09-16,1.19,"HOPB"
2019-09-16,1,"HOPB"
2019-09-16,0.99,"HOPB"
2019-09-16,1.04,"HOPB"
2019-09-16,2.77,"HOPB"
2019-09-16,1,"HOPB"
2019-09-16,1,"HOPB"
2019-09-16,1.06,"HOPB"
2019-09-16,1.03,"HOPB"
2019-09-16,2.8,"HOPB"
2019-09-16,1.06,"HOPB"
2019-09-16,1.06,"HOPB"
2019-09-16,1.01,"HOPB"
2019-09-16,1.03,"HOPB"
2019-09-16,2.77,"HOPB"
2019-09-16,0.99,"HOPB"
2019-09-16,1.01,"HOPB"
2019-09-16,1.05,"HOPB"
2019-09-16,0.97,"HOPB"
2019-09-16,2.75,"HOPB"
2019-09-16,1.05,"HOPB"
2019-09-16,1.05,"HOPB"
2019-09-16,1.01,"HOPB"
2019-09-16,1.01,"HOPB"
2019-09-16,2.76,"HOPB"
2019-09-16,1.04,"HOPB"
2019-09-16,1.05,"HOPB"
2019-09-16,1.05,"HOPB"
2019-09-16,1.05,"HOPB"
2019-09-16,2.79,"HOPB"
2019-09-16,0.98,"HOPB"
2019-09-16,1.04,"HOPB"
2019-09-16,1.02,"HOPB"
2019-09-16,0.99,"HOPB"
2019-09-16,2.66,"HOPB"
2019-09-16,1.1,"HOPB"
2019-09-16,1.1,"HOPB"
2019-09-16,1.01,"HOPB"
2019-09-16,1,"HOPB"
2019-09-17,0.97,"HOPB"
2019-09-17,2.59,"HOPB"
2019-09-17,0.97,"HOPB"
2019-09-17,0.97,"HOPB"
2019-09-17,0.96,"HOPB"
2019-09-17,0.98,"HOPB"
2019-09-17,2.61,"HOPB"
2019-09-17,1,"HOPB"
2019-09-17,1,"HOPB"
2019-09-17,0.98,"HOPB"
2019-09-17,1,"HOPB"
2019-09-17,2.67,"HOPB"
2019-09-17,0.93,"HOPB"
2019-09-17,0.93,"HOPB"
2019-09-17,0.93,"HOPB"
2019-09-17,0.95,"HOPB"
2019-09-17,2.63,"HOPB"
2019-09-17,0.98,"HOPB"
2019-09-17,0.98,"HOPB"
2019-09-17,0.94,"HOPB"
2019-09-17,0.99,"HOPB"
2019-09-17,2.73,"HOPB"
2019-09-17,0.97,"HOPB"
2019-09-17,0.97,"HOPB"
2019-09-17,0.96,"HOPB"
2019-09-17,0.96,"HOPB"
2019-09-17,2.75,"HOPB"
2019-09-17,0.99,"HOPB"
2019-09-17,0.99,"HOPB"
2019-09-17,0.95,"HOPB"
2019-09-17,0.97,"HOPB"
2019-09-17,2.58,"HOPB"
2019-09-17,0.96,"HOPB"
2019-09-17,0.96,"HOPB"
2019-09-17,0.93,"HOPB"
2019-09-17,0.95,"HOPB"
2019-09-17,2.62,"HOPB"
2019-09-17,0.97,"HOPB"
2019-09-17,0.97,"HOPB"
2019-09-17,0.97,"HOPB"
2019-09-17,0.95,"HOPB"
2019-09-17,2.68,"HOPB"
2019-09-17,0.96,"HOPB"
2019-09-17,0.96,"HOPB"
2019-09-17,0.95,"HOPB"
2019-09-17,0.96,"HOPB"
2019-09-17,2.64,"HOPB"
2019-09-17,1,"HOPB"
2019-09-17,0.96,"HOPB"
2019-09-17,2.62,"HOPB"
2019-09-17,0.94,"HOPB"
2019-09-17,0.94,"HOPB"
2019-09-17,0.99,"HOPB"
2019-09-17,0.98,"HOPB"
2019-09-17,2.69,"HOPB"
2019-09-17,0.99,"HOPB"
2019-09-17,0.99,"HOPB"
2019-09-17,0.95,"HOPB"
2019-09-17,1,"HOPB"
2019-09-23,0.85,"HOPB"
2019-09-23,2.53,"HOPB"
2019-09-23,0.83,"HOPB"
2019-09-23,0.83,"HOPB"
2019-09-23,0.85,"HOPB"
2019-09-23,0.86,"HOPB"
2019-09-23,2.44,"HOPB"
2019-09-23,0.81,"HOPB"
2019-09-23,0.81,"HOPB"
2019-09-23,0.88,"HOPB"
2019-09-23,0.85,"HOPB"
2019-09-23,2.56,"HOPB"
2019-09-23,0.86,"HOPB"
2019-09-23,0.86,"HOPB"
2019-09-23,0.85,"HOPB"
2019-09-23,0.88,"HOPB"
2019-09-23,2.48,"HOPB"
2019-09-23,0.85,"HOPB"
2019-09-23,0.88,"HOPB"
2019-09-23,0.86,"HOPB"
2019-09-23,0.86,"HOPB"
2019-09-23,2.52,"HOPB"
2019-09-23,0.92,"HOPB"
2019-09-23,0.93,"HOPB"
2019-09-23,0.84,"HOPB"
2019-09-23,0.82,"HOPB"
2019-09-23,2.53,"HOPB"
2019-09-23,0.89,"HOPB"
2019-09-23,0.89,"HOPB"
2019-09-23,0.84,"HOPB"
2019-09-23,0.85,"HOPB"
2019-09-23,2.54,"HOPB"
2019-09-23,0.85,"HOPB"
2019-09-23,0.85,"HOPB"
2019-09-23,0.87,"HOPB"
2019-09-23,0.84,"HOPB"
2019-09-23,2.52,"HOPB"
2019-09-23,0.86,"HOPB"
2019-09-23,0.86,"HOPB"
2019-09-23,0.84,"HOPB"
2019-09-23,0.85,"HOPB"
2019-09-23,2.53,"HOPB"
2019-09-23,0.86,"HOPB"
2019-09-23,0.86,"HOPB"
2019-09-23,0.83,"HOPB"
2019-09-23,0.82,"HOPB"
2019-09-23,2.75,"HOPB"
2019-09-23,0.94,"HOPB"
2019-09-23,0.93,"HOPB"
2019-09-23,0.83,"HOPB"
2019-09-23,0.84,"HOPB"
2019-09-23,2.47,"HOPB"
2019-09-23,0.82,"HOPB"
2019-09-23,0.82,"HOPB"
2019-09-23,0.79,"HOPB"
2019-09-23,0.83,"HOPB"
2019-09-23,2.42,"HOPB"
2019-09-23,0.84,"HOPB"
2019-09-23,0.85,"HOPB"
2019-09-23,0.82,"HOPB"
2019-09-23,0.86,"HOPB"
2019-09-24,1.18,"HOPB"
2019-09-24,2.84,"HOPB"
2019-09-24,1.21,"HOPB"
2019-09-24,1.18,"HOPB"
2019-09-24,1.21,"HOPB"
2019-09-24,1.18,"HOPB"
2019-09-24,2.82,"HOPB"
2019-09-24,1.18,"HOPB"
2019-09-24,1.18,"HOPB"
2019-09-24,1.16,"HOPB"
2019-09-24,1.13,"HOPB"
2019-09-24,2.73,"HOPB"
2019-09-24,1.14,"HOPB"
2019-09-24,1.17,"HOPB"
2019-09-24,1.16,"HOPB"
2019-09-24,1.16,"HOPB"
2019-09-24,2.8,"HOPB"
2019-09-24,1.15,"HOPB"
2019-09-24,1.21,"HOPB"
2019-09-24,1.18,"HOPB"
2019-09-24,1.18,"HOPB"
2019-09-24,2.81,"HOPB"
2019-09-24,1.18,"HOPB"
2019-09-24,1.17,"HOPB"
2019-09-24,1.16,"HOPB"
2019-09-24,1.14,"HOPB"
2019-09-24,2.81,"HOPB"
2019-09-24,1.16,"HOPB"
2019-09-24,1.17,"HOPB"
2019-09-24,1.19,"HOPB"
2019-09-24,1.25,"HOPB"
2019-09-24,2.76,"HOPB"
2019-09-24,1.12,"HOPB"
2019-09-24,1.12,"HOPB"
2019-09-24,1.15,"HOPB"
2019-09-24,1.16,"HOPB"
2019-09-24,2.73,"HOPB"
2019-09-24,1.18,"HOPB"
2019-09-24,1.18,"HOPB"
2019-09-24,1.16,"HOPB"
2019-09-24,1.13,"HOPB"
2019-09-24,2.74,"HOPB"
2019-09-24,1.14,"HOPB"
2019-09-24,1.14,"HOPB"
2019-09-24,1.2,"HOPB"
2019-09-24,1.2,"HOPB"
2019-09-24,2.76,"HOPB"
2019-09-24,1.11,"HOPB"
2019-09-24,1.11,"HOPB"
2019-09-24,1.11,"HOPB"
2019-09-24,1.18,"HOPB"
2019-09-24,2.71,"HOPB"
2019-09-24,1.17,"HOPB"
2019-09-24,1.17,"HOPB"
2019-09-24,1.11,"HOPB"
2019-09-24,1.14,"HOPB"
2019-09-24,2.73,"HOPB"
2019-09-24,1.17,"HOPB"
2019-09-24,1.17,"HOPB"
2019-09-24,1.11,"HOPB"
2019-09-24,1.18,"HOPB"
2019-09-30,0.75,"HOPB"
2019-09-30,0.75,"HOPB"
2019-09-30,0.76,"HOPB"
2019-09-30,0.8,"HOPB"
2019-09-30,2.27,"HOPB"
2019-09-30,0.76,"HOPB"
2019-09-30,0.76,"HOPB"
2019-09-30,0.83,"HOPB"
2019-09-30,0.79,"HOPB"
2019-09-30,2.31,"HOPB"
2019-09-30,0.77,"HOPB"
2019-09-30,0.77,"HOPB"
2019-09-30,0.8,"HOPB"
2019-09-30,0.77,"HOPB"
2019-09-30,2.3,"HOPB"
2019-09-30,0.78,"HOPB"
2019-09-30,0.78,"HOPB"
2019-09-30,0.78,"HOPB"
2019-09-30,0.77,"HOPB"
2019-09-30,2.33,"HOPB"
2019-09-30,0.77,"HOPB"
2019-09-30,0.77,"HOPB"
2019-09-30,0.81,"HOPB"
2019-09-30,0.89,"HOPB"
2019-09-30,2.33,"HOPB"
2019-09-30,0.75,"HOPB"
2019-09-30,0.76,"HOPB"
2019-09-30,0.75,"HOPB"
2019-09-30,0.74,"HOPB"
2019-09-30,2.3,"HOPB"
2019-09-30,0.77,"HOPB"
2019-09-30,0.77,"HOPB"
2019-09-30,0.76,"HOPB"
2019-09-30,0.75,"HOPB"
2019-09-30,2.31,"HOPB"
2019-09-30,0.76,"HOPB"
2019-09-30,0.74,"HOPB"
2019-09-30,0.75,"HOPB"
2019-09-30,0.75,"HOPB"
2019-09-30,2.38,"HOPB"
2019-09-30,0.79,"HOPB"
2019-09-30,0.79,"HOPB"
2019-09-30,0.75,"HOPB"
2019-09-30,0.74,"HOPB"
2019-09-30,2.3,"HOPB"
2019-09-30,0.75,"HOPB"
2019-09-30,0.76,"HOPB"
2019-09-30,0.74,"HOPB"
2019-09-30,0.77,"HOPB"
2019-09-30,2.29,"HOPB"
2019-09-30,0.76,"HOPB"
2019-09-30,0.76,"HOPB"
2019-09-30,0.78,"HOPB"
2019-09-30,0.78,"HOPB"
2019-09-30,2.28,"HOPB"
2019-09-30,0.76,"HOPB"
2019-09-30,0.76,"HOPB"
2019-09-30,0.78,"HOPB"
2019-09-30,0.76,"HOPB"
2019-09-30,2.27,"HOPB"
2019-09-30,0.75,"HOPB"
2019-09-16,0.7,"HOPB"
2019-09-16,0.67,"HOPB"
2019-09-16,0.66,"HOPB"
2019-09-16,0.71,"HOPB"
2019-09-16,1.94,"HOPB"
2019-09-16,0.68,"HOPB"
2019-09-16,0.65,"HOPB"
2019-09-16,0.7,"HOPB"
2019-09-16,0.67,"HOPB"
2019-09-16,1.93,"HOPB"
2019-09-16,0.64,"HOPB"
2019-09-16,0.68,"HOPB"
2019-09-16,0.68,"HOPB"
2019-09-16,0.69,"HOPB"
2019-09-16,2.05,"HOPB"
2019-09-16,0.72,"HOPB"
2019-09-16,0.7,"HOPB"
2019-09-16,0.69,"HOPB"
2019-09-16,0.73,"HOPB"
2019-09-16,2.03,"HOPB"
2019-09-16,0.67,"HOPB"
2019-09-16,0.75,"HOPB"
2019-09-16,0.69,"HOPB"
2019-09-16,0.68,"HOPB"
2019-09-16,1.91,"HOPB"
2019-09-16,0.66,"HOPB"
2019-09-16,0.7,"HOPB"
2019-09-16,0.7,"HOPB"
2019-09-16,0.67,"HOPB"
2019-09-16,2,"HOPB"
2019-09-16,0.7,"HOPB"
2019-09-16,0.68,"HOPB"
2019-09-16,0.69,"HOPB"
2019-09-16,0.68,"HOPB"
2019-09-16,1.99,"HOPB"
2019-09-16,0.71,"HOPB"
2019-09-16,0.67,"HOPB"
2019-09-16,0.68,"HOPB"
2019-09-16,0.67,"HOPB"
2019-09-16,1.92,"HOPB"
2019-09-16,0.72,"HOPB"
2019-09-16,0.7,"HOPB"
2019-09-16,0.66,"HOPB"
2019-09-16,0.74,"HOPB"
2019-09-16,1.95,"HOPB"
2019-09-16,0.68,"HOPB"
2019-09-16,0.74,"HOPB"
2019-09-16,0.64,"HOPB"
2019-09-16,0.71,"HOPB"
2019-09-16,2.01,"HOPB"
2019-09-16,0.77,"HOPB"
2019-09-16,0.7,"HOPB"
2019-09-16,1.48,"HOPB"
2019-09-16,0.87,"HOPB"
2019-09-16,2.3,"HOPB"
2019-09-16,0.71,"HOPB"
2019-09-16,0.71,"HOPB"
2019-09-16,0.87,"HOPB"
2019-09-16,0.73,"HOPB"
2019-09-16,2.12,"HOPB"
2019-09-16,0.71,"HOPB"
2019-09-17,0.7,"HOPB"
2019-09-17,0.71,"HOPB"
2019-09-17,0.65,"HOPB"
2019-09-17,0.68,"HOPB"
2019-09-17,1.9,"HOPB"
2019-09-17,0.69,"HOPB"
2019-09-17,0.7,"HOPB"
2019-09-17,0.67,"HOPB"
2019-09-17,0.64,"HOPB"
2019-09-17,1.89,"HOPB"
2019-09-17,0.63,"HOPB"
2019-09-17,0.68,"HOPB"
2019-09-17,0.64,"HOPB"
2019-09-17,0.74,"HOPB"
2019-09-17,1.8,"HOPB"
2019-09-17,0.65,"HOPB"
2019-09-17,0.67,"HOPB"
2019-09-17,0.64,"HOPB"
2019-09-17,0.64,"HOPB"
2019-09-17,1.84,"HOPB"
2019-09-17,0.64,"HOPB"
2019-09-17,0.65,"HOPB"
2019-09-17,0.66,"HOPB"
2019-09-17,0.66,"HOPB"
2019-09-17,1.97,"HOPB"
2019-09-17,0.68,"HOPB"
2019-09-17,0.63,"HOPB"
2019-09-17,0.67,"HOPB"
2019-09-17,0.66,"HOPB"
2019-09-17,1.84,"HOPB"
2019-09-17,0.64,"HOPB"
2019-09-17,0.7,"HOPB"
2019-09-17,0.69,"HOPB"
2019-09-17,0.66,"HOPB"
2019-09-17,1.8,"HOPB"
2019-09-17,0.71,"HOPB"
2019-09-17,0.64,"HOPB"
2019-09-17,0.65,"HOPB"
2019-09-17,0.7,"HOPB"
2019-09-17,1.83,"HOPB"
2019-09-17,0.69,"HOPB"
2019-09-17,0.66,"HOPB"
2019-09-17,0.66,"HOPB"
2019-09-17,0.66,"HOPB"
2019-09-17,1.9,"HOPB"
2019-09-17,0.67,"HOPB"
2019-09-17,0.64,"HOPB"
2019-09-17,0.65,"HOPB"
2019-09-17,0.75,"HOPB"
2019-09-17,1.99,"HOPB"
2019-09-17,0.74,"HOPB"
2019-09-17,0.61,"HOPB"
2019-09-17,0.62,"HOPB"
2019-09-17,0.67,"HOPB"
2019-09-17,2,"HOPB"
2019-09-17,0.62,"HOPB"
2019-09-17,0.66,"HOPB"
2019-09-17,0.62,"HOPB"
2019-09-17,0.63,"HOPB"
2019-09-17,1.88,"HOPB"
2019-09-17,0.65,"HOPB"
2019-09-23,0.55,"HOPB"
2019-09-23,0.58,"HOPB"
2019-09-23,0.58,"HOPB"
2019-09-23,0.57,"HOPB"
2019-09-23,1.8,"HOPB"
2019-09-23,0.62,"HOPB"
2019-09-23,0.55,"HOPB"
2019-09-23,0.58,"HOPB"
2019-09-23,0.56,"HOPB"
2019-09-23,1.82,"HOPB"
2019-09-23,0.56,"HOPB"
2019-09-23,0.58,"HOPB"
2019-09-23,0.54,"HOPB"
2019-09-23,0.56,"HOPB"
2019-09-23,1.78,"HOPB"
2019-09-23,0.56,"HOPB"
2019-09-23,0.62,"HOPB"
2019-09-23,0.57,"HOPB"
2019-09-23,0.52,"HOPB"
2019-09-23,1.84,"HOPB"
2019-09-23,0.53,"HOPB"
2019-09-23,0.52,"HOPB"
2019-09-23,0.52,"HOPB"
2019-09-23,0.52,"HOPB"
2019-09-23,1.83,"HOPB"
2019-09-23,0.6,"HOPB"
2019-09-23,0.66,"HOPB"
2019-09-23,0.62,"HOPB"
2019-09-23,0.73,"HOPB"
2019-09-23,1.84,"HOPB"
2019-09-23,0.54,"HOPB"
2019-09-23,0.58,"HOPB"
2019-09-23,0.56,"HOPB"
2019-09-23,0.55,"HOPB"
2019-09-23,2.07,"HOPB"
2019-09-23,0.63,"HOPB"
2019-09-23,0.53,"HOPB"
2019-09-23,0.55,"HOPB"
2019-09-23,0.52,"HOPB"
2019-09-23,1.79,"HOPB"
2019-09-23,0.6,"HOPB"
2019-09-23,0.56,"HOPB"
2019-09-23,0.52,"HOPB"
2019-09-23,0.53,"HOPB"
2019-09-23,1.78,"HOPB"
2019-09-23,0.57,"HOPB"
2019-09-23,0.56,"HOPB"
2019-09-23,0.53,"HOPB"
2019-09-23,0.61,"HOPB"
2019-09-23,1.86,"HOPB"
2019-09-23,0.56,"HOPB"
2019-09-23,0.54,"HOPB"
2019-09-23,0.54,"HOPB"
2019-09-23,0.57,"HOPB"
2019-09-23,1.82,"HOPB"
2019-09-23,0.53,"HOPB"
2019-09-23,0.53,"HOPB"
2019-09-23,0.54,"HOPB"
2019-09-23,0.6,"HOPB"
2019-09-23,1.77,"HOPB"
2019-09-23,0.54,"HOPB"
2019-09-24,0.82,"HOPB"
2019-09-24,0.84,"HOPB"
2019-09-24,2.09,"HOPB"
2019-09-24,0.84,"HOPB"
2019-09-24,0.81,"HOPB"
2019-09-24,0.83,"HOPB"
2019-09-24,0.85,"HOPB"
2019-09-24,1.97,"HOPB"
2019-09-24,0.81,"HOPB"
2019-09-24,0.82,"HOPB"
2019-09-24,0.84,"HOPB"
2019-09-24,0.85,"HOPB"
2019-09-24,2.12,"HOPB"
2019-09-24,0.85,"HOPB"
2019-09-24,0.83,"HOPB"
2019-09-24,0.91,"HOPB"
2019-09-24,0.85,"HOPB"
2019-09-24,2.01,"HOPB"
2019-09-24,0.88,"HOPB"
2019-09-24,0.83,"HOPB"
2019-09-24,0.82,"HOPB"
2019-09-24,0.82,"HOPB"
2019-09-24,2.06,"HOPB"
2019-09-24,1.04,"HOPB"
2019-09-24,0.8,"HOPB"
2019-09-24,0.8,"HOPB"
2019-09-24,0.81,"HOPB"
2019-09-24,2.01,"HOPB"
2019-09-24,0.86,"HOPB"
2019-09-24,0.85,"HOPB"
2019-09-24,0.82,"HOPB"
2019-09-24,0.78,"HOPB"
2019-09-24,2,"HOPB"
2019-09-24,0.84,"HOPB"
2019-09-24,0.81,"HOPB"
2019-09-24,0.86,"HOPB"
2019-09-24,0.79,"HOPB"
2019-09-24,2.07,"HOPB"
2019-09-24,0.82,"HOPB"
2019-09-24,0.84,"HOPB"
2019-09-24,0.83,"HOPB"
2019-09-24,0.8,"HOPB"
2019-09-24,1.99,"HOPB"
2019-09-24,0.82,"HOPB"
2019-09-24,0.81,"HOPB"
2019-09-24,0.94,"HOPB"
2019-09-24,0.81,"HOPB"
2019-09-24,2.05,"HOPB"
2019-09-24,0.82,"HOPB"
2019-09-24,0.79,"HOPB"
2019-09-24,0.79,"HOPB"
2019-09-24,0.84,"HOPB"
2019-09-24,2.05,"HOPB"
2019-09-24,0.8,"HOPB"
2019-09-24,0.8,"HOPB"
2019-09-24,0.8,"HOPB"
2019-09-24,0.83,"HOPB"
2019-09-24,2.09,"HOPB"
2019-09-24,0.84,"HOPB"
2019-09-24,0.81,"HOPB"
2019-09-24,0.8,"HOPB"
2019-09-30,0.66,"HOPB"
2019-09-30,0.65,"HOPB"
2019-09-30,1.71,"HOPB"
2019-09-30,0.67,"HOPB"
2019-09-30,0.66,"HOPB"
2019-09-30,0.64,"HOPB"
2019-09-30,0.66,"HOPB"
2019-09-30,1.72,"HOPB"
2019-09-30,0.66,"HOPB"
2019-09-30,0.66,"HOPB"
2019-09-30,0.66,"HOPB"
2019-09-30,0.66,"HOPB"
2019-09-30,1.76,"HOPB"
2019-09-30,0.64,"HOPB"
2019-09-30,0.62,"HOPB"
2019-09-30,0.66,"HOPB"
2019-09-30,0.65,"HOPB"
2019-09-30,1.79,"HOPB"
2019-09-30,0.64,"HOPB"
2019-09-30,0.65,"HOPB"
2019-09-30,0.65,"HOPB"
2019-09-30,0.67,"HOPB"
2019-09-30,1.81,"HOPB"
2019-09-30,0.65,"HOPB"
2019-09-30,0.64,"HOPB"
2019-09-30,0.64,"HOPB"
2019-09-30,0.67,"HOPB"
2019-09-30,1.68,"HOPB"
2019-09-30,0.99,"HOPB"
2019-09-30,0.65,"HOPB"
2019-09-30,0.64,"HOPB"
2019-09-30,0.64,"HOPB"
2019-09-30,1.78,"HOPB"
2019-09-30,0.67,"HOPB"
2019-09-30,0.65,"HOPB"
2019-09-30,0.67,"HOPB"
2019-09-30,0.67,"HOPB"
2019-09-30,1.8,"HOPB"
2019-09-30,0.64,"HOPB"
2019-09-30,0.65,"HOPB"
2019-09-30,0.62,"HOPB"
2019-09-30,0.65,"HOPB"
2019-09-30,1.72,"HOPB"
2019-09-30,0.66,"HOPB"
2019-09-30,0.63,"HOPB"
2019-09-30,0.64,"HOPB"
2019-09-30,0.68,"HOPB"
2019-09-30,1.73,"HOPB"
2019-09-30,0.64,"HOPB"
2019-09-30,0.62,"HOPB"
2019-09-30,0.65,"HOPB"
2019-09-30,0.65,"HOPB"
2019-09-30,1.65,"HOPB"
2019-09-30,0.66,"HOPB"
2019-09-30,0.66,"HOPB"
2019-09-30,0.64,"HOPB"
2019-09-30,0.64,"HOPB"
2019-09-30,1.67,"HOPB"
2019-09-30,0.66,"HOPB"
2019-09-30,0.63,"HOPB"
2019-09-30,0.65,"HOPB"
2019-10-01,0.38,"HOPB"
2019-10-01,0.4,"HOPB"
2019-10-01,0.4,"HOPB"
2019-10-01,0.39,"HOPB"
2019-10-01,0.39,"HOPB"
2019-10-01,0.39,"HOPB"
2019-10-01,0.38,"HOPB"
2019-10-01,0.38,"HOPB"
2019-10-01,0.37,"HOPB"
2019-10-01,0.34,"HOPB"
2019-10-01,0.4,"HOPB"
2019-10-01,0.41,"HOPB"
2019-10-01,0.41,"HOPB"
2019-10-01,0.35,"HOPB"
2019-10-01,0.38,"HOPB"
2019-10-01,0.39,"HOPB"
2019-10-01,0.38,"HOPB"
2019-10-01,0.38,"HOPB"
2019-10-01,0.38,"HOPB"
2019-10-01,0.38,"HOPB"
2019-10-01,0.36,"HOPB"
2019-10-01,0.36,"HOPB"
2019-10-01,0.36,"HOPB"
2019-10-01,0.41,"HOPB"
2019-10-01,0.36,"HOPB"
2019-10-01,0.37,"HOPB"
2019-10-01,0.34,"HOPB"
2019-10-01,0.34,"HOPB"
2019-10-01,0.37,"HOPB"
2019-10-01,0.38,"HOPB"
2019-10-01,0.33,"HOPB"
2019-10-01,0.35,"HOPB"
2019-10-01,0.34,"HOPB"
2019-10-01,0.37,"HOPB"
2019-10-01,0.35,"HOPB"
2019-10-01,0.36,"HOPB"
2019-10-01,0.4,"HOPB"
2019-10-01,0.4,"HOPB"
2019-10-01,0.36,"HOPB"
2019-10-01,0.39,"HOPB"
2019-10-01,0.39,"HOPB"
2019-10-01,0.34,"HOPB"
2019-10-01,0.34,"HOPB"
2019-10-01,0.36,"HOPB"
2019-10-01,0.35,"HOPB"
2019-10-01,0.38,"HOPB"
2019-10-01,0.35,"HOPB"
2019-10-01,0.35,"HOPB"
2019-10-01,0.38,"HOPB"
2019-10-01,0.34,"HOPB"
2019-10-01,0.37,"HOPB"
2019-10-01,0.36,"HOPB"
2019-10-01,0.36,"HOPB"
2019-10-01,0.33,"HOPB"
2019-10-01,0.36,"HOPB"
2019-10-01,0.36,"HOPB"
2019-10-01,0.37,"HOPB"
2019-10-01,0.37,"HOPB"
2019-10-01,0.38,"HOPB"
2019-10-01,0.34,"HOPB"
2019-10-01,0.32,"HOPB"
2019-10-01,0.35,"HOPB"
2019-10-03,0.88,"HOPB"
2019-10-03,0.86,"HOPB"
2019-10-03,0.86,"HOPB"
2019-10-03,0.88,"HOPB"
2019-10-03,1.02,"HOPB"
2019-10-03,0.89,"HOPB"
2019-10-03,0.91,"HOPB"
2019-10-03,0.91,"HOPB"
2019-10-03,0.86,"HOPB"
2019-10-03,0.84,"HOPB"
2019-10-03,0.88,"HOPB"
2019-10-03,0.87,"HOPB"
2019-10-03,0.87,"HOPB"
2019-10-03,0.85,"HOPB"
2019-10-03,0.93,"HOPB"
2019-10-03,0.95,"HOPB"
2019-10-03,0.87,"HOPB"
2019-10-03,0.86,"HOPB"
2019-10-03,0.9,"HOPB"
2019-10-03,0.89,"HOPB"
2019-10-03,0.9,"HOPB"
2019-10-03,0.89,"HOPB"
2019-10-03,0.89,"HOPB"
2019-10-03,0.84,"HOPB"
2019-10-03,0.84,"HOPB"
2019-10-03,0.86,"HOPB"
2019-10-03,0.82,"HOPB"
2019-10-03,0.81,"HOPB"
2019-10-03,0.85,"HOPB"
2019-10-03,0.88,"HOPB"
2019-10-03,0.88,"HOPB"
2019-10-03,0.89,"HOPB"
2019-10-03,0.89,"HOPB"
2019-10-03,0.87,"HOPB"
2019-10-03,0.9,"HOPB"
2019-10-03,0.87,"HOPB"
2019-10-03,0.87,"HOPB"
2019-10-03,0.87,"HOPB"
2019-10-03,0.9,"HOPB"
2019-10-03,0.86,"HOPB"
2019-10-03,0.88,"HOPB"
2019-10-03,0.91,"HOPB"
2019-10-03,0.91,"HOPB"
2019-10-03,0.94,"HOPB"
2019-10-03,0.89,"HOPB"
2019-10-03,0.9,"HOPB"
2019-10-03,0.85,"HOPB"
2019-10-03,0.86,"HOPB"
2019-10-03,0.88,"HOPB"
2019-10-03,0.86,"HOPB"
2019-10-03,0.86,"HOPB"
2019-10-03,0.89,"HOPB"
2019-10-03,0.89,"HOPB"
2019-10-03,0.87,"HOPB"
2019-10-03,0.89,"HOPB"
2019-10-03,0.87,"HOPB"
2019-10-03,0.84,"HOPB"
2019-10-03,0.84,"HOPB"
2019-10-03,0.86,"HOPB"
2019-10-03,0.86,"HOPB"
2019-10-03,0.88,"HOPB"
2019-10-03,0.86,"HOPB"
2019-10-01,0.8,"HOPB"
2019-10-01,0.8,"HOPB"
2019-10-01,0.81,"HOPB"
2019-10-01,0.78,"HOPB"
2019-10-01,2.22,"HOPB"
2019-10-01,0.75,"HOPB"
2019-10-01,0.75,"HOPB"
2019-10-01,0.79,"HOPB"
2019-10-01,0.78,"HOPB"
2019-10-01,2.26,"HOPB"
2019-10-01,0.8,"HOPB"
2019-10-01,0.8,"HOPB"
2019-10-01,0.78,"HOPB"
2019-10-01,0.79,"HOPB"
2019-10-01,2.25,"HOPB"
2019-10-01,0.78,"HOPB"
2019-10-01,0.78,"HOPB"
2019-10-01,0.79,"HOPB"
2019-10-01,0.78,"HOPB"
2019-10-01,2.28,"HOPB"
2019-10-01,0.79,"HOPB"
2019-10-01,0.79,"HOPB"
2019-10-01,0.78,"HOPB"
2019-10-01,0.75,"HOPB"
2019-10-01,2.26,"HOPB"
2019-10-01,0.8,"HOPB"
2019-10-01,0.8,"HOPB"
2019-10-01,0.77,"HOPB"
2019-10-01,0.81,"HOPB"
2019-10-01,2.27,"HOPB"
2019-10-01,0.84,"HOPB"
2019-10-01,0.84,"HOPB"
2019-10-01,0.78,"HOPB"
2019-10-01,0.79,"HOPB"
2019-10-01,2.33,"HOPB"
2019-10-01,0.81,"HOPB"
2019-10-01,0.81,"HOPB"
2019-10-01,0.77,"HOPB"
2019-10-01,0.75,"HOPB"
2019-10-01,2.26,"HOPB"
2019-10-01,0.79,"HOPB"
2019-10-01,0.78,"HOPB"
2019-10-01,0.77,"HOPB"
2019-10-01,0.75,"HOPB"
2019-10-01,2.22,"HOPB"
2019-10-01,0.78,"HOPB"
2019-10-01,0.78,"HOPB"
2019-10-01,0.76,"HOPB"
2019-10-01,0.77,"HOPB"
2019-10-01,2.22,"HOPB"
2019-10-01,0.77,"HOPB"
2019-10-01,0.76,"HOPB"
2019-10-01,0.76,"HOPB"
2019-10-01,0.76,"HOPB"
2019-10-01,2.24,"HOPB"
2019-10-01,0.79,"HOPB"
2019-10-01,0.79,"HOPB"
2019-10-01,0.77,"HOPB"
2019-10-01,0.78,"HOPB"
2019-10-01,2.26,"HOPB"
2019-10-01,0.8,"HOPB"
2019-10-03,0.92,"HOPB"
2019-10-03,0.9,"HOPB"
2019-10-03,0.95,"HOPB"
2019-10-03,0.95,"HOPB"
2019-10-03,2.45,"HOPB"
2019-10-03,0.9,"HOPB"
2019-10-03,0.9,"HOPB"
2019-10-03,0.96,"HOPB"
2019-10-03,0.93,"HOPB"
2019-10-03,2.41,"HOPB"
2019-10-03,0.96,"HOPB"
2019-10-03,0.96,"HOPB"
2019-10-03,0.96,"HOPB"
2019-10-03,0.92,"HOPB"
2019-10-03,2.39,"HOPB"
2019-10-03,0.99,"HOPB"
2019-10-03,0.99,"HOPB"
2019-10-03,0.88,"HOPB"
2019-10-03,0.92,"HOPB"
2019-10-03,2.38,"HOPB"
2019-10-03,0.89,"HOPB"
2019-10-03,0.96,"HOPB"
2019-10-03,0.96,"HOPB"
2019-10-03,0.92,"HOPB"
2019-10-03,2.36,"HOPB"
2019-10-03,0.95,"HOPB"
2019-10-03,0.95,"HOPB"
2019-10-03,0.96,"HOPB"
2019-10-03,0.91,"HOPB"
2019-10-03,2.39,"HOPB"
2019-10-03,0.89,"HOPB"
2019-10-03,0.89,"HOPB"
2019-10-03,0.9,"HOPB"
2019-10-03,0.9,"HOPB"
2019-10-03,2.4,"HOPB"
2019-10-03,0.87,"HOPB"
2019-10-03,0.87,"HOPB"
2019-10-03,0.85,"HOPB"
2019-10-03,0.95,"HOPB"
2019-10-03,2.36,"HOPB"
2019-10-03,0.88,"HOPB"
2019-10-03,0.83,"HOPB"
2019-10-03,0.83,"HOPB"
2019-10-03,0.87,"HOPB"
2019-10-03,2.39,"HOPB"
2019-10-03,0.88,"HOPB"
2019-10-03,0.88,"HOPB"
2019-10-03,0.89,"HOPB"
2019-10-03,0.91,"HOPB"
2019-10-03,2.45,"HOPB"
2019-10-03,0.9,"HOPB"
2019-10-03,0.9,"HOPB"
2019-10-03,0.9,"HOPB"
2019-10-03,0.97,"HOPB"
2019-10-03,2.43,"HOPB"
2019-10-03,0.99,"HOPB"
2019-10-03,0.99,"HOPB"
2019-10-03,0.9,"HOPB"
2019-10-03,0.87,"HOPB"
2019-10-03,2.36,"HOPB"
2019-10-03,0.85,"HOPB"
2019-10-01,0.66,"HOPB"
2019-10-01,0.68,"HOPB"
2019-10-01,1.74,"HOPB"
2019-10-01,0.69,"HOPB"
2019-10-01,0.67,"HOPB"
2019-10-01,0.65,"HOPB"
2019-10-01,0.69,"HOPB"
2019-10-01,1.75,"HOPB"
2019-10-01,0.73,"HOPB"
2019-10-01,0.66,"HOPB"
2019-10-01,0.6,"HOPB"
2019-10-01,0.65,"HOPB"
2019-10-01,1.68,"HOPB"
2019-10-01,0.67,"HOPB"
2019-10-01,0.63,"HOPB"
2019-10-01,0.66,"HOPB"
2019-10-01,0.68,"HOPB"
2019-10-01,1.74,"HOPB"
2019-10-01,0.64,"HOPB"
2019-10-01,0.66,"HOPB"
2019-10-01,0.68,"HOPB"
2019-10-01,0.67,"HOPB"
2019-10-01,1.73,"HOPB"
2019-10-01,0.65,"HOPB"
2019-10-01,0.64,"HOPB"
2019-10-01,0.68,"HOPB"
2019-10-01,0.66,"HOPB"
2019-10-01,1.81,"HOPB"
2019-10-01,0.7,"HOPB"
2019-10-01,0.66,"HOPB"
2019-10-01,0.65,"HOPB"
2019-10-01,0.63,"HOPB"
2019-10-01,1.7,"HOPB"
2019-10-01,0.67,"HOPB"
2019-10-01,0.67,"HOPB"
2019-10-01,0.65,"HOPB"
2019-10-01,0.64,"HOPB"
2019-10-01,1.71,"HOPB"
2019-10-01,0.68,"HOPB"
2019-10-01,0.67,"HOPB"
2019-10-01,0.66,"HOPB"
2019-10-01,0.65,"HOPB"
2019-10-01,1.72,"HOPB"
2019-10-01,0.66,"HOPB"
2019-10-01,0.66,"HOPB"
2019-10-01,1.73,"HOPB"
2019-10-01,0.67,"HOPB"
2019-10-01,0.66,"HOPB"
2019-10-01,0.63,"HOPB"
2019-10-01,0.65,"HOPB"
2019-10-01,1.7,"HOPB"
2019-10-01,0.65,"HOPB"
2019-10-01,0.71,"HOPB"
2019-10-01,0.63,"HOPB"
2019-10-01,0.66,"HOPB"
2019-10-01,1.64,"HOPB"
2019-10-01,0.69,"HOPB"
2019-10-01,0.72,"HOPB"
2019-10-01,0.64,"HOPB"
2019-10-03,0.76,"HOPB"
2019-10-03,0.79,"HOPB"
2019-10-03,1.77,"HOPB"
2019-10-03,0.74,"HOPB"
2019-10-03,0.83,"HOPB"
2019-10-03,0.74,"HOPB"
2019-10-03,0.77,"HOPB"
2019-10-03,1.81,"HOPB"
2019-10-03,0.75,"HOPB"
2019-10-03,0.79,"HOPB"
2019-10-03,0.74,"HOPB"
2019-10-03,0.79,"HOPB"
2019-10-03,1.8,"HOPB"
2019-10-03,0.73,"HOPB"
2019-10-03,0.76,"HOPB"
2019-10-03,0.84,"HOPB"
2019-10-03,0.72,"HOPB"
2019-10-03,1.88,"HOPB"
2019-10-03,0.81,"HOPB"
2019-10-03,0.77,"HOPB"
2019-10-03,0.76,"HOPB"
2019-10-03,0.78,"HOPB"
2019-10-03,1.83,"HOPB"
2019-10-03,0.76,"HOPB"
2019-10-03,0.76,"HOPB"
2019-10-03,0.75,"HOPB"
2019-10-03,0.8,"HOPB"
2019-10-03,1.75,"HOPB"
2019-10-03,0.79,"HOPB"
2019-10-03,0.76,"HOPB"
2019-10-03,0.75,"HOPB"
2019-10-03,0.75,"HOPB"
2019-10-03,1.75,"HOPB"
2019-10-03,0.77,"HOPB"
2019-10-03,0.72,"HOPB"
2019-10-03,0.76,"HOPB"
2019-10-03,0.74,"HOPB"
2019-10-03,1.83,"HOPB"
2019-10-03,0.77,"HOPB"
2019-10-03,0.76,"HOPB"
2019-10-03,0.72,"HOPB"
2019-10-03,0.76,"HOPB"
2019-10-03,1.74,"HOPB"
2019-10-03,0.76,"HOPB"
2019-10-03,0.74,"HOPB"
2019-10-03,0.78,"HOPB"
2019-10-03,0.77,"HOPB"
2019-10-03,1.83,"HOPB"
2019-10-03,0.77,"HOPB"
2019-10-03,0.75,"HOPB"
2019-10-03,0.81,"HOPB"
2019-10-03,0.79,"HOPB"
2019-10-03,1.72,"HOPB"
2019-10-03,0.79,"HOPB"
2019-10-03,0.79,"HOPB"
2019-10-03,0.78,"HOPB"
2019-10-03,0.77,"HOPB"
2019-10-03,1.82,"HOPB"
2019-10-03,0.78,"HOPB"
2019-10-03,0.74,"HOPB"
2019-10-03,0.75,"HOPB"
2019-10-03,0.76,"HOPB"
