"domainID","siteID","horizontalPosition","date","mean.wTemp","median.wTemp"
"D04","CUPE","101",2018-05-18,23.1040104166667,23.048
"D04","CUPE","101",2018-05-19,23.2259166666667,23.0535
"D04","CUPE","101",2018-05-20,23.4707083333333,23.323
"D04","CUPE","101",2018-05-21,23.02775,23.038
"D04","CUPE","101",2018-05-22,22.9181180555556,22.801
"D04","CUPE","101",2018-05-23,23.3148194444444,23.0515
"D04","CUPE","101",2018-05-24,23.7204652777778,23.6465
"D04","CUPE","101",2018-05-25,23.8547673611111,23.8225
"D04","CUPE","101",2018-05-26,24.00834375,23.8835
"D04","CUPE","101",2018-05-27,23.9228159722222,23.8475
"D04","CUPE","101",2018-05-28,23.9989375,24.045
"D04","CUPE","101",2018-05-29,23.77484375,23.822
"D04","CUPE","101",2018-05-30,23.8618958333333,23.781
"D04","CUPE","101",2018-05-31,23.8573576388889,23.892
"D04","CUPE","101",2018-06-01,23.6385,23.4695
"D04","CUPE","101",2018-06-02,23.9613958333333,23.847
"D04","CUPE","101",2018-06-03,24.2780763888889,24.057
"D04","CUPE","101",2018-06-04,24.2149357429719,24.215
"D04","CUPE","101",2018-06-05,24.2997083333333,24.2385
"D04","CUPE","101",2018-06-06,24.3334548611111,24.3095
"D04","CUPE","101",2018-06-07,24.4320486111111,24.3235
"D04","CUPE","101",2018-06-08,24.3712916666667,24.411
"D04","CUPE","101",2018-06-09,24.2334409722222,24.227
"D04","CUPE","101",2018-06-10,24.2729305555556,24.2285
"D04","CUPE","101",2018-06-11,24.39146875,24.398
"D04","CUPE","101",2018-06-12,24.3353541666667,24.1885
"D04","CUPE","101",2018-06-13,24.6736701388889,24.449
"D04","CUPE","101",2018-06-14,24.6101423611111,24.6425
"D04","CUPE","101",2018-06-15,24.1885381944444,24.293
"D04","CUPE","101",2018-06-16,24.2688333333333,24.135
"D04","CUPE","101",2018-06-17,24.5906736111111,24.548
"D04","CUPE","101",2018-06-18,24.5977368421053,24.528
"D04","CUPE","101",2018-06-19,24.6723125,24.6205
"D04","CUPE","101",2018-06-20,24.8352708333333,24.759
"D04","CUPE","101",2018-06-21,24.6150034722222,24.557
"D04","CUPE","101",2018-06-22,24.3238020833333,24.3595
"D04","CUPE","101",2018-06-23,23.8417395833333,23.8295
"D04","CUPE","101",2018-06-24,23.9247986111111,23.598
"D04","CUPE","101",2018-06-25,24.2004340277778,24.162
"D04","CUPE","101",2018-06-26,24.2713229166667,24.282
"D04","CUPE","101",2018-06-27,24.2906006944444,24.3485
"D04","CUPE","101",2018-06-28,24.2741701388889,24.24
"D04","CUPE","101",2018-06-29,24.2684340277778,24.2635
"D04","CUPE","101",2018-06-30,24.4820451388889,24.445
"D04","CUPE","101",2018-07-01,24.4405208333333,24.3865
"D04","CUPE","101",2018-07-02,24.5255139442231,24.629
"D04","CUPE","101",2018-07-03,24.55934375,24.4565
"D04","CUPE","101",2018-07-04,24.5668541666667,24.5275
"D04","CUPE","101",2018-07-05,24.4867256944444,24.564
"D04","CUPE","101",2018-07-06,24.4615381944444,24.4505
"D04","CUPE","101",2018-07-07,24.4085833333333,24.3695
"D04","CUPE","101",2018-07-08,24.6140069444444,24.563
"D04","CUPE","101",2018-07-09,24.54328125,24.522
"D04","CUPE","101",2018-07-10,24.5219409722222,24.338
"D04","CUPE","101",2018-07-11,24.60564,24.477
"D04","CUPE","101",2018-07-12,24.4312847222222,24.4005
"D04","CUPE","101",2018-07-13,23.9572256944444,23.8285
"D04","CUPE","101",2018-07-14,24.25759375,24.1265
"D04","CUPE","101",2018-07-15,24.5218298611111,24.5555
"D04","CUPE","101",2018-07-16,24.3518921161826,24.455
"D04","CUPE","101",2018-07-17,24.2766666666667,24.216
"D04","CUPE","101",2018-07-18,24.2337048611111,24.355
"D04","CUPE","101",2018-07-19,24.1713819444444,24.151
"D04","CUPE","101",2018-07-20,24.3924791666667,24.2205
"D04","CUPE","101",2018-07-21,24.6099618055556,24.637
"D04","CUPE","101",2018-07-22,24.49078125,24.5745
"D04","CUPE","101",2018-07-23,24.7247743055556,24.806
"D04","CUPE","101",2018-07-24,24.3512916666667,24.326
"D04","CUPE","101",2018-07-25,24.1447395833333,24.098
"D04","CUPE","101",2018-07-26,24.3366145833333,24.271
"D04","CUPE","101",2018-07-27,24.2985902777778,24.232
"D04","CUPE","101",2018-07-28,24.1222291666667,24.164
"D04","CUPE","101",2018-07-29,23.8652048611111,23.7525
"D04","CUPE","101",2018-07-30,24.086515503876,24.161
"D04","CUPE","101",2018-07-31,24.1802013888889,24.2325
"D04","CUPE","101",2018-08-01,23.9315902777778,23.8755
"D04","CUPE","101",2018-08-02,23.5964930555556,23.591
"D04","CUPE","101",2018-08-03,23.5108402777778,23.5445
"D04","CUPE","101",2018-08-04,23.6695381944444,23.6835
"D04","CUPE","101",2018-08-05,23.9048715277778,23.898
"D04","CUPE","101",2018-08-06,23.9949270833333,23.961
"D04","CUPE","101",2018-08-07,24.3725416666667,24.162
"D04","CUPE","101",2018-08-08,24.6484270833333,24.665
"D04","CUPE","101",2018-08-09,24.4174131944444,24.5035
"D04","CUPE","101",2018-08-10,24.3399791666667,24.249
"D04","CUPE","101",2018-08-11,24.3519618055556,24.413
"D04","CUPE","101",2018-08-12,24.3186631944444,24.3445
"D04","CUPE","101",2018-08-13,24.1923992395437,24.203
"D04","CUPE","101",2018-08-14,24.0355833333333,23.987
"D04","CUPE","101",2018-08-15,23.8063020833333,23.926
"D04","CUPE","101",2018-08-16,23.4613090277778,23.4015
"D04","CUPE","101",2018-08-17,23.2283784722222,23.0705
"D04","CUPE","101",2018-08-18,23.2594270833333,23.227
"D04","CUPE","101",2018-08-19,22.9273888888889,22.8925
"D04","CUPE","101",2018-08-20,23.3213333333333,23.204
"D04","CUPE","101",2018-08-21,23.4733819444444,23.4075
"D04","CUPE","101",2018-08-22,23.5973035714286,23.504
"D04","CUPE","101",2018-08-23,23.653688034188,23.5395
"D04","CUPE","101",2018-08-24,23.159854368932,23.01
"D04","CUPE","101",2018-08-25,22.958125,22.6625
"D04","CUPE","101",2018-08-26,23.2738472222222,23.148
"D04","CUPE","101",2018-08-27,23.2945833333333,23.3835
"D04","CUPE","101",2018-08-28,23.4034375,23.2265
"D04","CUPE","101",2018-08-29,23.3659860627178,23.443
"D04","CUPE","101",2018-08-30,23.1384930555556,23.1145
"D04","CUPE","101",2018-08-31,23.1780104166667,22.849
"D04","CUPE","101",2018-09-01,23.4462430555556,23.486
"D04","CUPE","101",2018-09-02,23.3820729166667,23.345
"D04","CUPE","101",2018-09-03,23.1611840277778,23.095
"D04","CUPE","101",2018-09-04,23.3297071428571,23.141
"D04","CUPE","101",2018-09-05,23.5759513888889,23.5625
"D04","CUPE","101",2018-09-06,23.29803125,23.25
"D04","CUPE","101",2018-09-07,22.7466597222222,22.5215
"D04","CUPE","101",2018-09-08,23.1911875,23.0745
"D04","CUPE","101",2018-09-09,23.3003263888889,23.1845
"D04","CUPE","101",2018-09-10,23.1087944664032,23.111
"D04","CUPE","101",2018-09-11,22.7443854166667,22.702
"D04","CUPE","101",2018-09-12,23.2348298611111,22.9425
"D04","CUPE","101",2018-09-13,23.1754285714286,23.116
"D04","CUPE","101",2018-09-14,NA,NA
"D04","CUPE","101",2018-09-15,NA,NA
"D04","CUPE","101",2018-09-16,NA,NA
"D04","CUPE","101",2018-09-17,NA,NA
"D04","CUPE","101",2018-09-18,NA,NA
"D04","CUPE","101",2018-09-19,NA,NA
"D04","CUPE","101",2018-09-20,NA,NA
"D04","CUPE","101",2018-09-21,NA,NA
"D04","CUPE","101",2018-09-22,NA,NA
"D04","CUPE","101",2018-09-23,NA,NA
"D04","CUPE","101",2018-09-24,NA,NA
"D04","CUPE","101",2018-09-25,NA,NA
"D04","CUPE","101",2018-09-26,NA,NA
"D04","CUPE","101",2018-09-27,NA,NA
"D04","CUPE","101",2018-09-28,NA,NA
"D04","CUPE","101",2018-09-29,NA,NA
"D04","CUPE","101",2018-09-30,NA,NA
"D04","CUPE","101",2018-10-01,NA,NA
"D04","CUPE","101",2018-10-02,NA,NA
"D04","CUPE","101",2018-10-03,NA,NA
"D04","CUPE","101",2018-10-04,NA,NA
"D04","CUPE","101",2018-10-05,NA,NA
"D04","CUPE","101",2018-10-06,NA,NA
"D04","CUPE","101",2018-10-07,NA,NA
"D04","CUPE","101",2018-10-08,24.6408640776699,24.68
"D04","CUPE","101",2018-10-09,24.3235868055556,24.2375
"D04","CUPE","101",2018-10-10,23.8014454976303,23.692
"D04","CUPE","101",2018-10-11,NA,NA
"D04","CUPE","101",2018-10-12,NA,NA
"D04","CUPE","101",2018-10-13,NA,NA
"D04","CUPE","101",2018-10-14,NA,NA
"D04","CUPE","101",2018-10-15,NA,NA
"D04","CUPE","101",2018-10-16,NA,NA
"D04","CUPE","101",2018-10-17,NA,NA
"D04","CUPE","101",2018-10-18,NA,NA
"D04","CUPE","101",2018-10-19,24.0023111111111,24.041
"D04","CUPE","101",2018-10-20,23.5193194444444,23.507
"D04","CUPE","101",2018-10-21,23.6490972222222,23.396
"D04","CUPE","101",2018-10-22,23.7100625,23.662
"D04","CUPE","101",2018-10-23,23.771468503937,23.743
"D04","CUPE","101",2018-10-24,23.6494618055556,23.4345
"D04","CUPE","101",2018-10-25,23.7704236111111,23.5415
"D04","CUPE","101",2018-10-26,24.068125,23.938
"D04","CUPE","101",2018-10-27,23.8981145833333,23.909
"D04","CUPE","101",2018-10-28,23.75128125,23.8135
"D04","CUPE","101",2018-10-29,23.4088159722222,23.4475
"D04","CUPE","101",2018-10-30,23.3688576388889,23.162
"D04","CUPE","101",2018-10-31,23.6775104166667,23.6045
"D04","CUPE","101",2018-11-01,23.7998576388889,23.8865
"D04","CUPE","101",2018-11-02,23.379,23.533
"D04","CUPE","101",2018-11-03,23.4133020833333,23.405
"D04","CUPE","101",2018-11-04,23.4169826388889,23.4265
"D04","CUPE","101",2018-11-05,22.88865,22.8455
"D04","CUPE","101",2018-11-06,22.6959027777778,22.565
"D04","CUPE","101",2018-11-07,22.9472708333333,22.756
"D04","CUPE","101",2018-11-08,23.3705451388889,23.106
"D04","CUPE","101",2018-11-09,23.1645590277778,23.1685
"D04","CUPE","101",2018-11-10,23.0406736111111,22.844
"D04","CUPE","101",2018-11-11,23.2696458333333,23.255
"D04","CUPE","101",2018-11-12,23.2627638888889,23.137
"D04","CUPE","101",2018-11-13,23.4256006944444,23.2485
"D04","CUPE","101",2018-11-14,23.3074722222222,23.297
"D04","CUPE","101",2018-11-15,23.2545173611111,23.157
"D04","CUPE","101",2018-11-16,23.25909375,23.1605
"D04","CUPE","101",2018-11-17,23.3921041666667,23.2695
"D04","CUPE","101",2018-11-18,23.3406631944444,23.2205
"D04","CUPE","101",2018-11-19,23.1638993055556,23.2435
"D04","CUPE","101",2018-11-20,23.0402678571429,23.088
"D04","CUPE","101",2018-11-21,23.1713784722222,23.0465
"D04","CUPE","101",2018-11-22,23.0824583333333,22.9935
"D04","CUPE","101",2018-11-23,23.0022743055556,23.0655
"D04","CUPE","101",2018-11-24,22.9939444444444,22.871
"D04","CUPE","101",2018-11-25,23.0112569444444,22.9775
"D04","CUPE","101",2018-11-26,23.08046875,23.1315
"D04","CUPE","101",2018-11-27,23.1558819444444,23.263
"D04","CUPE","101",2018-11-28,23.2834930555556,23.2195
"D04","CUPE","101",2018-11-29,23.1387256944444,23.1975
"D04","CUPE","101",2018-11-30,22.6286701388889,22.662
"D04","CUPE","101",2018-12-01,22.7864965277778,22.8835
"D04","CUPE","101",2018-12-02,22.6643784722222,22.73
"D04","CUPE","101",2018-12-03,22.6742048611111,22.613
"D04","CUPE","101",2018-12-04,22.58965625,22.655
"D04","CUPE","101",2018-12-05,22.4009406779661,22.3935
"D04","CUPE","101",2018-12-06,22.3824930555556,22.4275
"D04","CUPE","101",2018-12-07,22.3956654545455,22.205
"D04","CUPE","101",2018-12-08,22.4572083333333,22.45
"D04","CUPE","101",2018-12-09,22.3554236111111,22.3325
"D04","CUPE","101",2018-12-10,22.3348090277778,22.315
"D04","CUPE","101",2018-12-11,22.4843472222222,22.3385
"D04","CUPE","101",2018-12-12,22.3107847222222,22.2345
"D04","CUPE","101",2018-12-13,22.1305570175439,22.18
"D04","CUPE","101",2018-12-14,22.4032708333333,22.3485
"D04","CUPE","101",2018-12-15,22.4088125,22.4525
"D04","CUPE","101",2018-12-16,22.5443541666667,22.345
"D04","CUPE","101",2018-12-17,22.4508985507246,22.4965
"D04","CUPE","101",2018-12-18,22.5783541666667,22.59
"D04","CUPE","101",2018-12-19,21.9867048611111,21.9965
"D04","CUPE","101",2018-12-20,22.2290451388889,22.0725
"D04","CUPE","101",2018-12-21,22.2286597222222,22.2165
"D04","CUPE","101",2018-12-22,21.9466423611111,22.0535
"D04","CUPE","101",2018-12-23,22.2894201388889,22.2355
"D04","CUPE","101",2018-12-24,21.9655451388889,21.9745
"D04","CUPE","101",2018-12-25,21.8781666666667,21.8315
"D04","CUPE","101",2018-12-26,21.8278715277778,21.9225
"D04","CUPE","101",2018-12-27,21.8905347222222,21.823
"D04","CUPE","101",2018-12-28,21.9048298611111,21.975
"D04","CUPE","101",2018-12-29,22.0196805555556,22
"D04","CUPE","101",2018-12-30,22.0129409722222,21.97
"D04","CUPE","101",2018-12-31,21.7327638888889,21.6755
"D04","CUPE","101",2019-01-01,21.7750138888889,21.7545
"D04","CUPE","101",2019-01-02,21.7056092436975,21.66
"D04","CUPE","101",2019-01-03,21.96253125,21.8165
"D04","CUPE","101",2019-01-04,21.8509513888889,21.8615
"D04","CUPE","101",2019-01-05,22.0447222222222,21.91
"D04","CUPE","101",2019-01-06,21.9431423611111,21.9005
"D04","CUPE","101",2019-01-07,21.8568055555556,21.8255
"D04","CUPE","101",2019-01-08,21.8307222222222,21.929
"D04","CUPE","101",2019-01-09,21.7906909722222,21.763
"D04","CUPE","101",2019-01-10,21.8477951388889,21.831
"D04","CUPE","101",2019-01-11,21.9792326388889,21.902
"D04","CUPE","101",2019-01-12,21.7817881944444,21.849
"D04","CUPE","101",2019-01-13,21.7196493055556,21.6655
"D04","CUPE","101",2019-01-14,21.5560833333333,21.609
"D04","CUPE","101",2019-01-15,21.5878333333333,21.7175
"D04","CUPE","101",2019-01-16,21.501280141844,21.6035
"D04","CUPE","101",2019-01-17,21.4047256944444,21.476
"D04","CUPE","101",2019-01-18,21.4778368055556,21.4655
"D04","CUPE","101",2019-01-19,21.2537916666667,21.3195
"D04","CUPE","101",2019-01-20,21.1882152777778,21.176
"D04","CUPE","101",2019-01-21,21.2706180555556,21.215
"D04","CUPE","101",2019-01-22,21.6327604166667,21.606
"D04","CUPE","101",2019-01-23,21.6285972222222,21.5865
"D04","CUPE","101",2019-01-24,21.5884479166667,21.4455
"D04","CUPE","101",2019-01-25,21.5543020833333,21.4955
"D04","CUPE","101",2019-01-26,21.3223020833333,21.4215
"D04","CUPE","101",2019-01-27,21.5019479166667,21.2745
"D04","CUPE","101",2019-01-28,21.9412465277778,21.822
"D04","CUPE","101",2019-01-29,21.9809895833333,21.9905
"D04","CUPE","101",2019-01-30,21.8363527131783,21.7825
"D04","CUPE","101",2019-01-31,21.8488541666667,21.88
"D04","CUPE","101",2019-02-01,21.4185088339223,21.473
"D04","CUPE","101",2019-02-02,21.2403125,21.2975
"D04","CUPE","101",2019-02-03,21.1163368055556,21.1745
"D04","CUPE","101",2019-02-04,21.33715625,21.2875
"D04","CUPE","101",2019-02-05,21.2781111111111,21.276
"D04","CUPE","101",2019-02-06,21.4709965277778,21.3955
"D04","CUPE","101",2019-02-07,21.7201180555556,21.693
"D04","CUPE","101",2019-02-08,21.6584166666667,21.651
"D04","CUPE","101",2019-02-09,21.7941597222222,21.6175
"D04","CUPE","101",2019-02-10,21.8527569444444,21.76
"D04","CUPE","101",2019-02-11,21.7917802197802,21.811
"D04","CUPE","101",2019-02-12,21.7257569444444,21.544
"D04","CUPE","101",2019-02-13,21.8319027777778,21.702
"D04","CUPE","101",2019-02-14,22.00309375,21.9405
"D04","CUPE","101",2019-02-15,22.1487083333333,22.058
"D04","CUPE","101",2019-02-16,22.4090451388889,22.173
"D04","CUPE","101",2019-02-17,22.5833298611111,22.488
"D04","CUPE","101",2019-02-18,22.3767152777778,22.2955
"D04","CUPE","101",2019-02-19,22.0475104166667,22.1455
"D04","CUPE","101",2019-02-20,21.9579305555556,21.953
"D04","CUPE","101",2019-02-21,21.9311909722222,21.96
"D04","CUPE","101",2019-02-22,22.1109826388889,21.8105
"D04","CUPE","101",2019-02-23,22.1444097222222,22.2365
"D04","CUPE","101",2019-02-24,22.1565277777778,21.9555
"D04","CUPE","101",2019-02-25,21.8877013888889,21.967
"D04","CUPE","101",2019-02-26,21.9808576388889,21.91
"D04","CUPE","101",2019-02-27,22.3330950413223,22.1095
"D04","CUPE","101",2019-02-28,22.2916284722222,22.29
"D04","CUPE","101",2019-03-01,22.3307291666667,22.304
"D04","CUPE","101",2019-03-02,22.1573229166667,22.056
"D04","CUPE","101",2019-03-03,22.1531770833333,22.1195
"D04","CUPE","101",2019-03-04,22.0802222222222,22.082
"D04","CUPE","101",2019-03-05,22.1703159722222,22.0835
"D04","CUPE","101",2019-03-06,22.2642118055556,22.2895
"D04","CUPE","101",2019-03-07,22.2226666666667,22.2835
"D04","CUPE","101",2019-03-08,21.9962118055556,22.118
"D04","CUPE","101",2019-03-09,22.1264513888889,22.034
"D04","CUPE","101",2019-03-10,21.9157777777778,21.9225
"D04","CUPE","101",2019-03-11,21.8307361111111,21.8405
"D04","CUPE","101",2019-03-12,21.5691840277778,21.5735
"D04","CUPE","101",2019-03-13,21.5527137546468,21.74
"D04","CUPE","101",2019-03-14,21.6124548611111,21.64
"D04","CUPE","101",2019-03-15,21.5212951388889,21.6295
"D04","CUPE","101",2019-03-16,21.6743819444444,21.5775
"D04","CUPE","101",2019-03-17,21.57675,21.593
"D04","CUPE","101",2019-03-18,21.8698055555556,21.8375
"D04","CUPE","101",2019-03-19,22.0062048611111,21.8795
"D04","CUPE","101",2019-03-20,21.8991770833333,21.889
"D04","CUPE","101",2019-03-21,22.1303333333333,21.9805
"D04","CUPE","101",2019-03-22,22.1367881944444,22.0475
"D04","CUPE","101",2019-03-23,22.2962152777778,22.3325
"D04","CUPE","101",2019-03-24,22.1199826388889,22.047
"D04","CUPE","101",2019-03-25,22.4606909722222,22.2175
"D04","CUPE","101",2019-03-26,22.6681319444444,22.5745
"D04","CUPE","101",2019-03-27,22.7426666666667,22.612
"D04","CUPE","101",2019-03-28,22.9703090277778,22.8405
"D04","CUPE","101",2019-03-29,22.8453020833333,22.8555
"D04","CUPE","101",2019-03-30,22.8282604166667,22.8425
"D04","CUPE","101",2019-03-31,22.6659930555556,22.7545
"D04","CUPE","101",2019-04-01,22.5059548611111,22.553
"D04","CUPE","101",2019-04-02,22.6883958333333,22.54
"D04","CUPE","101",2019-04-03,22.4917118055556,22.6165
"D04","CUPE","101",2019-04-04,22.1561245136187,22.114
"D04","CUPE","101",2019-04-05,21.9504861111111,22.0355
"D04","CUPE","101",2019-04-06,22.3624652777778,22.123
"D04","CUPE","101",2019-04-07,22.3288993055556,22.395
"D04","CUPE","101",2019-04-08,22.3267673611111,22.2365
"D04","CUPE","101",2019-04-09,22.2267333333333,22.315
"D04","CUPE","101",2019-04-10,22.5445590277778,22.383
"D04","CUPE","101",2019-04-11,22.9228888888889,22.6415
"D04","CUPE","101",2019-04-12,22.8733784722222,22.8735
"D04","CUPE","101",2019-04-13,22.49895,22.6105
"D04","CUPE","101",2019-04-14,22.6172534722222,22.496
"D04","CUPE","101",2019-04-15,22.6527777777778,22.635
"D04","CUPE","101",2019-04-16,22.8422569444444,22.8375
"D04","CUPE","101",2019-04-17,22.6373472222222,22.667
"D04","CUPE","101",2019-04-18,22.4902013888889,22.458
"D04","CUPE","101",2019-04-19,22.60184375,22.5015
"D04","CUPE","101",2019-04-20,22.7974652777778,22.7275
"D04","CUPE","101",2019-04-21,22.7681666666667,22.826
"D04","CUPE","101",2019-04-22,22.4754722222222,22.527
"D04","CUPE","101",2019-04-23,22.438,22.438
"D04","CUPE","101",2019-04-24,22.2406,22.192
"D04","CUPE","101",2019-04-25,NA,NA
"D04","CUPE","101",2019-04-26,NA,NA
"D04","CUPE","101",2019-04-27,NA,NA
"D04","CUPE","101",2019-04-28,23.2308965517241,23.273
"D04","CUPE","101",2019-04-29,23.326288209607,23.078
"D04","CUPE","101",2019-04-30,23.1447410358566,23.258
"D04","CUPE","101",2019-05-01,23.2035416666667,23.0605
"D04","CUPE","101",2019-05-02,23.5222951388889,23.4745
"D04","CUPE","101",2019-05-03,23.1073529411765,23.094
"D04","CUPE","101",2019-05-04,NA,NA
"D04","CUPE","101",2019-05-05,NA,NA
"D04","CUPE","101",2019-05-06,NA,NA
"D04","CUPE","101",2019-05-07,23.8736439393939,24.023
"D04","CUPE","101",2019-05-08,23.2143159722222,23.303
"D04","CUPE","101",2019-05-09,23.1026042402827,23.185
"D04","CUPE","101",2019-05-10,22.93783,22.995
"D04","CUPE","101",2019-05-11,NA,NA
"D04","CUPE","101",2019-05-12,NA,NA
"D04","CUPE","101",2019-05-13,NA,NA
"D04","CUPE","101",2019-05-14,NA,NA
"D04","CUPE","101",2019-05-15,NA,NA
"D04","CUPE","101",2019-05-16,NA,NA
"D04","CUPE","101",2019-05-17,NA,NA
"D04","CUPE","101",2019-05-18,NA,NA
"D04","CUPE","101",2019-05-19,NA,NA
"D04","CUPE","101",2019-05-20,NA,NA
"D04","CUPE","101",2019-05-21,24.3998053097345,24.594
"D04","CUPE","101",2019-05-22,24.1171458333333,24.1575
"D04","CUPE","101",2019-05-23,24.0355555555556,24.111
"D04","CUPE","101",2019-05-24,24.0115034722222,23.935
"D04","CUPE","101",2019-05-25,23.8813346153846,23.924
"D04","CUPE","101",2019-05-26,23.7352204724409,23.7305
"D04","CUPE","101",2019-05-27,24.0652118055556,23.9695
"D04","CUPE","101",2019-05-28,23.8821904761905,23.887
"D04","CUPE","101",2019-05-29,24.0241967213115,24.053
"D04","CUPE","101",2019-05-30,23.682875,23.688
"D04","CUPE","101",2019-05-31,23.3456363636364,23.3055
"D04","CUPE","101",2019-06-01,24.2272142857143,24.2055
"D04","CUPE","101",2019-06-02,23.5363786407767,23.548
"D04","CUPE","101",2019-06-03,NA,NA
"D04","CUPE","101",2019-06-04,24.3544179104478,24.5655
"D04","CUPE","101",2019-06-05,24.2051145833333,24.1645
"D04","CUPE","101",2019-06-06,24.37934375,24.224
"D04","CUPE","101",2019-06-07,24.4406423611111,24.437
"D04","CUPE","101",2019-06-08,24.3017118055556,24.4065
"D04","CUPE","101",2019-06-09,24.3819305555556,24.284
"D04","CUPE","101",2019-06-10,24.5528055555556,24.416
"D04","CUPE","101",2019-06-11,24.3987847222222,24.515
"D04","CUPE","101",2019-06-12,24.1206215277778,24.203
"D04","CUPE","101",2019-06-13,24.013875,24.0305
"D04","CUPE","101",2019-06-14,23.8609652777778,23.932
"D04","CUPE","101",2019-06-15,23.9027291666667,23.8965
"D04","CUPE","101",2019-06-16,23.7895669291339,23.789
"D04","CUPE","101",2019-06-17,24.8943181818182,25.018
"D04","CUPE","101",2019-06-18,24.4753394833948,24.494
"D04","CUPE","101",2019-06-19,24.7391215277778,24.6455
"D04","CUPE","101",2019-06-20,24.9467013888889,24.8935
"D04","CUPE","101",2019-06-21,25.2495416666667,25.1265
"D04","CUPE","101",2019-06-22,25.1629479166667,25.192
"D04","CUPE","101",2019-06-23,25.0602118055556,25.0925
"D04","CUPE","101",2019-06-24,24.9170416666667,25.055
"D04","CUPE","101",2019-06-25,24.9070451388889,24.917
"D04","CUPE","101",2019-06-26,24.7184166666667,24.67
"D04","CUPE","101",2019-06-27,24.2180694444444,24.288
"D04","CUPE","101",2019-06-28,24.419125,24.101
"D04","CUPE","101",2019-06-29,24.8934965277778,24.7355
"D04","CUPE","101",2019-06-30,24.9245520833333,24.993
"D04","CUPE","101",2019-07-01,24.8269861111111,24.912
"D04","CUPE","101",2019-07-02,24.7129618055556,24.736
"D04","CUPE","101",2019-07-03,24.2190538461538,24.27
"D04","CUPE","101",2019-07-04,23.98253125,23.5835
"D04","CUPE","101",2019-07-05,24.2916875,24.199
"D04","CUPE","101",2019-07-06,24.4441180555556,24.4195
"D04","CUPE","101",2019-07-07,24.2407048611111,24.3255
"D04","CUPE","101",2019-07-08,24.2731875,24.1085
"D04","CUPE","101",2019-07-09,24.385875,24.374
"D04","CUPE","101",2019-07-10,24.5841215277778,24.301
"D04","CUPE","101",2019-07-11,24.5524526748971,24.648
"D04","CUPE","101",2019-07-12,23.9921041666667,24.007
"D04","CUPE","101",2019-07-13,23.6391736111111,23.5695
"D04","CUPE","101",2019-07-14,24.0168680555556,23.8475
"D04","CUPE","101",2019-07-15,24.0104513888889,23.9465
"D04","CUPE","101",2019-07-16,24.0377638888889,24.093
"D04","CUPE","101",2019-07-17,24.1169960474308,24.102
"D04","CUPE","101",2019-07-18,24.3453090277778,24.0405
"D04","CUPE","101",2019-07-19,24.3398784722222,24.323
"D04","CUPE","101",2019-07-20,23.1995208333333,23.189
"D04","CUPE","101",2019-07-21,23.1568766519824,23.16
"D04","CUPE","101",2019-07-22,NA,NA
"D04","CUPE","101",2019-07-23,NA,NA
"D04","CUPE","101",2019-07-24,NA,NA
"D04","CUPE","101",2019-07-25,NA,NA
"D04","CUPE","101",2019-07-26,NA,NA
"D04","CUPE","101",2019-07-27,NA,NA
"D04","CUPE","101",2019-07-28,NA,NA
"D04","CUPE","101",2019-07-29,NA,NA
"D04","CUPE","101",2019-07-30,NA,NA
"D04","CUPE","101",2019-07-31,24.7058518518519,24.852
"D04","CUPE","101",2019-08-01,24.5668298611111,24.4695
"D04","CUPE","101",2019-08-02,24.4518541666667,24.566
"D04","CUPE","101",2019-08-03,24.7182951388889,24.3805
"D04","CUPE","101",2019-08-04,24.9157118055556,24.7575
"D04","CUPE","101",2019-08-05,24.8700659722222,24.7915
"D04","CUPE","101",2019-08-06,24.8701041666667,24.8565
"D04","CUPE","101",2019-08-07,24.8679236111111,24.87
"D04","CUPE","101",2019-08-08,24.6173055555556,24.5395
"D04","CUPE","101",2019-08-09,24.7583194444444,24.65
"D04","CUPE","101",2019-08-10,24.9896145833333,24.9295
"D04","CUPE","101",2019-08-11,24.6981111111111,24.7905
"D04","CUPE","101",2019-08-12,24.8028645833333,24.6165
"D04","CUPE","101",2019-08-13,25.0001770833333,24.926
"D04","CUPE","101",2019-08-14,24.8463385214008,24.758
"D04","CUPE","101",2019-08-15,24.9815,24.903
"D04","CUPE","101",2019-08-16,25.0820763888889,25.006
"D04","CUPE","101",2019-08-17,24.9195034722222,24.963
"D04","CUPE","101",2019-08-18,24.9105069444444,24.6915
"D04","CUPE","101",2019-08-19,24.9132847222222,24.967
"D04","CUPE","101",2019-08-20,24.7023715277778,24.726
"D04","CUPE","101",2019-08-21,24.3789895833333,24.384
"D04","CUPE","101",2019-08-22,24.3043090277778,24.163
"D04","CUPE","101",2019-08-23,24.8007256944444,24.536
"D04","CUPE","101",2019-08-24,24.8035729166667,24.816
"D04","CUPE","101",2019-08-25,25.0202638888889,24.801
"D04","CUPE","101",2019-08-26,25.0696458333333,25.0225
"D04","CUPE","101",2019-08-27,24.7515543071161,24.898
"D04","CUPE","101",2019-08-28,24.4676319444444,24.5415
"D04","CUPE","101",2019-08-29,24.6504236111111,24.404
"D04","CUPE","101",2019-08-30,24.8615520833333,24.7965
"D04","CUPE","101",2019-08-31,24.7612708333333,24.671
"D04","CUPE","101",2019-09-01,24.7328263888889,24.761
"D04","CUPE","101",2019-09-02,24.7538125,24.531
"D04","CUPE","101",2019-09-03,24.8993854166667,24.7815
"D04","CUPE","101",2019-09-04,24.7065925925926,24.625
"D04","CUPE","101",2019-09-05,NA,NA
"D04","CUPE","101",2019-09-06,NA,NA
"D04","CUPE","101",2019-09-07,23.5315862068966,23.5295
"D04","CUPE","101",2019-09-08,23.5459166666667,23.3845
"D04","CUPE","101",2019-09-09,23.5934349593496,23.358
"D04","CUPE","101",2019-09-10,23.8892708333333,23.641
"D04","CUPE","101",2019-09-11,24.1632986111111,24.1505
"D04","CUPE","101",2019-09-12,24.3512708333333,24.2605
"D04","CUPE","101",2019-09-13,24.6285763888889,24.395
"D04","CUPE","101",2019-09-14,24.7468535564854,24.603
"D04","CUPE","101",2019-09-15,24.8133020833333,24.733
"D04","CUPE","101",2019-09-16,24.3627108013937,24.281
"D04","CUPE","101",2019-09-17,23.9582256944444,23.8735
"D04","CUPE","101",2019-09-18,24.1688159722222,24.136
"D04","CUPE","101",2019-09-19,23.9257984790875,24.022
"D04","CUPE","101",2019-09-20,24.1297013888889,23.875
"D04","CUPE","101",2019-09-21,24.4980034722222,24.3515
"D04","CUPE","101",2019-09-22,24.3729930555556,24.3505
"D04","CUPE","101",2019-09-23,24.6284270833333,24.31
"D04","CUPE","101",2019-09-24,24.789174904943,24.809
"D04","CUPE","101",2019-09-25,24.5595625,24.5535
"D04","CUPE","101",2019-09-26,24.4372951388889,24.4105
"D04","CUPE","101",2019-09-27,24.4852013888889,24.2735
"D04","CUPE","101",2019-09-28,23.7884444444444,23.6915
"D04","CUPE","101",2019-09-29,23.5224965277778,23.302
"D04","CUPE","101",2019-09-30,23.8911493055556,23.623
"D04","CUPE","101",2019-10-01,24.3346126760563,24.0685
"D04","CUPE","101",2019-10-02,24.4974513888889,24.372
"D04","CUPE","101",2019-10-03,24.2901979166667,24.3025
"D04","CUPE","101",2019-10-04,24.2754652777778,24.203
"D04","CUPE","101",2019-10-05,24.4936388888889,24.402
"D04","CUPE","101",2019-10-06,24.4400868055556,24.218
"D04","CUPE","101",2019-10-07,24.296479638009,24.11
"D04","CUPE","101",2019-10-08,24.5997272727273,24.431
"D04","CUPE","101",2019-10-09,24.19240625,24.1775
"D04","CUPE","101",2019-10-10,23.7566006944444,23.643
"D04","CUPE","101",2019-10-11,23.1467152777778,23.16
"D04","CUPE","101",2019-10-12,23.4158611111111,23.241
"D04","CUPE","101",2019-10-13,23.0295546875,22.9615
"D04","CUPE","101",2019-10-14,NA,NA
"D04","CUPE","101",2019-10-15,NA,NA
"D04","CUPE","101",2019-10-16,23.1888657718121,23.312
"D04","CUPE","101",2019-10-17,23.4849081632653,23.5865
"D04","CUPE","101",2019-10-18,23.0245104166667,22.788
"D04","CUPE","101",2019-10-19,23.3949583333333,23.188
"D04","CUPE","101",2019-10-20,23.37490625,23.3345
"D04","CUPE","101",2019-10-21,23.0947326388889,22.9715
"D04","CUPE","101",2019-10-22,23.0945550660793,23.03
"D04","CUPE","101",2019-10-23,23.7669615384615,23.8585
"D04","CUPE","101",2019-10-24,23.2289311594203,23.0435
"D04","CUPE","101",2019-10-25,23.1021701388889,23.082
"D04","CUPE","101",2019-10-26,22.7720826446281,22.813
"D04","CUPE","101",2019-10-27,NA,NA
"D04","CUPE","101",2019-10-28,23.1372301587302,23.3235
"D04","CUPE","101",2019-10-29,22.9409444444444,22.9565
"D04","CUPE","101",2019-10-30,22.8585972222222,22.6905
"D04","CUPE","101",2019-10-31,22.9356761904762,22.875
"D04","CUPE","101",2019-11-01,NA,NA
"D04","CUPE","101",2019-11-02,NA,NA
"D04","CUPE","101",2019-11-03,NA,NA
"D04","CUPE","101",2019-11-04,22.2790833333333,22.301
"D04","CUPE","101",2019-11-05,23.6731111111111,23.737
"D04","CUPE","101",2019-11-06,23.2464871794872,23.243
"D04","CUPE","101",2019-11-07,NA,NA
"D04","CUPE","101",2019-11-08,NA,NA
"D04","CUPE","101",2019-11-09,NA,NA
"D04","CUPE","101",2019-11-10,NA,NA
"D04","CUPE","101",2019-11-11,NA,NA
"D04","CUPE","101",2019-11-12,NA,NA
"D04","CUPE","101",2019-11-13,NA,NA
"D04","CUPE","101",2019-11-14,NA,NA
"D04","CUPE","101",2019-11-15,NA,NA
"D04","CUPE","101",2019-11-16,NA,NA
"D04","CUPE","101",2019-11-17,NA,NA
"D04","CUPE","101",2019-11-18,NA,NA
"D04","CUPE","101",2019-11-19,NA,NA
"D04","CUPE","101",2019-11-20,23.6989417475728,23.734
"D04","CUPE","101",2019-11-21,23.1848125,23.208
"D04","CUPE","101",2019-11-22,23.0970104166667,23.116
"D04","CUPE","101",2019-11-23,22.8457465277778,22.73
"D04","CUPE","101",2019-11-24,22.6335729166667,22.6955
"D04","CUPE","101",2019-11-25,22.7139791666667,22.559
"D04","CUPE","101",2019-11-26,23.127375,23.0075
"D04","CUPE","101",2019-11-27,23.2687534722222,23.2585
"D04","CUPE","101",2019-11-28,23.28846875,23.2005
"D04","CUPE","101",2019-11-29,23.0176423611111,23.0375
"D04","CUPE","101",2019-11-30,22.9405625,22.9275
"D04","CUPE","101",2019-12-01,22.9325416666667,22.8595
"D04","CUPE","101",2019-12-02,23.0697291666667,22.9525
"D04","CUPE","101",2019-12-03,23.4269791666667,23.326
"D04","CUPE","101",2019-12-04,23.5197725490196,23.409
"D04","CUPE","101",2019-12-05,23.5265729166667,23.4635
"D04","CUPE","101",2019-12-06,23.4277013888889,23.44
"D04","CUPE","101",2019-12-07,22.9863854166667,23.04
"D04","CUPE","101",2019-12-08,23.1066423611111,23.0955
"D04","CUPE","101",2019-12-09,22.6117215189873,22.454
"D04","CUPE","101",2019-12-10,22.7517938931298,22.812
"D04","CUPE","101",2019-12-11,22.6091770833333,22.461
"D04","CUPE","101",2019-12-12,22.6248402777778,22.5495
"D04","CUPE","101",2019-12-13,22.5678090277778,22.6045
"D04","CUPE","101",2019-12-14,22.5717361111111,22.4135
"D04","CUPE","101",2019-12-15,23.05609375,22.8815
"D04","CUPE","101",2019-12-16,22.77090625,22.7745
"D04","CUPE","101",2019-12-17,22.7449340277778,22.687
"D04","CUPE","101",2019-12-18,22.9178709677419,22.845
"D04","CUPE","101",2019-12-19,22.9995833333333,22.911
"D04","CUPE","101",2019-12-20,22.8093993055556,22.9055
"D04","CUPE","101",2019-12-21,22.4304479166667,22.476
"D04","CUPE","101",2019-12-22,22.4810034722222,22.394
"D04","CUPE","101",2019-12-23,22.5303020833333,22.608
"D04","CUPE","101",2019-12-24,22.6967916666667,22.563
"D04","CUPE","101",2019-12-25,23.2653333333333,23.1035
"D04","CUPE","101",2019-12-26,23.4521840277778,23.43
"D04","CUPE","101",2019-12-27,23.28140625,23.2205
"D04","CUPE","101",2019-12-28,23.1898333333333,23.247
"D04","CUPE","101",2019-12-29,22.9600208333333,23.058
"D04","CUPE","101",2019-12-30,22.7146388888889,22.719
"D04","CUPE","101",2019-12-31,22.7899166666667,22.653
"D04","CUPE","101",2020-01-01,23.0580625,22.9875
"D04","CUPE","101",2020-01-02,22.9272780082988,22.95
"D04","CUPE","101",2020-01-03,22.9447083333333,22.8325
"D04","CUPE","101",2020-01-04,22.5963854166667,22.596
"D04","CUPE","101",2020-01-05,22.2545277777778,22.2785
"D04","CUPE","101",2020-01-06,22.47940625,22.3425
"D04","CUPE","101",2020-01-07,22.5251006944444,22.5435
"D04","CUPE","101",2020-01-08,22.3518194444444,22.217
"D04","CUPE","101",2020-01-09,22.3794791666667,22.326
"D04","CUPE","101",2020-01-10,22.4884965277778,22.4825
"D04","CUPE","101",2020-01-11,22.4477083333333,22.2935
"D04","CUPE","101",2020-01-12,22.22921875,22.202
"D04","CUPE","101",2020-01-13,22.1166319444444,22.0895
"D04","CUPE","101",2020-01-14,22.1835416666667,22.1065
"D04","CUPE","101",2020-01-15,22.0856736111111,21.9515
"D04","CUPE","101",2020-01-16,22.0654340277778,22.114
"D04","CUPE","101",2020-01-17,22.1640277777778,22.1935
"D04","CUPE","101",2020-01-18,22.1173888888889,22.085
"D04","CUPE","101",2020-01-19,22.1420069444444,21.9985
"D04","CUPE","101",2020-01-20,22.4075555555556,22.288
"D04","CUPE","101",2020-01-21,22.6979027777778,22.5875
"D04","CUPE","101",2020-01-22,22.6241527777778,22.5295
"D04","CUPE","101",2020-01-23,22.8954791666667,22.8055
"D04","CUPE","101",2020-01-24,22.7051631944444,22.693
"D04","CUPE","101",2020-01-25,22.8171666666667,22.7665
"D04","CUPE","101",2020-01-26,22.6830104166667,22.655
"D04","CUPE","101",2020-01-27,22.50534375,22.381
"D04","CUPE","101",2020-01-28,22.7608263888889,22.7365
"D04","CUPE","101",2020-01-29,22.5175173611111,22.5205
"D04","CUPE","101",2020-01-30,22.5401909722222,22.4185
"D04","CUPE","101",2020-01-31,22.4640416666667,22.5095
"D04","CUPE","101",2020-02-01,22.6351493055556,22.564
"D04","CUPE","101",2020-02-02,22.6520694444444,22.6345
"D04","CUPE","101",2020-02-03,22.5285034722222,22.5695
"D04","CUPE","101",2020-02-04,22.4190763888889,22.462
"D04","CUPE","101",2020-02-05,22.39209375,22.2755
"D04","CUPE","101",2020-02-06,22.6358888888889,22.4715
"D04","CUPE","101",2020-02-07,22.8203368055556,22.723
"D04","CUPE","101",2020-02-08,22.5811145833333,22.671
"D04","CUPE","101",2020-02-09,22.41971875,22.4595
"D04","CUPE","101",2020-02-10,22.4268854166667,22.385
"D04","CUPE","101",2020-02-11,22.1780902777778,22.1695
"D04","CUPE","101",2020-02-12,22.1664842519685,22.045
"D04","CUPE","101",2020-02-13,22.2591458333333,22.145
"D04","CUPE","101",2020-02-14,22.1581527777778,22.032
"D04","CUPE","101",2020-02-15,22.3659618055556,22.2855
"D04","CUPE","101",2020-02-16,22.4369791666667,22.4865
"D04","CUPE","101",2020-02-17,22.5847083333333,22.3945
"D04","CUPE","101",2020-02-18,22.6352743055556,22.6185
"D04","CUPE","101",2020-02-19,22.4702013888889,22.315
"D04","CUPE","101",2020-02-20,22.3696875,22.408
"D04","CUPE","101",2020-02-21,21.9561076388889,22.0295
"D04","CUPE","101",2020-02-22,22.1999756944444,22.0705
"D04","CUPE","101",2020-02-23,22.2161180555556,22.199
"D04","CUPE","101",2020-02-24,22.1428958333333,22.1355
"D04","CUPE","101",2020-02-25,22.2165659722222,22.1625
"D04","CUPE","101",2020-02-26,22.3402291666667,22.2555
"D04","CUPE","101",2020-02-27,22.3078496240602,22.285
"D04","CUPE","101",2020-02-28,22.2797326388889,22.3715
"D04","CUPE","101",2020-02-29,22.5517673611111,22.4945
"D04","CUPE","101",2020-03-01,22.5598576388889,22.5855
"D04","CUPE","101",2020-03-02,22.4427326388889,22.416
"D04","CUPE","101",2020-03-03,22.3071909722222,22.271
"D04","CUPE","101",2020-03-04,22.2163715277778,22.175
"D04","CUPE","101",2020-03-05,22.2011770833333,22.1575
"D04","CUPE","101",2020-03-06,22.0999513888889,22.124
"D04","CUPE","101",2020-03-07,22.3478090277778,22.226
"D04","CUPE","101",2020-03-08,22.5614166666667,22.59
"D04","CUPE","101",2020-03-09,22.5103715277778,22.412
"D04","CUPE","101",2020-03-10,22.5884236111111,22.5335
"D04","CUPE","101",2020-03-11,22.5409756944444,22.582
"D04","CUPE","101",2020-03-12,22.8763467741936,22.5875
"D04","CUPE","101",2020-03-13,22.5976597222222,22.6695
"D04","CUPE","101",2020-03-14,22.4965972222222,22.333
"D04","CUPE","101",2020-03-15,22.4825625,22.4575
"D04","CUPE","101",2020-03-16,22.1978819444444,22.1155
"D04","CUPE","101",2020-03-17,22.4835763888889,22.361
"D04","CUPE","101",2020-03-18,22.4279340277778,22.4765
"D04","CUPE","101",2020-03-19,22.40315625,22.2655
"D04","CUPE","101",2020-03-20,22.6305347222222,22.3915
"D04","CUPE","101",2020-03-21,22.6213958333333,22.531
"D04","CUPE","101",2020-03-22,22.3747777777778,22.32
"D04","CUPE","101",2020-03-23,22.1060243055556,22.057
"D04","CUPE","101",2020-03-24,22.1734270833333,22.106
"D04","CUPE","101",2020-03-25,22.3492222222222,22.2955
"D04","CUPE","101",2020-03-26,22.6170243055556,22.4115
"D04","CUPE","101",2020-03-27,22.2251423611111,22.384
"D04","CUPE","101",2020-03-28,22.3662638888889,22.322
"D04","CUPE","101",2020-03-29,21.9157222222222,21.7985
"D04","CUPE","101",2020-03-30,22.0267534722222,21.93
"D04","CUPE","101",2020-03-31,22.235875,22.099
"D04","CUPE","101",2020-04-01,22.4152430555556,22.356
"D04","CUPE","101",2020-04-02,22.4856875,22.327
"D04","CUPE","101",2020-04-03,22.5005034722222,22.4705
"D04","CUPE","101",2020-04-04,22.7153263888889,22.6515
"D04","CUPE","101",2020-04-05,22.7743888888889,22.7465
"D04","CUPE","101",2020-04-06,23.1762465277778,23.034
"D04","CUPE","101",2020-04-07,23.4260902777778,23.3755
"D04","CUPE","101",2020-04-08,23.4133993055556,23.514
"D04","CUPE","101",2020-04-09,23.6156979166667,23.379
"D04","CUPE","101",2020-04-10,23.7333819444444,23.563
"D04","CUPE","101",2020-04-11,23.9954618055556,23.8285
"D04","CUPE","101",2020-04-12,24.1078645833333,24.0805
"D04","CUPE","101",2020-04-13,23.7117430555556,23.7955
"D04","CUPE","101",2020-04-14,23.4796770833333,23.5165
"D04","CUPE","101",2020-04-15,23.3515243055556,23.308
"D04","CUPE","101",2020-04-16,23.4356423611111,23.3905
"D04","CUPE","101",2020-04-17,23.3210104166667,23.3855
"D04","CUPE","101",2020-04-18,23.2079722222222,23.1255
"D04","CUPE","101",2020-04-19,23.42584375,23.2835
"D04","CUPE","101",2020-04-20,23.54428125,23.494
"D04","CUPE","101",2020-04-21,23.5635590277778,23.451
"D04","CUPE","101",2020-04-22,23.7012291666667,23.573
"D04","CUPE","101",2020-04-23,23.7303402777778,23.693
"D04","CUPE","101",2020-04-24,23.5652083333333,23.6345
"D04","CUPE","101",2020-04-25,23.4549791666667,23.486
"D04","CUPE","101",2020-04-26,23.2145694444444,23.225
"D04","CUPE","101",2020-04-27,23.0341597222222,23
"D04","CUPE","101",2020-04-28,23.3191527777778,23.2935
"D04","CUPE","101",2020-04-29,23.5753368055556,23.3605
"D04","CUPE","101",2020-04-30,23.5645069444444,23.546
"D04","CUPE","101",2020-05-01,23.9367291666667,23.7175
"D04","CUPE","101",2020-05-02,23.9689652777778,23.965
"D04","CUPE","101",2020-05-03,23.8162291666667,23.8835
"D04","CUPE","101",2020-05-04,23.6622638888889,23.7285
"D04","CUPE","101",2020-05-05,23.6052465277778,23.5255
"D04","CUPE","101",2020-05-06,24.0378854166667,23.8325
"D04","CUPE","101",2020-05-07,24.4268784722222,24.2225
"D04","CUPE","101",2020-05-08,24.5493333333333,24.3565
"D04","CUPE","101",2020-05-09,24.7460347222222,24.568
"D04","CUPE","101",2020-05-10,24.5522534722222,24.5105
"D04","CUPE","101",2020-05-11,24.2502468619247,24.222
"D04","CUPE","101",2020-05-12,24.3546215277778,24.1755
"D04","CUPE","101",2020-05-13,24.2721631944444,24.3755
"D04","CUPE","101",2020-05-14,24.2500208333333,24.1225
"D04","CUPE","101",2020-05-15,24.1148715277778,24.0575
"D04","CUPE","101",2020-05-16,24.3866875,24.1315
"D04","CUPE","101",2020-05-17,24.4827256944444,24.3685
"D04","CUPE","101",2020-05-18,24.6235451388889,24.5765
"D04","CUPE","101",2020-05-19,24.3487256944444,24.332
"D04","CUPE","101",2020-05-20,24.3029097222222,24.235
"D04","CUPE","101",2020-05-21,24.6923784722222,24.446
"D04","CUPE","101",2020-05-22,24.837875,24.8855
"D04","CUPE","101",2020-05-23,24.6219513888889,24.7335
"D04","CUPE","101",2020-05-24,24.7754340277778,24.579
"D04","CUPE","101",2020-05-25,24.6560416666667,24.618
"D04","CUPE","101",2020-05-26,24.6658784722222,24.611
"D04","CUPE","101",2020-05-27,24.7223333333333,24.7875
"D04","CUPE","101",2020-05-28,24.2760520833333,24.2815
"D04","CUPE","101",2020-05-29,24.3248819444444,23.989
"D04","CUPE","101",2020-05-30,24.5377986111111,24.479
"D04","CUPE","101",2020-05-31,24.3599479166667,24.4325
"D04","CUPE","101",2020-06-01,24.2103784722222,24.3365
"D04","CUPE","101",2020-06-02,24.0541944444444,24.1845
"D04","CUPE","101",2020-06-03,24.3506493055556,24.1275
"D04","CUPE","101",2020-06-04,24.7423159722222,24.667
"D04","CUPE","101",2020-06-05,24.3312708333333,24.3865
"D04","CUPE","101",2020-06-06,23.9890069444444,24.1065
"D04","CUPE","101",2020-06-07,24.0404861111111,23.964
"D04","CUPE","101",2020-06-08,24.11025,24.246
"D04","CUPE","101",2020-06-09,23.9258472222222,23.927
"D04","CUPE","101",2020-06-10,23.6313402777778,23.5785
"D04","CUPE","101",2020-06-11,23.5871770833333,23.5145
"D04","CUPE","101",2020-06-12,23.6910555555556,23.7415
"D04","CUPE","101",2020-06-13,23.9438645833333,23.609
"D04","CUPE","101",2020-06-14,24.1461631944444,24.126
"D04","CUPE","101",2020-06-15,24.1827673611111,24.0515
"D04","CUPE","101",2020-06-16,24.2317604166667,24.188
"D04","CUPE","101",2020-06-17,24.2541944444444,24.324
"D04","CUPE","101",2020-06-18,24.1192874015748,24.2315
"D04","CUPE","101",2020-06-19,24.3004270833333,24.0905
"D04","CUPE","101",2020-06-20,24.54834375,24.527
"D04","CUPE","101",2020-06-21,24.8251180555556,24.7615
"D04","CUPE","101",2020-06-22,24.97865625,24.8825
"D04","CUPE","101",2020-06-23,25.0441006944444,25.089
"D04","CUPE","101",2020-06-24,24.6179097222222,24.65
"D04","CUPE","101",2020-06-25,24.0659791666667,23.8915
"D04","CUPE","101",2020-06-26,24.3004756944444,24.2045
"D04","CUPE","101",2020-06-27,24.5853263888889,24.6065
"D04","CUPE","101",2020-06-28,24.52834375,24.553
"D04","CUPE","101",2020-06-29,24.0531319444444,24.0545
"D04","CUPE","101",2020-06-30,23.6219182156134,23.333
"D04","CUPE","101",2020-07-01,24.0405,23.9575
"D04","CUPE","101",2020-07-02,24.4689479166667,24.223
"D04","CUPE","101",2020-07-03,24.7473645833333,24.683
"D04","CUPE","101",2020-07-04,24.6233784722222,24.7125
"D04","CUPE","101",2020-07-05,24.3309826388889,24.4
"D04","CUPE","101",2020-07-06,24.3755694444444,24.2995
"D04","CUPE","101",2020-07-07,24.3966944444444,24.506
"D04","CUPE","101",2020-07-08,24.4711666666667,24.372
"D04","CUPE","101",2020-07-09,24.4694375,24.5435
"D04","CUPE","101",2020-07-10,24.4619965277778,24.425
"D04","CUPE","101",2020-07-11,24.4440486111111,24.3845
"D04","CUPE","101",2020-07-12,24.8268923611111,24.6145
"D04","CUPE","101",2020-07-13,24.9943888888889,24.977
"D04","CUPE","101",2020-07-14,24.8203473282443,24.922
"D04","CUPE","101",2020-07-15,24.4550972222222,24.4865
"D04","CUPE","101",2020-07-16,24.1417465277778,24.0855
"D04","CUPE","101",2020-07-17,24.2874618055556,24.2435
"D04","CUPE","101",2020-07-18,23.7407986111111,23.8345
"D04","CUPE","101",2020-07-19,23.7071909722222,23.428
"D04","CUPE","101",2020-07-20,23.7943680555556,23.798
"D04","CUPE","101",2020-07-21,23.8825416666667,23.89
"D04","CUPE","101",2020-07-22,23.96534375,23.8845
"D04","CUPE","101",2020-07-23,23.8145486111111,23.739
"D04","CUPE","101",2020-07-24,24.1832083333333,23.95
"D04","CUPE","101",2020-07-25,24.33525,24.335
"D04","CUPE","101",2020-07-26,24.1736006944444,24.171
"D04","CUPE","101",2020-07-27,23.9807638888889,23.8795
"D04","CUPE","101",2020-07-28,24.1905381944444,24.0095
"D04","CUPE","101",2020-07-29,24.3794340277778,24.421
"D04","CUPE","101",2020-07-30,653261.00303125,271.021
"D04","CUPE","101",2020-08-01,21781119.650625,21937774.7355
"D04","CUPE","101",2020-08-02,NA,NA
"D04","CUPE","101",2020-08-03,NA,NA
"D04","CUPE","101",2020-08-04,195.353684931507,168.935
"D04","CUPE","101",2020-08-05,173.755135416667,172.8315
"D04","CUPE","101",2020-08-06,181.756684027778,180.5905
"D04","CUPE","101",2020-08-07,189.974652777778,188.709
"D04","CUPE","101",2020-08-08,216.867850694444,221.142
"D04","CUPE","101",2020-08-09,240.462361111111,244.4125
"D04","CUPE","101",2020-08-10,234.621942748092,244.144
"D04","CUPE","101",2020-08-11,199.999121527778,200.018
"D04","CUPE","101",2020-08-12,210.278857638889,209.116
"D04","CUPE","101",2020-08-13,119.3767375,197.203
"D04","CUPE","101",2020-08-14,-27.4421909722222,-27.473
"D04","CUPE","101",2020-08-15,-27.3701493055556,-27.7385
"D04","CUPE","101",2020-08-16,-27.4756770833333,-27.5665
"D04","CUPE","101",2020-08-17,-27.7067986111111,-27.7405
"D04","CUPE","101",2020-08-18,-27.6787361111111,-27.713
"D04","CUPE","101",2020-08-19,-27.9635868055556,-28.0365
"D04","CUPE","101",2020-08-20,-28.2810104166667,-28.339
"D04","CUPE","101",2020-08-21,-28.9273055555556,-28.9435
"D04","CUPE","101",2020-08-22,-29.74678125,-29.696
"D04","CUPE","101",2020-08-23,-31.8336180555556,-30.694
"D04","CUPE","101",2020-08-24,-30.5445347222222,-30.488
"D04","CUPE","101",2020-08-25,-30.6787465277778,-30.8725
"D04","CUPE","101",2020-08-26,-30.0584618055556,-30.4045
"D04","CUPE","101",2020-08-27,-57.1391398601399,-30.9815
"D04","CUPE","101",2020-08-28,-150.482777777778,-189.47
"D04","CUPE","101",2020-08-29,-130.005125,-155.1805
"D04","CUPE","101",2020-08-30,-156.514565972222,-179.044
"D04","CUPE","101",2020-08-31,-98.46109375,-56.1305
"D04","CUPE","101",2020-09-01,-107.456322916667,-131.6545
"D04","CUPE","101",2020-09-02,-128.296204861111,-147.0185
"D04","CUPE","101",2020-09-03,-107.796100694444,-106.826
"D04","CUPE","101",2020-09-04,-153.7041875,-173.1685
"D04","CUPE","101",2020-09-05,-198.197267361111,-189.762
"D04","CUPE","101",2020-09-06,-183.470159722222,-202.081
"D04","CUPE","101",2020-09-07,-203.146451388889,-211.9265
"D04","CUPE","101",2020-09-08,-226.663659722222,-225.5545
"D04","CUPE","101",2020-09-09,-230.467975694444,-226.801
"D04","CUPE","101",2020-09-10,-153.185603053435,-236.6895
"D04","CUPE","101",2020-09-11,-31.70278125,-31.662
"D04","CUPE","101",2020-09-12,-31.75490625,-31.8315
"D04","CUPE","101",2020-09-13,-31.4296701388889,-31.8155
"D04","CUPE","101",2020-09-14,-30.725881533101,-30.977
"D04","CUPE","101",2020-09-15,-30.6666076388889,-30.733
"D04","CUPE","101",2020-09-16,-31.2349340277778,-31.14
"D04","CUPE","101",2020-09-17,-31.18084375,-31.381
"D04","CUPE","101",2020-09-18,-31.3459652777778,-31.331
"D04","CUPE","101",2020-09-19,-31.5208888888889,-31.5165
"D04","CUPE","101",2020-09-20,-31.8877777777778,-32.1065
"D04","CUPE","101",2020-09-21,-31.6665763888889,-31.777
"D04","CUPE","101",2020-09-22,-31.6460208333333,-31.848
"D04","CUPE","101",2020-09-23,-31.4034791666667,-31.5555
"D04","CUPE","101",2020-09-24,-32.5503958333333,-31.5535
"D04","CUPE","101",2020-09-25,-37.3422395833333,-37.357
"D04","CUPE","101",2020-09-26,-37.3479166666667,-37.382
"D04","CUPE","101",2020-09-27,-37.29771875,-37.333
"D04","CUPE","101",2020-09-28,-28.8295555555556,-37.268
"D04","CUPE","101",2020-09-29,-37.1619756944444,-37.232
"D04","CUPE","101",2020-09-30,-36.97690625,-37.028
"D04","CUPE","102",2018-05-18,23.1017604166667,23.094
"D04","CUPE","102",2018-05-19,23.2361666666667,23.062
"D04","CUPE","102",2018-05-20,23.4879201388889,23.3445
"D04","CUPE","102",2018-05-21,23.0915393700787,23.088
"D04","CUPE","102",2018-05-22,22.9366145833333,22.837
"D04","CUPE","102",2018-05-23,23.3329652777778,23.085
"D04","CUPE","102",2018-05-24,23.7434756944444,23.6695
"D04","CUPE","102",2018-05-25,23.8934409722222,23.872
"D04","CUPE","102",2018-05-26,24.0109895833333,23.899
"D04","CUPE","102",2018-05-27,23.8934166666667,23.835
"D04","CUPE","102",2018-05-28,24.0062986111111,24.052
"D04","CUPE","102",2018-05-29,23.7865034722222,23.8545
"D04","CUPE","102",2018-05-30,23.9063055555556,23.815
"D04","CUPE","102",2018-05-31,23.8928541666667,23.9435
"D04","CUPE","102",2018-06-01,23.6942152777778,23.5255
"D04","CUPE","102",2018-06-02,24.0595069444444,23.946
"D04","CUPE","102",2018-06-03,24.37865625,24.1655
"D04","CUPE","102",2018-06-04,24.2707676348548,24.28
"D04","CUPE","102",2018-06-05,24.3628472222222,24.305
"D04","CUPE","102",2018-06-06,24.4297013888889,24.394
"D04","CUPE","102",2018-06-07,24.5195208333333,24.4055
"D04","CUPE","102",2018-06-08,24.4671527777778,24.4975
"D04","CUPE","102",2018-06-09,24.3327256944444,24.314
"D04","CUPE","102",2018-06-10,24.3532881944444,24.3225
"D04","CUPE","102",2018-06-11,24.4994270833333,24.4835
"D04","CUPE","102",2018-06-12,24.4913055555556,24.3415
"D04","CUPE","102",2018-06-13,24.8316631578947,24.598
"D04","CUPE","102",2018-06-14,24.7553819444444,24.786
"D04","CUPE","102",2018-06-15,24.3150208333333,24.479
"D04","CUPE","102",2018-06-16,24.4033611111111,24.27
"D04","CUPE","102",2018-06-17,24.7438888888889,24.7
"D04","CUPE","102",2018-06-18,24.788162055336,24.747
"D04","CUPE","102",2018-06-19,24.8833819444444,24.7885
"D04","CUPE","102",2018-06-20,25.0306909722222,24.9415
"D04","CUPE","102",2018-06-21,24.8216770833333,24.7465
"D04","CUPE","102",2018-06-22,24.5283333333333,24.536
"D04","CUPE","102",2018-06-23,23.9999652777778,23.991
"D04","CUPE","102",2018-06-24,24.0922048611111,23.7745
"D04","CUPE","102",2018-06-25,24.3817222222222,24.332
"D04","CUPE","102",2018-06-26,24.4755555555556,24.4865
"D04","CUPE","102",2018-06-27,24.4890868055556,24.56
"D04","CUPE","102",2018-06-28,24.4711631944444,24.4445
"D04","CUPE","102",2018-06-29,24.4864861111111,24.482
"D04","CUPE","102",2018-06-30,24.7042430555556,24.658
"D04","CUPE","102",2018-07-01,24.6420763888889,24.595
"D04","CUPE","102",2018-07-02,24.7354331983806,24.843
"D04","CUPE","102",2018-07-03,24.7917048611111,24.688
"D04","CUPE","102",2018-07-04,24.7838958333333,24.7515
"D04","CUPE","102",2018-07-05,24.6978020833333,24.814
"D04","CUPE","102",2018-07-06,24.676125,24.659
"D04","CUPE","102",2018-07-07,24.6370069444444,24.5715
"D04","CUPE","102",2018-07-08,24.8280868055556,24.795
"D04","CUPE","102",2018-07-09,24.7409826388889,24.743
"D04","CUPE","102",2018-07-10,24.7414861111111,24.5315
"D04","CUPE","102",2018-07-11,24.8603745454545,24.744
"D04","CUPE","102",2018-07-12,24.6686701388889,24.6515
"D04","CUPE","102",2018-07-13,24.1952777777778,24.0605
"D04","CUPE","102",2018-07-14,24.49434375,24.366
"D04","CUPE","102",2018-07-15,24.7636215277778,24.8015
"D04","CUPE","102",2018-07-16,24.6182149122807,24.76
"D04","CUPE","102",2018-07-17,24.5669513888889,24.515
"D04","CUPE","102",2018-07-18,24.4999652777778,24.638
"D04","CUPE","102",2018-07-19,24.4318819444444,24.414
"D04","CUPE","102",2018-07-20,24.6778020833333,24.505
"D04","CUPE","102",2018-07-21,24.8817777777778,24.915
"D04","CUPE","102",2018-07-22,24.6946701388889,24.742
"D04","CUPE","102",2018-07-23,24.3579513888889,24.424
"D04","CUPE","102",2018-07-24,24.4173854166667,24.263
"D04","CUPE","102",2018-07-25,24.5158576388889,24.5155
"D04","CUPE","102",2018-07-26,24.6966423611111,24.636
"D04","CUPE","102",2018-07-27,24.6399722222222,24.5745
"D04","CUPE","102",2018-07-28,24.4441458333333,24.4815
"D04","CUPE","102",2018-07-29,24.1514131944444,24.072
"D04","CUPE","102",2018-07-30,24.357626984127,24.4595
"D04","CUPE","102",2018-07-31,24.4615833333333,24.526
"D04","CUPE","102",2018-08-01,24.2132534722222,24.1445
"D04","CUPE","102",2018-08-02,23.8896215277778,23.8635
"D04","CUPE","102",2018-08-03,23.8030104166667,23.8325
"D04","CUPE","102",2018-08-04,23.9363576388889,23.9625
"D04","CUPE","102",2018-08-05,24.1777256944444,24.1715
"D04","CUPE","102",2018-08-06,24.2911979166667,24.257
"D04","CUPE","102",2018-08-07,24.6716527777778,24.4655
"D04","CUPE","102",2018-08-08,24.9518090277778,24.971
"D04","CUPE","102",2018-08-09,24.6949652777778,24.762
"D04","CUPE","102",2018-08-10,24.6105381944444,24.528
"D04","CUPE","102",2018-08-11,24.6318923611111,24.697
"D04","CUPE","102",2018-08-12,24.5947013888889,24.636
"D04","CUPE","102",2018-08-13,24.48171484375,24.517
"D04","CUPE","102",2018-08-14,24.3067152777778,24.2735
"D04","CUPE","102",2018-08-15,24.0991666666667,24.2145
"D04","CUPE","102",2018-08-16,23.7386909722222,23.6815
"D04","CUPE","102",2018-08-17,23.4937256944444,23.3325
"D04","CUPE","102",2018-08-18,23.5360208333333,23.496
"D04","CUPE","102",2018-08-19,23.1950798611111,23.1425
"D04","CUPE","102",2018-08-20,23.6002083333333,23.482
"D04","CUPE","102",2018-08-21,23.7481180555556,23.6995
"D04","CUPE","102",2018-08-22,23.86794140625,23.796
"D04","CUPE","102",2018-08-23,23.9588461538462,23.858
"D04","CUPE","102",2018-08-24,23.4521796116505,23.3095
"D04","CUPE","102",2018-08-25,23.2389965277778,22.944
"D04","CUPE","102",2018-08-26,23.5647986111111,23.433
"D04","CUPE","102",2018-08-27,23.5853387755102,23.716
"D04","CUPE","102",2018-08-28,23.6998645833333,23.5425
"D04","CUPE","102",2018-08-29,23.678212543554,23.754
"D04","CUPE","102",2018-08-30,23.4419618055556,23.4055
"D04","CUPE","102",2018-08-31,23.4719513888889,23.1375
"D04","CUPE","102",2018-09-01,23.7523819444444,23.8135
"D04","CUPE","102",2018-09-02,23.7016388888889,23.672
"D04","CUPE","102",2018-09-03,23.4783402777778,23.3925
"D04","CUPE","102",2018-09-04,23.6860836653386,23.586
"D04","CUPE","102",2018-09-05,23.8762986111111,23.874
"D04","CUPE","102",2018-09-06,23.5903194444444,23.552
"D04","CUPE","102",2018-09-07,23.0211770833333,22.7985
"D04","CUPE","102",2018-09-08,23.4938888888889,23.3735
"D04","CUPE","102",2018-09-09,23.6026944444444,23.5175
"D04","CUPE","102",2018-09-10,23.429004,23.4965
"D04","CUPE","102",2018-09-11,22.9963680555556,22.9595
"D04","CUPE","102",2018-09-12,23.4983854166667,23.205
"D04","CUPE","102",2018-09-13,23.4645253164557,23.4025
"D04","CUPE","102",2018-09-14,NA,NA
"D04","CUPE","102",2018-09-15,NA,NA
"D04","CUPE","102",2018-09-16,NA,NA
"D04","CUPE","102",2018-09-17,NA,NA
"D04","CUPE","102",2018-09-18,NA,NA
"D04","CUPE","102",2018-09-19,NA,NA
"D04","CUPE","102",2018-09-20,24.4701395348837,24.4885
"D04","CUPE","102",2018-09-21,23.7642395833333,23.6535
"D04","CUPE","102",2018-09-22,23.6926111111111,23.7995
"D04","CUPE","102",2018-09-23,23.6725763888889,23.6905
"D04","CUPE","102",2018-09-24,23.5386812749004,23.653
"D04","CUPE","102",2018-09-25,23.6135486111111,23.502
"D04","CUPE","102",2018-09-26,23.6812361111111,23.692
"D04","CUPE","102",2018-09-27,23.5110798611111,23.516
"D04","CUPE","102",2018-09-28,23.6577569444444,23.571
"D04","CUPE","102",2018-09-29,23.3740138888889,23.1355
"D04","CUPE","102",2018-09-30,23.5616458333333,23.4805
"D04","CUPE","102",2018-10-01,23.4002048611111,23.323
"D04","CUPE","102",2018-10-02,23.2238819444444,23.083
"D04","CUPE","102",2018-10-03,22.8522951388889,22.5685
"D04","CUPE","102",2018-10-04,23.3186180555556,23.0595
"D04","CUPE","102",2018-10-05,23.4983333333333,23.5115
"D04","CUPE","102",2018-10-06,23.3591388888889,23.3345
"D04","CUPE","102",2018-10-07,23.24203125,23.098
"D04","CUPE","102",2018-10-08,23.7526377952756,23.635
"D04","CUPE","102",2018-10-09,23.9099444444444,23.8015
"D04","CUPE","102",2018-10-10,23.4395380952381,23.33
"D04","CUPE","102",2018-10-11,NA,NA
"D04","CUPE","102",2018-10-12,NA,NA
"D04","CUPE","102",2018-10-13,NA,NA
"D04","CUPE","102",2018-10-14,NA,NA
"D04","CUPE","102",2018-10-15,NA,NA
"D04","CUPE","102",2018-10-16,NA,NA
"D04","CUPE","102",2018-10-17,NA,NA
"D04","CUPE","102",2018-10-18,NA,NA
"D04","CUPE","102",2018-10-19,23.5929888888889,23.6325
"D04","CUPE","102",2018-10-20,23.1329097222222,23.096
"D04","CUPE","102",2018-10-21,23.1397777777778,23.0145
"D04","CUPE","102",2018-10-22,23.1529201388889,23.113
"D04","CUPE","102",2018-10-23,23.2856653543307,23.2485
"D04","CUPE","102",2018-10-24,23.3219791666667,23.093
"D04","CUPE","102",2018-10-25,23.2617326388889,23.202
"D04","CUPE","102",2018-10-26,23.4984930555556,23.367
"D04","CUPE","102",2018-10-27,23.3393611111111,23.325
"D04","CUPE","102",2018-10-28,23.2265138888889,23.292
"D04","CUPE","102",2018-10-29,22.9146805555556,22.9275
"D04","CUPE","102",2018-10-30,22.8688055555556,22.7065
"D04","CUPE","102",2018-10-31,23.1681840277778,23.053
"D04","CUPE","102",2018-11-01,23.4099861111111,23.3695
"D04","CUPE","102",2018-11-02,23.0177777777778,23.087
"D04","CUPE","102",2018-11-03,22.9218472222222,22.826
"D04","CUPE","102",2018-11-04,22.8451770833333,22.837
"D04","CUPE","102",2018-11-05,22.4375642023346,22.379
"D04","CUPE","102",2018-11-06,22.3588055555556,22.255
"D04","CUPE","102",2018-11-07,22.4285833333333,22.272
"D04","CUPE","102",2018-11-08,22.8221979166667,22.6195
"D04","CUPE","102",2018-11-09,22.7357291666667,22.694
"D04","CUPE","102",2018-11-10,22.5843506944444,22.3765
"D04","CUPE","102",2018-11-11,22.7925590277778,22.7325
"D04","CUPE","102",2018-11-12,22.8119513888889,22.723
"D04","CUPE","102",2018-11-13,22.9394895833333,22.835
"D04","CUPE","102",2018-11-14,22.8852326388889,22.874
"D04","CUPE","102",2018-11-15,22.8632430555556,22.78
"D04","CUPE","102",2018-11-16,22.8557534722222,22.8065
"D04","CUPE","102",2018-11-17,23.0348819444444,22.8525
"D04","CUPE","102",2018-11-18,22.9316527777778,22.848
"D04","CUPE","102",2018-11-19,22.7795625,22.8575
"D04","CUPE","102",2018-11-20,22.5630557620818,22.657
"D04","CUPE","102",2018-11-21,22.7908090277778,22.6465
"D04","CUPE","102",2018-11-22,22.6671006944444,22.64
"D04","CUPE","102",2018-11-23,22.5919166666667,22.624
"D04","CUPE","102",2018-11-24,22.5750902777778,22.412
"D04","CUPE","102",2018-11-25,22.6497708333333,22.55
"D04","CUPE","102",2018-11-26,22.6608229166667,22.7315
"D04","CUPE","102",2018-11-27,22.7296180555556,22.78
"D04","CUPE","102",2018-11-28,22.7539409722222,22.645
"D04","CUPE","102",2018-11-29,22.6181597222222,22.6355
"D04","CUPE","102",2018-11-30,22.06515625,22.124
"D04","CUPE","102",2018-12-01,22.2972847222222,22.336
"D04","CUPE","102",2018-12-02,22.1427777777778,22.2175
"D04","CUPE","102",2018-12-03,22.1534340277778,22.063
"D04","CUPE","102",2018-12-04,22.0932638888889,22.137
"D04","CUPE","102",2018-12-05,21.8280409836066,21.8835
"D04","CUPE","102",2018-12-06,21.8197152777778,21.9185
"D04","CUPE","102",2018-12-07,21.9204416058394,21.7145
"D04","CUPE","102",2018-12-08,22.0086875,22.0405
"D04","CUPE","102",2018-12-09,21.9063784722222,21.953
"D04","CUPE","102",2018-12-10,21.8483125,21.8095
"D04","CUPE","102",2018-12-11,22.0974131944444,21.926
"D04","CUPE","102",2018-12-12,21.8116180555556,21.8105
"D04","CUPE","102",2018-12-13,21.6885877192982,21.7605
"D04","CUPE","102",2018-12-14,21.9296736111111,21.887
"D04","CUPE","102",2018-12-15,21.9588645833333,21.9565
"D04","CUPE","102",2018-12-16,22.0412847222222,21.9025
"D04","CUPE","102",2018-12-17,21.9877298850575,21.9915
"D04","CUPE","102",2018-12-18,22.6218313253012,22.633
"D04","CUPE","102",2018-12-19,21.9906527777778,22.0195
"D04","CUPE","102",2018-12-20,22.2703576388889,22.1165
"D04","CUPE","102",2018-12-21,22.2608125,22.2865
"D04","CUPE","102",2018-12-22,21.9515555555556,22.0775
"D04","CUPE","102",2018-12-23,22.3136770833333,22.257
"D04","CUPE","102",2018-12-24,21.9684895833333,21.9895
"D04","CUPE","102",2018-12-25,21.8699861111111,21.846
"D04","CUPE","102",2018-12-26,21.8176597222222,21.918
"D04","CUPE","102",2018-12-27,21.871625,21.8205
"D04","CUPE","102",2018-12-28,21.9028125,21.976
"D04","CUPE","102",2018-12-29,22.0354895833333,22.0235
"D04","CUPE","102",2018-12-30,22.0310104166667,22.0075
"D04","CUPE","102",2018-12-31,21.7313645833333,21.6805
"D04","CUPE","102",2019-01-01,21.76671875,21.7545
"D04","CUPE","102",2019-01-02,21.6738211382114,21.617
"D04","CUPE","102",2019-01-03,21.9801875,21.8535
"D04","CUPE","102",2019-01-04,21.8549513888889,21.872
"D04","CUPE","102",2019-01-05,22.0651041666667,21.944
"D04","CUPE","102",2019-01-06,21.9617152777778,21.942
"D04","CUPE","102",2019-01-07,21.8413680555556,21.842
"D04","CUPE","102",2019-01-08,21.8145590277778,21.921
"D04","CUPE","102",2019-01-09,21.7828993055556,21.766
"D04","CUPE","102",2019-01-10,21.8445277777778,21.837
"D04","CUPE","102",2019-01-11,21.9825104166667,21.915
"D04","CUPE","102",2019-01-12,21.7832291666667,21.864
"D04","CUPE","102",2019-01-13,21.7176736111111,21.695
"D04","CUPE","102",2019-01-14,21.5437361111111,21.6235
"D04","CUPE","102",2019-01-15,21.59334375,21.7235
"D04","CUPE","102",2019-01-16,21.4932517985612,21.6305
"D04","CUPE","102",2019-01-17,21.4104756944444,21.499
"D04","CUPE","102",2019-01-18,21.4748194444444,21.4655
"D04","CUPE","102",2019-01-19,21.2506388888889,21.3225
"D04","CUPE","102",2019-01-20,21.1821284722222,21.206
"D04","CUPE","102",2019-01-21,21.2560451388889,21.2195
"D04","CUPE","102",2019-01-22,21.6383854166667,21.615
"D04","CUPE","102",2019-01-23,21.6224236111111,21.596
"D04","CUPE","102",2019-01-24,21.5771423611111,21.449
"D04","CUPE","102",2019-01-25,21.5491180555556,21.4985
"D04","CUPE","102",2019-01-26,21.2986631944444,21.429
"D04","CUPE","102",2019-01-27,21.4834479166667,21.2975
"D04","CUPE","102",2019-01-28,21.9699791666667,21.873
"D04","CUPE","102",2019-01-29,22.0198020833333,22.0645
"D04","CUPE","102",2019-01-30,21.8181732283465,21.7755
"D04","CUPE","102",2019-01-31,21.8412291666667,21.872
"D04","CUPE","102",2019-02-01,21.4127222222222,21.524
"D04","CUPE","102",2019-02-02,21.2097881944444,21.302
"D04","CUPE","102",2019-02-03,21.0942256944444,21.168
"D04","CUPE","102",2019-02-04,21.3260555555556,21.2835
"D04","CUPE","102",2019-02-05,21.2726701388889,21.267
"D04","CUPE","102",2019-02-06,21.4498020833333,21.384
"D04","CUPE","102",2019-02-07,21.6939861111111,21.684
"D04","CUPE","102",2019-02-08,21.6361770833333,21.6435
"D04","CUPE","102",2019-02-09,21.7557326388889,21.608
"D04","CUPE","102",2019-02-10,21.8140694444444,21.7535
"D04","CUPE","102",2019-02-11,21.7487624521073,21.81
"D04","CUPE","102",2019-02-12,21.6485381944444,21.503
"D04","CUPE","102",2019-02-13,21.7608472222222,21.686
"D04","CUPE","102",2019-02-14,21.9654513888889,21.91
"D04","CUPE","102",2019-02-15,22.1201805555556,22.0325
"D04","CUPE","102",2019-02-16,22.3691111111111,22.155
"D04","CUPE","102",2019-02-17,22.5467777777778,22.475
"D04","CUPE","102",2019-02-18,22.3139722222222,22.276
"D04","CUPE","102",2019-02-19,21.9629791666667,22.1115
"D04","CUPE","102",2019-02-20,21.8669166666667,21.9025
"D04","CUPE","102",2019-02-21,21.8294756944444,21.9225
"D04","CUPE","102",2019-02-22,22.0189826388889,21.71
"D04","CUPE","102",2019-02-23,22.0550381944444,22.133
"D04","CUPE","102",2019-02-24,22.0745798611111,21.901
"D04","CUPE","102",2019-02-25,21.8086076388889,21.9275
"D04","CUPE","102",2019-02-26,21.87721875,21.8525
"D04","CUPE","102",2019-02-27,22.26307421875,22.0105
"D04","CUPE","102",2019-02-28,22.2603125,22.302
"D04","CUPE","102",2019-03-01,22.29615625,22.3015
"D04","CUPE","102",2019-03-02,22.1185868055556,22.051
"D04","CUPE","102",2019-03-03,22.0909930555556,22.1255
"D04","CUPE","102",2019-03-04,22.0445868055556,22.0495
"D04","CUPE","102",2019-03-05,22.1410798611111,22.0835
"D04","CUPE","102",2019-03-06,22.2127222222222,22.271
"D04","CUPE","102",2019-03-07,22.1863020833333,22.2685
"D04","CUPE","102",2019-03-08,21.9385902777778,22.106
"D04","CUPE","102",2019-03-09,22.07425,21.9685
"D04","CUPE","102",2019-03-10,21.8603958333333,21.9045
"D04","CUPE","102",2019-03-11,21.7525486111111,21.768
"D04","CUPE","102",2019-03-12,21.4651944444444,21.5025
"D04","CUPE","102",2019-03-13,21.4484187725632,21.662
"D04","CUPE","102",2019-03-14,21.5432222222222,21.5515
"D04","CUPE","102",2019-03-15,21.4603611111111,21.5865
"D04","CUPE","102",2019-03-16,21.6228333333333,21.5355
"D04","CUPE","102",2019-03-17,21.4915044247788,21.5485
"D04","CUPE","102",2019-03-18,21.8185243055556,21.7775
"D04","CUPE","102",2019-03-19,21.9600972222222,21.8445
"D04","CUPE","102",2019-03-20,21.8596354166667,21.8495
"D04","CUPE","102",2019-03-21,22.1013263888889,21.955
"D04","CUPE","102",2019-03-22,22.0975416666667,22.0255
"D04","CUPE","102",2019-03-23,22.2679791666667,22.3215
"D04","CUPE","102",2019-03-24,22.0734340277778,21.9955
"D04","CUPE","102",2019-03-25,22.4202881944444,22.1585
"D04","CUPE","102",2019-03-26,22.6389652777778,22.546
"D04","CUPE","102",2019-03-27,22.6826411290323,22.571
"D04","CUPE","102",2019-03-28,22.9036388888889,22.773
"D04","CUPE","102",2019-03-29,22.81440625,22.837
"D04","CUPE","102",2019-03-30,22.7810208333333,22.787
"D04","CUPE","102",2019-03-31,22.6326041666667,22.7375
"D04","CUPE","102",2019-04-01,22.4492847222222,22.528
"D04","CUPE","102",2019-04-02,22.6222777777778,22.4995
"D04","CUPE","102",2019-04-03,22.4411111111111,22.559
"D04","CUPE","102",2019-04-04,22.0588210116732,22.075
"D04","CUPE","102",2019-04-05,21.857625,21.9605
"D04","CUPE","102",2019-04-06,22.2667569444444,22.033
"D04","CUPE","102",2019-04-07,22.2676319444444,22.34
"D04","CUPE","102",2019-04-08,22.2263576388889,22.181
"D04","CUPE","102",2019-04-09,22.1365092936803,22.252
"D04","CUPE","102",2019-04-10,22.4695590277778,22.3285
"D04","CUPE","102",2019-04-11,22.8658611111111,22.566
"D04","CUPE","102",2019-04-12,22.8451006944444,22.842
"D04","CUPE","102",2019-04-13,22.4562150537634,22.584
"D04","CUPE","102",2019-04-14,22.5615381944444,22.473
"D04","CUPE","102",2019-04-15,22.5766006944444,22.581
"D04","CUPE","102",2019-04-16,22.8144166666667,22.798
"D04","CUPE","102",2019-04-17,22.5905590277778,22.651
"D04","CUPE","102",2019-04-18,22.4392013888889,22.43
"D04","CUPE","102",2019-04-19,22.5128055555556,22.445
"D04","CUPE","102",2019-04-20,22.7339548611111,22.6945
"D04","CUPE","102",2019-04-21,22.6550486111111,22.6705
"D04","CUPE","102",2019-04-22,22.4204826388889,22.4675
"D04","CUPE","102",2019-04-23,22.3843333333333,22.384
"D04","CUPE","102",2019-04-24,22.2276666666667,22.342
"D04","CUPE","102",2019-04-25,NA,NA
"D04","CUPE","102",2019-04-26,NA,NA
"D04","CUPE","102",2019-04-27,NA,NA
"D04","CUPE","102",2019-04-28,23.1372586206897,23.166
"D04","CUPE","102",2019-04-29,23.2131004366812,23.009
"D04","CUPE","102",2019-04-30,23.0604763636364,23.183
"D04","CUPE","102",2019-05-01,23.1392152777778,23.0165
"D04","CUPE","102",2019-05-02,23.4633819444444,23.4145
"D04","CUPE","102",2019-05-03,23.0256666666667,23.0115
"D04","CUPE","102",2019-05-04,NA,NA
"D04","CUPE","102",2019-05-05,NA,NA
"D04","CUPE","102",2019-05-06,NA,NA
"D04","CUPE","102",2019-05-07,23.5963823529412,23.671
"D04","CUPE","102",2019-05-08,23.1974965277778,23.2875
"D04","CUPE","102",2019-05-09,23.1308649635037,23.2165
"D04","CUPE","102",2019-05-10,22.93818,22.9685
"D04","CUPE","102",2019-05-11,NA,NA
"D04","CUPE","102",2019-05-12,NA,NA
"D04","CUPE","102",2019-05-13,NA,NA
"D04","CUPE","102",2019-05-14,NA,NA
"D04","CUPE","102",2019-05-15,NA,NA
"D04","CUPE","102",2019-05-16,NA,NA
"D04","CUPE","102",2019-05-17,NA,NA
"D04","CUPE","102",2019-05-18,NA,NA
"D04","CUPE","102",2019-05-19,NA,NA
"D04","CUPE","102",2019-05-20,NA,NA
"D04","CUPE","102",2019-05-21,24.3691694915254,24.448
"D04","CUPE","102",2019-05-22,24.0319479166667,24.0795
"D04","CUPE","102",2019-05-23,23.9576805555556,24.0265
"D04","CUPE","102",2019-05-24,23.9459618055556,23.8605
"D04","CUPE","102",2019-05-25,23.8381505791506,23.889
"D04","CUPE","102",2019-05-26,23.6642795275591,23.669
"D04","CUPE","102",2019-05-27,23.9995138888889,23.9095
"D04","CUPE","102",2019-05-28,23.8099714285714,23.829
"D04","CUPE","102",2019-05-29,23.9596721311475,23.978
"D04","CUPE","102",2019-05-30,23.5951284722222,23.6
"D04","CUPE","102",2019-05-31,23.2367045454545,23.189
"D04","CUPE","102",2019-06-01,24.1389571428571,24.063
"D04","CUPE","102",2019-06-02,23.4052330097087,23.417
"D04","CUPE","102",2019-06-03,NA,NA
"D04","CUPE","102",2019-06-04,24.2955114503817,24.439
"D04","CUPE","102",2019-06-05,24.1482708333333,24.1115
"D04","CUPE","102",2019-06-06,24.3288125,24.193
"D04","CUPE","102",2019-06-07,24.4057986111111,24.371
"D04","CUPE","102",2019-06-08,24.2917777777778,24.3895
"D04","CUPE","102",2019-06-09,24.3741493055556,24.2745
"D04","CUPE","102",2019-06-10,24.5493090277778,24.4415
"D04","CUPE","102",2019-06-11,24.3836597222222,24.488
"D04","CUPE","102",2019-06-12,24.0840416666667,24.1825
"D04","CUPE","102",2019-06-13,23.9554722222222,23.9995
"D04","CUPE","102",2019-06-14,23.8339930555556,23.9305
"D04","CUPE","102",2019-06-15,23.8697152777778,23.8825
"D04","CUPE","102",2019-06-16,23.733546875,23.721
"D04","CUPE","102",2019-06-17,24.9010530973451,24.972
"D04","CUPE","102",2019-06-18,24.5097638376384,24.569
"D04","CUPE","102",2019-06-19,24.6940833333333,24.6055
"D04","CUPE","102",2019-06-20,24.8899305555556,24.8235
"D04","CUPE","102",2019-06-21,25.2271076388889,25.12
"D04","CUPE","102",2019-06-22,25.1273923611111,25.1435
"D04","CUPE","102",2019-06-23,25.0235486111111,25.0505
"D04","CUPE","102",2019-06-24,24.8880138888889,25.0085
"D04","CUPE","102",2019-06-25,24.9152118055556,24.9125
"D04","CUPE","102",2019-06-26,24.7289930555556,24.679
"D04","CUPE","102",2019-06-27,24.2091909722222,24.27
"D04","CUPE","102",2019-06-28,24.3935625,24.093
"D04","CUPE","102",2019-06-29,24.8499340277778,24.684
"D04","CUPE","102",2019-06-30,24.8991944444444,24.946
"D04","CUPE","102",2019-07-01,24.80078125,24.877
"D04","CUPE","102",2019-07-02,24.6857534722222,24.72
"D04","CUPE","102",2019-07-03,24.1889117647059,24.2485
"D04","CUPE","102",2019-07-04,23.9981944444444,23.618
"D04","CUPE","102",2019-07-05,24.2944201388889,24.2165
"D04","CUPE","102",2019-07-06,24.4502604166667,24.428
"D04","CUPE","102",2019-07-07,24.2336979166667,24.311
"D04","CUPE","102",2019-07-08,24.24971875,24.0915
"D04","CUPE","102",2019-07-09,24.4078784722222,24.39
"D04","CUPE","102",2019-07-10,24.6517118055556,24.3755
"D04","CUPE","102",2019-07-11,24.5846255144033,24.669
"D04","CUPE","102",2019-07-12,23.9425208333333,23.983
"D04","CUPE","102",2019-07-13,23.629625,23.558
"D04","CUPE","102",2019-07-14,23.9923229166667,23.8605
"D04","CUPE","102",2019-07-15,24.0026180555556,23.9375
"D04","CUPE","102",2019-07-16,24.04321875,24.116
"D04","CUPE","102",2019-07-17,24.0703333333333,24.067
"D04","CUPE","102",2019-07-18,24.2887430555556,23.9875
"D04","CUPE","102",2019-07-19,24.2671458333333,24.291
"D04","CUPE","102",2019-07-20,23.1068020833333,23.077
"D04","CUPE","102",2019-07-21,23.1246710526316,23.1465
"D04","CUPE","102",2019-07-22,NA,NA
"D04","CUPE","102",2019-07-23,NA,NA
"D04","CUPE","102",2019-07-24,NA,NA
"D04","CUPE","102",2019-07-25,NA,NA
"D04","CUPE","102",2019-07-26,NA,NA
"D04","CUPE","102",2019-07-27,NA,NA
"D04","CUPE","102",2019-07-28,NA,NA
"D04","CUPE","102",2019-07-29,NA,NA
"D04","CUPE","102",2019-07-30,NA,NA
"D04","CUPE","102",2019-07-31,24.7308083333333,24.8085
"D04","CUPE","102",2019-08-01,24.5035923344948,24.411
"D04","CUPE","102",2019-08-02,24.4084375,24.511
"D04","CUPE","102",2019-08-03,24.6722395833333,24.342
"D04","CUPE","102",2019-08-04,24.8992326388889,24.716
"D04","CUPE","102",2019-08-05,24.7952569444444,24.731
"D04","CUPE","102",2019-08-06,24.79575,24.776
"D04","CUPE","102",2019-08-07,24.8489791666667,24.8495
"D04","CUPE","102",2019-08-08,24.5912048611111,24.5235
"D04","CUPE","102",2019-08-09,24.7404861111111,24.642
"D04","CUPE","102",2019-08-10,24.9886597222222,24.93
"D04","CUPE","102",2019-08-11,24.6620416666667,24.7815
"D04","CUPE","102",2019-08-12,24.7645277777778,24.5695
"D04","CUPE","102",2019-08-13,24.9866666666667,24.8995
"D04","CUPE","102",2019-08-14,24.8376046511628,24.7275
"D04","CUPE","102",2019-08-15,24.9190034722222,24.8505
"D04","CUPE","102",2019-08-16,24.9973506944444,24.9485
"D04","CUPE","102",2019-08-17,24.8245416666667,24.8415
"D04","CUPE","102",2019-08-18,24.7038055555556,24.5125
"D04","CUPE","102",2019-08-19,24.7039236111111,24.7795
"D04","CUPE","102",2019-08-20,24.5831631944444,24.6135
"D04","CUPE","102",2019-08-21,24.3155208333333,24.3315
"D04","CUPE","102",2019-08-22,24.2384236111111,24.1155
"D04","CUPE","102",2019-08-23,24.7576666666667,24.479
"D04","CUPE","102",2019-08-24,24.7820069444444,24.7895
"D04","CUPE","102",2019-08-25,24.9859965277778,24.7735
"D04","CUPE","102",2019-08-26,25.0222881944444,25
"D04","CUPE","102",2019-08-27,24.6528260869565,24.757
"D04","CUPE","102",2019-08-28,24.3455555555556,24.4075
"D04","CUPE","102",2019-08-29,24.5188645833333,24.284
"D04","CUPE","102",2019-08-30,24.7700625,24.7115
"D04","CUPE","102",2019-08-31,24.6545347222222,24.592
"D04","CUPE","102",2019-09-01,24.6203506944444,24.6515
"D04","CUPE","102",2019-09-02,24.6514027777778,24.427
"D04","CUPE","102",2019-09-03,24.7959583333333,24.6915
"D04","CUPE","102",2019-09-04,24.9483379790941,24.817
"D04","CUPE","102",2019-09-05,24.8076180555556,24.831
"D04","CUPE","102",2019-09-06,24.2843576388889,24.316
"D04","CUPE","102",2019-09-07,23.9468876404494,23.865
"D04","CUPE","102",2019-09-08,23.47003125,23.3245
"D04","CUPE","102",2019-09-09,23.54534765625,23.32
"D04","CUPE","102",2019-09-10,23.8188784722222,23.586
"D04","CUPE","102",2019-09-11,24.1140902777778,24.1045
"D04","CUPE","102",2019-09-12,24.2889861111111,24.2125
"D04","CUPE","102",2019-09-13,24.3619150943396,24.176
"D04","CUPE","102",2019-09-14,24.83621875,24.7145
"D04","CUPE","102",2019-09-15,24.72878125,24.613
"D04","CUPE","102",2019-09-16,24.2623888888889,24.196
"D04","CUPE","102",2019-09-17,23.86390625,23.774
"D04","CUPE","102",2019-09-18,24.0838819444444,24.0625
"D04","CUPE","102",2019-09-19,23.8188022813688,23.919
"D04","CUPE","102",2019-09-20,24.0371145833333,23.784
"D04","CUPE","102",2019-09-21,24.4101284722222,24.2645
"D04","CUPE","102",2019-09-22,24.2719513888889,24.258
"D04","CUPE","102",2019-09-23,24.5410972222222,24.251
"D04","CUPE","102",2019-09-24,24.6635598455598,24.659
"D04","CUPE","102",2019-09-25,24.4334930555556,24.458
"D04","CUPE","102",2019-09-26,24.3346423611111,24.309
"D04","CUPE","102",2019-09-27,24.4040208333333,24.195
"D04","CUPE","102",2019-09-28,23.6899340277778,23.603
"D04","CUPE","102",2019-09-29,23.3759756944444,23.142
"D04","CUPE","102",2019-09-30,23.7613506944444,23.503
"D04","CUPE","102",2019-10-01,24.2150285714286,23.963
"D04","CUPE","102",2019-10-02,24.38184375,24.254
"D04","CUPE","102",2019-10-03,24.1768611111111,24.2165
"D04","CUPE","102",2019-10-04,24.1490833333333,24.0975
"D04","CUPE","102",2019-10-05,24.35525,24.2935
"D04","CUPE","102",2019-10-06,24.3128229166667,24.115
"D04","CUPE","102",2019-10-07,24.1815630630631,24.02
"D04","CUPE","102",2019-10-08,24.4553846153846,24.313
"D04","CUPE","102",2019-10-09,24.0127361111111,24.0255
"D04","CUPE","102",2019-10-10,-117.335736111111,23.479
"D04","CUPE","102",2019-10-11,-476.517263888889,-468.481
"D04","CUPE","102",2019-10-12,-453.444434027778,-452.299
"D04","CUPE","102",2019-10-13,-473.171267716535,-484.196
"D04","CUPE","102",2019-10-14,NA,NA
"D04","CUPE","102",2019-10-15,NA,NA
"D04","CUPE","102",2019-10-16,NA,NA
"D04","CUPE","102",2019-10-17,NA,NA
"D04","CUPE","102",2019-10-18,NA,NA
"D04","CUPE","102",2019-10-19,NA,NA
"D04","CUPE","102",2019-10-20,NA,NA
"D04","CUPE","102",2019-10-21,NA,NA
"D04","CUPE","102",2019-10-22,NA,NA
"D04","CUPE","102",2019-10-23,NA,NA
"D04","CUPE","102",2019-10-24,NA,NA
"D04","CUPE","102",2019-10-25,NA,NA
"D04","CUPE","102",2019-10-26,NA,NA
"D04","CUPE","102",2019-10-27,NA,NA
"D04","CUPE","102",2019-10-28,NA,NA
"D04","CUPE","102",2019-10-29,NA,NA
"D04","CUPE","102",2019-10-30,NA,NA
"D04","CUPE","102",2019-10-31,NA,NA
"D04","CUPE","102",2019-11-01,NA,NA
"D04","CUPE","102",2019-11-02,NA,NA
"D04","CUPE","102",2019-11-03,NA,NA
"D04","CUPE","102",2019-11-04,NA,NA
"D04","CUPE","102",2019-11-05,NA,NA
"D04","CUPE","102",2019-11-06,NA,NA
"D04","CUPE","102",2019-11-07,NA,NA
"D04","CUPE","102",2019-11-08,NA,NA
"D04","CUPE","102",2019-11-09,NA,NA
"D04","CUPE","102",2019-11-10,NA,NA
"D04","CUPE","102",2019-11-11,NA,NA
"D04","CUPE","102",2019-11-12,NA,NA
"D04","CUPE","102",2019-11-13,NA,NA
"D04","CUPE","102",2019-11-14,NA,NA
"D04","CUPE","102",2019-11-15,NA,NA
"D04","CUPE","102",2019-11-16,NA,NA
"D04","CUPE","102",2019-11-17,NA,NA
"D04","CUPE","102",2019-11-18,NA,NA
"D04","CUPE","102",2019-11-19,NA,NA
"D04","CUPE","102",2019-11-20,NA,NA
"D04","CUPE","102",2019-11-21,NA,NA
"D04","CUPE","102",2019-11-22,NA,NA
"D04","CUPE","102",2019-11-23,NA,NA
"D04","CUPE","102",2019-11-24,NA,NA
"D04","CUPE","102",2019-11-25,NA,NA
"D04","CUPE","102",2019-11-26,NA,NA
"D04","CUPE","102",2019-11-27,NA,NA
"D04","CUPE","102",2019-11-28,NA,NA
"D04","CUPE","102",2019-11-29,NA,NA
"D04","CUPE","102",2019-11-30,NA,NA
"D04","CUPE","102",2019-12-01,NA,NA
"D04","CUPE","102",2019-12-02,NA,NA
"D04","CUPE","102",2019-12-03,NA,NA
"D04","CUPE","102",2019-12-04,NA,NA
"D04","CUPE","102",2019-12-05,NA,NA
"D04","CUPE","102",2019-12-06,NA,NA
"D04","CUPE","102",2019-12-07,NA,NA
"D04","CUPE","102",2019-12-08,NA,NA
"D04","CUPE","102",2019-12-09,NA,NA
"D04","CUPE","102",2019-12-10,22.9634273504273,22.984
"D04","CUPE","102",2019-12-11,22.7274548611111,22.5965
"D04","CUPE","102",2019-12-12,22.6554133858268,22.5955
"D04","CUPE","102",2019-12-13,22.6139756944444,22.6675
"D04","CUPE","102",2019-12-14,22.61178125,22.4625
"D04","CUPE","102",2019-12-15,23.1279201388889,22.9495
"D04","CUPE","102",2019-12-16,22.8310625,22.8575
"D04","CUPE","102",2019-12-17,22.8031527777778,22.7545
"D04","CUPE","102",2019-12-18,23.0095338345865,22.94
"D04","CUPE","102",2019-12-19,23.0726736111111,22.9785
"D04","CUPE","102",2019-12-20,22.8669097222222,22.9735
"D04","CUPE","102",2019-12-21,22.4602916666667,22.5285
"D04","CUPE","102",2019-12-22,22.5062534722222,22.4295
"D04","CUPE","102",2019-12-23,22.5607256944444,22.649
"D04","CUPE","102",2019-12-24,22.7336388888889,22.615
"D04","CUPE","102",2019-12-25,23.31471875,23.1415
"D04","CUPE","102",2019-12-26,23.4980590277778,23.483
"D04","CUPE","102",2019-12-27,23.3271875,23.2595
"D04","CUPE","102",2019-12-28,23.2284895833333,23.3005
"D04","CUPE","102",2019-12-29,22.9851458333333,23.0955
"D04","CUPE","102",2019-12-30,22.7384513888889,22.742
"D04","CUPE","102",2019-12-31,22.8174965277778,22.6975
"D04","CUPE","102",2020-01-01,23.1088993055556,23.027
"D04","CUPE","102",2020-01-02,23.0465846774194,22.996
"D04","CUPE","102",2020-01-03,23.0124583333333,22.905
"D04","CUPE","102",2020-01-04,22.6368125,22.66
"D04","CUPE","102",2020-01-05,22.2775902777778,22.3225
"D04","CUPE","102",2020-01-06,22.5184722222222,22.3805
"D04","CUPE","102",2020-01-07,22.5733368055556,22.5975
"D04","CUPE","102",2020-01-08,22.3867743055556,22.266
"D04","CUPE","102",2020-01-09,22.3901319444444,22.362
"D04","CUPE","102",2020-01-10,22.4858020833333,22.512
"D04","CUPE","102",2020-01-11,22.4540277777778,22.329
"D04","CUPE","102",2020-01-12,22.2192013888889,22.2145
"D04","CUPE","102",2020-01-13,22.0863333333333,22.0755
"D04","CUPE","102",2020-01-14,22.1826423611111,22.118
"D04","CUPE","102",2020-01-15,22.0823923611111,21.985
"D04","CUPE","102",2020-01-16,22.0412708333333,22.1135
"D04","CUPE","102",2020-01-17,22.1653055555556,22.2085
"D04","CUPE","102",2020-01-18,22.0904826388889,22.071
"D04","CUPE","102",2020-01-19,22.1120034722222,21.98
"D04","CUPE","102",2020-01-20,22.3911770833333,22.285
"D04","CUPE","102",2020-01-21,22.7013715277778,22.597
"D04","CUPE","102",2020-01-22,22.6259131944444,22.538
"D04","CUPE","102",2020-01-23,22.8795173611111,22.8045
"D04","CUPE","102",2020-01-24,22.6861145833333,22.7185
"D04","CUPE","102",2020-01-25,22.7963784722222,22.7535
"D04","CUPE","102",2020-01-26,22.6628923611111,22.648
"D04","CUPE","102",2020-01-27,22.4824513888889,22.367
"D04","CUPE","102",2020-01-28,22.7483854166667,22.745
"D04","CUPE","102",2020-01-29,22.4865590277778,22.5215
"D04","CUPE","102",2020-01-30,22.5099166666667,22.409
"D04","CUPE","102",2020-01-31,22.4344131944444,22.503
"D04","CUPE","102",2020-02-01,22.6106180555556,22.548
"D04","CUPE","102",2020-02-02,22.6284375,22.6465
"D04","CUPE","102",2020-02-03,22.4993263888889,22.56
"D04","CUPE","102",2020-02-04,22.3946909722222,22.426
"D04","CUPE","102",2020-02-05,22.3344270833333,22.2615
"D04","CUPE","102",2020-02-06,22.5991909722222,22.4645
"D04","CUPE","102",2020-02-07,22.79846875,22.704
"D04","CUPE","102",2020-02-08,22.5532222222222,22.643
"D04","CUPE","102",2020-02-09,22.3646493055556,22.41
"D04","CUPE","102",2020-02-10,22.3751909722222,22.3545
"D04","CUPE","102",2020-02-11,22.1342291666667,22.1355
"D04","CUPE","102",2020-02-12,22.1158458333333,22.055
"D04","CUPE","102",2020-02-13,22.1908298611111,22.0975
"D04","CUPE","102",2020-02-14,22.1011944444444,21.9945
"D04","CUPE","102",2020-02-15,22.3359791666667,22.2655
"D04","CUPE","102",2020-02-16,22.4133888888889,22.4615
"D04","CUPE","102",2020-02-17,22.5581354166667,22.3815
"D04","CUPE","102",2020-02-18,22.6038055555556,22.6075
"D04","CUPE","102",2020-02-19,22.43371875,22.301
"D04","CUPE","102",2020-02-20,22.3347291666667,22.393
"D04","CUPE","102",2020-02-21,21.9132118055556,22.0205
"D04","CUPE","102",2020-02-22,22.1654756944444,22.0345
"D04","CUPE","102",2020-02-23,22.1877048611111,22.197
"D04","CUPE","102",2020-02-24,22.0962430555556,22.0955
"D04","CUPE","102",2020-02-25,22.1835590277778,22.1265
"D04","CUPE","102",2020-02-26,22.3082743055556,22.235
"D04","CUPE","102",2020-02-27,22.2340184501845,22.226
"D04","CUPE","102",2020-02-28,22.2064097222222,22.295
"D04","CUPE","102",2020-02-29,22.4880173611111,22.44
"D04","CUPE","102",2020-03-01,22.5285868055556,22.5305
"D04","CUPE","102",2020-03-02,22.3839375,22.36
"D04","CUPE","102",2020-03-03,22.2573888888889,22.224
"D04","CUPE","102",2020-03-04,22.1532604166667,22.1115
"D04","CUPE","102",2020-03-05,22.1474131944444,22.1265
"D04","CUPE","102",2020-03-06,22.0406909722222,22.0885
"D04","CUPE","102",2020-03-07,22.2865208333333,22.188
"D04","CUPE","102",2020-03-08,22.5238333333333,22.564
"D04","CUPE","102",2020-03-09,22.4541840277778,22.3615
"D04","CUPE","102",2020-03-10,22.5413541666667,22.48
"D04","CUPE","102",2020-03-11,22.4865034722222,22.5335
"D04","CUPE","102",2020-03-12,22.976716,22.544
"D04","CUPE","102",2020-03-13,22.5899652777778,22.6595
"D04","CUPE","102",2020-03-14,22.4755138888889,22.3275
"D04","CUPE","102",2020-03-15,22.4782083333333,22.461
"D04","CUPE","102",2020-03-16,22.1594583333333,22.1145
"D04","CUPE","102",2020-03-17,22.4434930555556,22.323
"D04","CUPE","102",2020-03-18,22.4726180555556,22.506
"D04","CUPE","102",2020-03-19,22.4420729166667,22.3175
"D04","CUPE","102",2020-03-20,22.63978125,22.444
"D04","CUPE","102",2020-03-21,22.6312604166667,22.5605
"D04","CUPE","102",2020-03-22,22.3915208333333,22.362
"D04","CUPE","102",2020-03-23,22.1516215277778,22.108
"D04","CUPE","102",2020-03-24,22.2114652777778,22.144
"D04","CUPE","102",2020-03-25,22.3869965277778,22.333
"D04","CUPE","102",2020-03-26,22.65275,22.464
"D04","CUPE","102",2020-03-27,22.2779756944444,22.451
"D04","CUPE","102",2020-03-28,22.4356527777778,22.39
"D04","CUPE","102",2020-03-29,21.9774375,21.8885
"D04","CUPE","102",2020-03-30,22.0671909722222,21.9795
"D04","CUPE","102",2020-03-31,22.28140625,22.1605
"D04","CUPE","102",2020-04-01,22.4738958333333,22.411
"D04","CUPE","102",2020-04-02,22.5639895833333,22.4285
"D04","CUPE","102",2020-04-03,22.5868958333333,22.5795
"D04","CUPE","102",2020-04-04,22.7883020833333,22.7315
"D04","CUPE","102",2020-04-05,22.8616180555556,22.8215
"D04","CUPE","102",2020-04-06,23.2726597222222,23.1395
"D04","CUPE","102",2020-04-07,23.5193263888889,23.5135
"D04","CUPE","102",2020-04-08,23.5136805555556,23.6375
"D04","CUPE","102",2020-04-09,23.7236805555556,23.485
"D04","CUPE","102",2020-04-10,23.8236666666667,23.7125
"D04","CUPE","102",2020-04-11,24.0908993055556,23.9595
"D04","CUPE","102",2020-04-12,24.2088611111111,24.1805
"D04","CUPE","102",2020-04-13,23.8158888888889,23.8855
"D04","CUPE","102",2020-04-14,23.5711041666667,23.653
"D04","CUPE","102",2020-04-15,23.4323506944444,23.411
"D04","CUPE","102",2020-04-16,23.5113333333333,23.514
"D04","CUPE","102",2020-04-17,23.4210729166667,23.474
"D04","CUPE","102",2020-04-18,23.2958645833333,23.217
"D04","CUPE","102",2020-04-19,23.5026979166667,23.4035
"D04","CUPE","102",2020-04-20,23.6254583333333,23.594
"D04","CUPE","102",2020-04-21,23.6553888888889,23.559
"D04","CUPE","102",2020-04-22,23.7693229166667,23.681
"D04","CUPE","102",2020-04-23,23.8295451388889,23.7775
"D04","CUPE","102",2020-04-24,23.6556006944444,23.7425
"D04","CUPE","102",2020-04-25,23.53359375,23.572
"D04","CUPE","102",2020-04-26,23.2915486111111,23.302
"D04","CUPE","102",2020-04-27,23.096375,23.1005
"D04","CUPE","102",2020-04-28,23.4118020833333,23.3775
"D04","CUPE","102",2020-04-29,23.6596666666667,23.469
"D04","CUPE","102",2020-04-30,23.6711145833333,23.6535
"D04","CUPE","102",2020-05-01,24.0339166666667,23.8245
"D04","CUPE","102",2020-05-02,24.0991076388889,24.067
"D04","CUPE","102",2020-05-03,23.9310625,24.008
"D04","CUPE","102",2020-05-04,23.7575659722222,23.853
"D04","CUPE","102",2020-05-05,23.6913159722222,23.628
"D04","CUPE","102",2020-05-06,24.1603368055556,23.9575
"D04","CUPE","102",2020-05-07,24.5290208333333,24.317
"D04","CUPE","102",2020-05-08,24.6500520833333,24.439
"D04","CUPE","102",2020-05-09,24.8458819444444,24.679
"D04","CUPE","102",2020-05-10,24.64253125,24.603
"D04","CUPE","102",2020-05-11,24.2990251046025,24.289
"D04","CUPE","102",2020-05-12,24.4590277777778,24.2405
"D04","CUPE","102",2020-05-13,24.3398819444444,24.413
"D04","CUPE","102",2020-05-14,24.3167638888889,24.2
"D04","CUPE","102",2020-05-15,24.1999618055556,24.1595
"D04","CUPE","102",2020-05-16,24.4737465277778,24.232
"D04","CUPE","102",2020-05-17,24.5865659722222,24.4755
"D04","CUPE","102",2020-05-18,24.7237777777778,24.683
"D04","CUPE","102",2020-05-19,24.4434513888889,24.4755
"D04","CUPE","102",2020-05-20,24.37628125,24.3255
"D04","CUPE","102",2020-05-21,24.7686111111111,24.5125
"D04","CUPE","102",2020-05-22,24.9504618055556,24.9775
"D04","CUPE","102",2020-05-23,24.7182222222222,24.8215
"D04","CUPE","102",2020-05-24,24.8493194444444,24.663
"D04","CUPE","102",2020-05-25,24.7241666666667,24.7065
"D04","CUPE","102",2020-05-26,24.7468541666667,24.6735
"D04","CUPE","102",2020-05-27,24.8166006944444,24.8165
"D04","CUPE","102",2020-05-28,24.3641631944444,24.3605
"D04","CUPE","102",2020-05-29,24.4025625,24.082
"D04","CUPE","102",2020-05-30,24.6654375,24.598
"D04","CUPE","102",2020-05-31,24.4660972222222,24.5175
"D04","CUPE","102",2020-06-01,24.3231423611111,24.43
"D04","CUPE","102",2020-06-02,24.1698368055556,24.3
"D04","CUPE","102",2020-06-03,24.4784131944444,24.2485
"D04","CUPE","102",2020-06-04,24.9104756944444,24.8005
"D04","CUPE","102",2020-06-05,24.4816875,24.5665
"D04","CUPE","102",2020-06-06,24.1403090277778,24.293
"D04","CUPE","102",2020-06-07,24.1720381944444,24.1275
"D04","CUPE","102",2020-06-08,24.2622847222222,24.3815
"D04","CUPE","102",2020-06-09,24.0738472222222,24.075
"D04","CUPE","102",2020-06-10,23.7710034722222,23.719
"D04","CUPE","102",2020-06-11,23.7358923611111,23.6615
"D04","CUPE","102",2020-06-12,23.8634652777778,23.9075
"D04","CUPE","102",2020-06-13,24.1200659722222,23.7935
"D04","CUPE","102",2020-06-14,24.3364861111111,24.323
"D04","CUPE","102",2020-06-15,24.38828125,24.2535
"D04","CUPE","102",2020-06-16,24.4445138888889,24.3675
"D04","CUPE","102",2020-06-17,24.4271631944444,24.503
"D04","CUPE","102",2020-06-18,24.2692596899225,24.387
"D04","CUPE","102",2020-06-19,24.4302916666667,24.2055
"D04","CUPE","102",2020-06-20,24.6680833333333,24.6615
"D04","CUPE","102",2020-06-21,24.9712916666667,24.878
"D04","CUPE","102",2020-06-22,25.1366736111111,25.0225
"D04","CUPE","102",2020-06-23,25.1842083333333,25.2345
"D04","CUPE","102",2020-06-24,24.7390173611111,24.776
"D04","CUPE","102",2020-06-25,24.2292708333333,24.051
"D04","CUPE","102",2020-06-26,24.4386909722222,24.3665
"D04","CUPE","102",2020-06-27,24.7399861111111,24.769
"D04","CUPE","102",2020-06-28,24.68075,24.6905
"D04","CUPE","102",2020-06-29,24.1995798611111,24.205
"D04","CUPE","102",2020-06-30,23.7710184501845,23.502
"D04","CUPE","102",2020-07-01,24.0900277777778,23.9955
"D04","CUPE","102",2020-07-02,24.5673680555556,24.3245
"D04","CUPE","102",2020-07-03,24.8552118055556,24.7875
"D04","CUPE","102",2020-07-04,24.72165625,24.787
"D04","CUPE","102",2020-07-05,24.4044340277778,24.483
"D04","CUPE","102",2020-07-06,24.4294861111111,24.3505
"D04","CUPE","102",2020-07-07,24.4814618055556,24.5905
"D04","CUPE","102",2020-07-08,24.5903472222222,24.4875
"D04","CUPE","102",2020-07-09,24.5826631944444,24.6625
"D04","CUPE","102",2020-07-10,24.5522638888889,24.5315
"D04","CUPE","102",2020-07-11,24.52890625,24.477
"D04","CUPE","102",2020-07-12,24.9358472222222,24.7025
"D04","CUPE","102",2020-07-13,25.1151666666667,25.112
"D04","CUPE","102",2020-07-14,24.825711026616,24.861
"D04","CUPE","102",2020-07-15,24.3445555555556,24.393
"D04","CUPE","102",2020-07-16,24.0705694444444,24.0125
"D04","CUPE","102",2020-07-17,24.2108506944444,24.188
"D04","CUPE","102",2020-07-18,23.6609340277778,23.767
"D04","CUPE","102",2020-07-19,23.6638229166667,23.3845
"D04","CUPE","102",2020-07-20,23.7567951388889,23.7685
"D04","CUPE","102",2020-07-21,23.8680277777778,23.876
"D04","CUPE","102",2020-07-22,23.9456458333333,23.869
"D04","CUPE","102",2020-07-23,23.7910625,23.709
"D04","CUPE","102",2020-07-24,24.1743611111111,23.9475
"D04","CUPE","102",2020-07-25,24.3286527777778,24.3375
"D04","CUPE","102",2020-07-26,24.1581701388889,24.1565
"D04","CUPE","102",2020-07-27,23.9516979166667,23.866
"D04","CUPE","102",2020-07-28,24.17553125,24.0185
"D04","CUPE","102",2020-07-29,24.3637222222222,24.404
"D04","CUPE","102",2020-07-30,23.7397743055556,23.554
"D04","CUPE","102",2020-08-01,23.879375,23.8605
"D04","CUPE","102",2020-08-02,NA,NA
"D04","CUPE","102",2020-08-03,NA,NA
"D04","CUPE","102",2020-08-04,25.4668630136986,25.445
"D04","CUPE","102",2020-08-05,24.506625,24.5655
"D04","CUPE","102",2020-08-06,24.2629722222222,24.243
"D04","CUPE","102",2020-08-07,24.2251284722222,24.087
"D04","CUPE","102",2020-08-08,24.54953125,24.5165
"D04","CUPE","102",2020-08-09,24.4502430555556,24.4585
"D04","CUPE","102",2020-08-10,24.2479847328244,24.3
"D04","CUPE","102",2020-08-11,24.0342673611111,23.9275
"D04","CUPE","102",2020-08-12,23.9137916666667,23.9035
"D04","CUPE","102",2020-08-13,23.7348933333333,23.67
"D04","CUPE","102",2020-08-14,23.8430833333333,23.775
"D04","CUPE","102",2020-08-15,24.0027013888889,23.694
"D04","CUPE","102",2020-08-16,24.10646875,24.1885
"D04","CUPE","102",2020-08-17,24.2441006944444,24.1245
"D04","CUPE","102",2020-08-18,24.5337881944444,24.394
"D04","CUPE","102",2020-08-19,24.5905625,24.4375
"D04","CUPE","102",2020-08-20,24.5247604166667,24.4965
"D04","CUPE","102",2020-08-21,24.5264791666667,24.462
"D04","CUPE","102",2020-08-22,24.2234340277778,24.25
"D04","CUPE","102",2020-08-23,23.9881423611111,23.638
"D04","CUPE","102",2020-08-24,23.9843368055556,24.0275
"D04","CUPE","102",2020-08-25,24.1868229166667,23.9135
"D04","CUPE","102",2020-08-26,24.5547048611111,24.3125
"D04","CUPE","102",2020-08-27,24.2878198529412,24.451
"D04","CUPE","102",2020-08-28,24.3887083333333,24.3115
"D04","CUPE","102",2020-08-29,24.3935625,24.3785
"D04","CUPE","102",2020-08-30,24.3803576388889,24.349
"D04","CUPE","102",2020-08-31,24.5447881944444,24.428
"D04","CUPE","102",2020-09-01,24.1003645833333,24.1175
"D04","CUPE","102",2020-09-02,23.91703125,23.9285
"D04","CUPE","102",2020-09-03,23.8588819444444,23.7525
"D04","CUPE","102",2020-09-04,23.7844965277778,23.686
"D04","CUPE","102",2020-09-05,24.0011493055556,23.848
"D04","CUPE","102",2020-09-06,23.9616840277778,24.0205
"D04","CUPE","102",2020-09-07,23.7727326388889,23.782
"D04","CUPE","102",2020-09-08,23.7507222222222,23.6865
"D04","CUPE","102",2020-09-09,23.8959409722222,23.7245
"D04","CUPE","102",2020-09-10,23.8915338345865,23.9515
"D04","CUPE","102",2020-09-11,23.5192534722222,23.5535
"D04","CUPE","102",2020-09-12,23.5637638888889,23.4625
"D04","CUPE","102",2020-09-13,23.8335694444444,23.533
"D04","CUPE","102",2020-09-14,24.3169477351916,24.087
"D04","CUPE","102",2020-09-15,24.3910208333333,24.4405
"D04","CUPE","102",2020-09-16,24.1033298611111,24.1065
"D04","CUPE","102",2020-09-17,24.1527673611111,23.9595
"D04","CUPE","102",2020-09-18,23.9986319444444,24.0535
"D04","CUPE","102",2020-09-19,23.8404479166667,23.8445
"D04","CUPE","102",2020-09-20,23.79559375,23.627
"D04","CUPE","102",2020-09-21,24.1363194444444,24.015
"D04","CUPE","102",2020-09-22,24.1677326388889,23.928
"D04","CUPE","102",2020-09-23,24.5167708333333,24.348
"D04","CUPE","102",2020-09-24,24.5644479166667,24.479
"D04","CUPE","102",2020-09-25,24.0319270833333,23.887
"D04","CUPE","102",2020-09-26,23.7574444444444,23.6855
"D04","CUPE","102",2020-09-27,23.7506006944444,23.689
"D04","CUPE","102",2020-09-28,23.9149097222222,23.709
"D04","CUPE","102",2020-09-29,23.7847361111111,23.483
"D04","CUPE","102",2020-09-30,24.2474027777778,24.0055
