"domainID","siteID","horizontalPosition","verticalPosition","startDateTime","DO","pH","turb","date","time","wTemp","sampleID"
"D04","CUPE",101,100,2019-09-16 17:30:00,7.79,8.03,21.32,2019-09-16,17:30:00,25.248,NA
"D04","CUPE",101,100,2019-09-16 17:31:00,7.79,8.03,21.49,2019-09-16,17:31:00,NA,NA
"D04","CUPE",101,100,2019-09-16 17:32:00,7.79,8.03,21.46,2019-09-16,17:32:00,NA,NA
"D04","CUPE",101,100,2019-09-16 17:33:00,7.79,8.03,21.27,2019-09-16,17:33:00,NA,NA
"D04","CUPE",101,100,2019-09-16 17:34:00,7.79,8.03,21.43,2019-09-16,17:34:00,NA,NA
"D04","CUPE",101,100,2019-09-16 17:35:00,7.79,8.03,21.16,2019-09-16,17:35:00,25.224,NA
"D04","CUPE",101,100,2019-09-16 17:36:00,7.79,8.03,21.38,2019-09-16,17:36:00,NA,NA
"D04","CUPE",101,100,2019-09-16 17:37:00,7.79,8.03,21.21,2019-09-16,17:37:00,NA,NA
"D04","CUPE",101,100,2019-09-16 17:38:00,7.79,8.03,20.98,2019-09-16,17:38:00,NA,NA
"D04","CUPE",101,100,2019-09-16 17:39:00,7.79,8.03,21.02,2019-09-16,17:39:00,NA,NA
"D04","CUPE",101,100,2019-09-16 17:40:00,7.79,8.03,21.03,2019-09-16,17:40:00,25.201,NA
"D04","CUPE",101,100,2019-09-16 17:41:00,7.8,8.03,21.05,2019-09-16,17:41:00,NA,NA
"D04","CUPE",101,100,2019-09-16 17:42:00,7.79,8.03,21.36,2019-09-16,17:42:00,NA,NA
"D04","CUPE",101,100,2019-09-16 17:43:00,7.79,8.04,21.58,2019-09-16,17:43:00,NA,NA
"D04","CUPE",101,100,2019-09-16 17:44:00,7.79,8.04,21.26,2019-09-16,17:44:00,NA,NA
"D04","CUPE",101,100,2019-09-16 17:45:00,7.79,8.04,21.43,2019-09-16,17:45:00,25.176,NA
"D04","CUPE",101,100,2019-09-16 17:46:00,7.79,8.04,21.22,2019-09-16,17:46:00,NA,NA
"D04","CUPE",101,100,2019-09-16 17:47:00,7.79,8.04,21.23,2019-09-16,17:47:00,NA,NA
"D04","CUPE",101,100,2019-09-16 17:48:00,7.79,8.04,21.57,2019-09-16,17:48:00,NA,NA
"D04","CUPE",101,100,2019-09-16 17:49:00,7.79,8.04,21.43,2019-09-16,17:49:00,NA,NA
"D04","CUPE",101,100,2019-09-16 17:50:00,7.79,8.04,21.03,2019-09-16,17:50:00,25.158,NA
"D04","CUPE",101,100,2019-09-16 17:51:00,7.79,8.04,21.33,2019-09-16,17:51:00,NA,NA
"D04","CUPE",101,100,2019-09-16 17:52:00,7.79,8.04,21.17,2019-09-16,17:52:00,NA,NA
"D04","CUPE",101,100,2019-09-16 17:53:00,7.79,8.04,21.15,2019-09-16,17:53:00,NA,NA
"D04","CUPE",101,100,2019-09-16 17:54:00,7.79,8.04,21.22,2019-09-16,17:54:00,NA,NA
"D04","CUPE",101,100,2019-09-16 17:55:00,7.79,8.04,21.21,2019-09-16,17:55:00,25.145,NA
"D04","CUPE",101,100,2019-09-16 17:56:00,7.79,8.03,21.01,2019-09-16,17:56:00,NA,NA
"D04","CUPE",101,100,2019-09-16 17:57:00,7.79,8.03,21.24,2019-09-16,17:57:00,NA,NA
"D04","CUPE",101,100,2019-09-16 17:58:00,7.79,8.03,21.07,2019-09-16,17:58:00,NA,NA
"D04","CUPE",101,100,2019-09-16 17:59:00,7.79,8.03,21.07,2019-09-16,17:59:00,NA,NA
"D04","CUPE",101,100,2019-09-16 18:00:00,7.79,8.04,21.23,2019-09-16,18:00:00,25.128,NA
"D04","CUPE",101,100,2019-09-16 18:01:00,7.79,8.04,21.42,2019-09-16,18:01:00,NA,NA
"D04","CUPE",101,100,2019-09-16 18:02:00,7.79,8.04,21.18,2019-09-16,18:02:00,NA,NA
"D04","CUPE",101,100,2019-09-16 18:03:00,7.79,8.04,21.17,2019-09-16,18:03:00,NA,NA
"D04","CUPE",101,100,2019-09-16 18:04:00,7.79,8.03,21.24,2019-09-16,18:04:00,NA,NA
"D04","CUPE",101,100,2019-09-16 18:05:00,7.79,8.03,21.01,2019-09-16,18:05:00,25.111,NA
"D04","CUPE",101,100,2019-09-16 18:06:00,7.79,8.03,21.42,2019-09-16,18:06:00,NA,NA
"D04","CUPE",101,100,2019-09-16 18:07:00,7.8,8.03,21.18,2019-09-16,18:07:00,NA,NA
"D04","CUPE",101,100,2019-09-16 18:08:00,7.81,8.03,21.55,2019-09-16,18:08:00,NA,NA
"D04","CUPE",101,100,2019-09-16 18:09:00,7.81,8.04,21.65,2019-09-16,18:09:00,NA,NA
"D04","CUPE",101,100,2019-09-16 18:10:00,7.81,8.04,21.4,2019-09-16,18:10:00,25.103,NA
"D04","CUPE",101,100,2019-09-16 18:11:00,7.81,8.03,22.15,2019-09-16,18:11:00,NA,NA
"D04","CUPE",101,100,2019-09-16 18:12:00,7.81,8.03,21.75,2019-09-16,18:12:00,NA,NA
"D04","CUPE",101,100,2019-09-16 18:13:00,7.82,8.03,21.67,2019-09-16,18:13:00,NA,NA
"D04","CUPE",101,100,2019-09-16 18:14:00,7.82,8.03,20.95,2019-09-16,18:14:00,NA,NA
"D04","CUPE",101,100,2019-09-16 18:15:00,7.83,8.03,23.68,2019-09-16,18:15:00,25.107,NA
"D04","CUPE",101,100,2019-09-16 18:16:00,7.83,8.04,20.75,2019-09-16,18:16:00,NA,NA
"D04","CUPE",101,100,2019-09-16 18:17:00,7.82,8.04,22.52,2019-09-16,18:17:00,NA,NA
"D04","CUPE",101,100,2019-09-16 18:18:00,7.82,8.03,20.27,2019-09-16,18:18:00,NA,NA
"D04","CUPE",101,100,2019-09-16 18:19:00,7.82,8.03,19.85,2019-09-16,18:19:00,NA,NA
"D04","CUPE",101,100,2019-09-16 18:20:00,7.83,8.03,19.68,2019-09-16,18:20:00,25.115,NA
"D04","CUPE",101,100,2019-09-16 18:21:00,7.83,8.03,19.84,2019-09-16,18:21:00,NA,NA
"D04","CUPE",101,100,2019-09-16 18:22:00,7.83,8.03,20.81,2019-09-16,18:22:00,NA,NA
"D04","CUPE",101,100,2019-09-16 18:23:00,7.82,8.03,22.39,2019-09-16,18:23:00,NA,NA
"D04","CUPE",101,100,2019-09-16 18:24:00,7.82,8.03,22.8,2019-09-16,18:24:00,NA,NA
"D04","CUPE",101,100,2019-09-16 18:25:00,7.82,8.03,22.98,2019-09-16,18:25:00,25.115,NA
"D04","CUPE",101,100,2019-09-16 18:26:00,7.82,8.03,24.86,2019-09-16,18:26:00,NA,NA
"D04","CUPE",101,100,2019-09-16 18:27:00,7.81,8.03,22.61,2019-09-16,18:27:00,NA,NA
"D04","CUPE",101,100,2019-09-16 18:28:00,7.81,8.03,22.58,2019-09-16,18:28:00,NA,NA
"D04","CUPE",101,100,2019-09-16 18:29:00,7.8,8.03,23.64,2019-09-16,18:29:00,NA,NA
"D04","CUPE",101,100,2019-09-16 18:30:00,7.8,8.03,21.89,2019-09-16,18:30:00,25.091,NA
"D04","CUPE",101,100,2019-09-17 17:30:00,8.02,8.04,1.41,2019-09-17,17:30:00,24.333,NA
"D04","CUPE",101,100,2019-09-17 17:31:00,8.02,8.04,1.4,2019-09-17,17:31:00,NA,NA
"D04","CUPE",101,100,2019-09-17 17:32:00,8.02,8.04,1.46,2019-09-17,17:32:00,NA,NA
"D04","CUPE",101,100,2019-09-17 17:33:00,8.02,8.04,1.46,2019-09-17,17:33:00,NA,NA
"D04","CUPE",101,100,2019-09-17 17:34:00,8.02,8.04,1.42,2019-09-17,17:34:00,NA,NA
"D04","CUPE",101,100,2019-09-17 17:35:00,8.02,8.04,1.37,2019-09-17,17:35:00,24.333,NA
"D04","CUPE",101,100,2019-09-17 17:36:00,8.02,8.04,1.41,2019-09-17,17:36:00,NA,NA
"D04","CUPE",101,100,2019-09-17 17:37:00,8.02,8.04,1.41,2019-09-17,17:37:00,NA,NA
"D04","CUPE",101,100,2019-09-17 17:38:00,8.02,8.04,1.4,2019-09-17,17:38:00,NA,NA
"D04","CUPE",101,100,2019-09-17 17:39:00,8.02,8.04,1.39,2019-09-17,17:39:00,NA,NA
"D04","CUPE",101,100,2019-09-17 17:40:00,8.02,8.04,1.42,2019-09-17,17:40:00,24.335,NA
"D04","CUPE",101,100,2019-09-17 17:41:00,8.02,8.04,1.42,2019-09-17,17:41:00,NA,NA
"D04","CUPE",101,100,2019-09-17 17:42:00,8.02,8.04,1.39,2019-09-17,17:42:00,NA,NA
"D04","CUPE",101,100,2019-09-17 17:43:00,8.02,8.04,1.44,2019-09-17,17:43:00,NA,NA
"D04","CUPE",101,100,2019-09-17 17:44:00,8.02,8.04,1.42,2019-09-17,17:44:00,NA,NA
"D04","CUPE",101,100,2019-09-17 17:45:00,8.02,8.04,1.4,2019-09-17,17:45:00,24.338,NA
"D04","CUPE",101,100,2019-09-17 17:46:00,8.02,8.04,1.43,2019-09-17,17:46:00,NA,NA
"D04","CUPE",101,100,2019-09-17 17:47:00,8.02,8.04,1.44,2019-09-17,17:47:00,NA,NA
"D04","CUPE",101,100,2019-09-17 17:48:00,8.02,8.04,1.41,2019-09-17,17:48:00,NA,NA
"D04","CUPE",101,100,2019-09-17 17:49:00,8.02,8.04,1.41,2019-09-17,17:49:00,NA,NA
"D04","CUPE",101,100,2019-09-17 17:50:00,8.02,8.04,1.45,2019-09-17,17:50:00,24.339,NA
"D04","CUPE",101,100,2019-09-17 17:51:00,8.02,8.04,1.38,2019-09-17,17:51:00,NA,NA
"D04","CUPE",101,100,2019-09-17 17:52:00,8.02,8.04,1.4,2019-09-17,17:52:00,NA,NA
"D04","CUPE",101,100,2019-09-17 17:53:00,8.02,8.04,1.41,2019-09-17,17:53:00,NA,NA
"D04","CUPE",101,100,2019-09-17 17:54:00,8.02,8.04,1.37,2019-09-17,17:54:00,NA,NA
"D04","CUPE",101,100,2019-09-17 17:55:00,8.01,8.04,1.39,2019-09-17,17:55:00,24.34,NA
"D04","CUPE",101,100,2019-09-17 17:56:00,8.01,8.04,1.38,2019-09-17,17:56:00,NA,NA
"D04","CUPE",101,100,2019-09-17 17:57:00,8.02,8.04,1.41,2019-09-17,17:57:00,NA,NA
"D04","CUPE",101,100,2019-09-17 17:58:00,8.01,8.04,1.4,2019-09-17,17:58:00,NA,NA
"D04","CUPE",101,100,2019-09-17 17:59:00,8.02,8.04,1.38,2019-09-17,17:59:00,NA,NA
"D04","CUPE",101,100,2019-09-17 18:00:00,8.02,8.04,1.4,2019-09-17,18:00:00,24.341,NA
"D04","CUPE",101,100,2019-09-17 18:01:00,8.01,8.04,1.4,2019-09-17,18:01:00,NA,NA
"D04","CUPE",101,100,2019-09-17 18:02:00,8.02,8.04,42.44,2019-09-17,18:02:00,NA,NA
"D04","CUPE",101,100,2019-09-17 18:03:00,8.02,8.04,1.41,2019-09-17,18:03:00,NA,NA
"D04","CUPE",101,100,2019-09-17 18:04:00,8.01,8.04,1.37,2019-09-17,18:04:00,NA,NA
"D04","CUPE",101,100,2019-09-17 18:05:00,8.01,8.04,1.39,2019-09-17,18:05:00,24.34,NA
"D04","CUPE",101,100,2019-09-17 18:06:00,8.01,8.04,1.45,2019-09-17,18:06:00,NA,NA
"D04","CUPE",101,100,2019-09-17 18:07:00,8.01,8.04,1.34,2019-09-17,18:07:00,NA,NA
"D04","CUPE",101,100,2019-09-17 18:08:00,8.01,8.04,1.34,2019-09-17,18:08:00,NA,NA
"D04","CUPE",101,100,2019-09-17 18:09:00,8.01,8.04,1.33,2019-09-17,18:09:00,NA,NA
"D04","CUPE",101,100,2019-09-17 18:10:00,8.01,8.04,1.39,2019-09-17,18:10:00,24.34,NA
"D04","CUPE",101,100,2019-09-17 18:11:00,8.01,8.04,1.39,2019-09-17,18:11:00,NA,NA
"D04","CUPE",101,100,2019-09-17 18:12:00,8.01,8.04,1.35,2019-09-17,18:12:00,NA,NA
"D04","CUPE",101,100,2019-09-17 18:13:00,8.01,8.04,1.39,2019-09-17,18:13:00,NA,NA
"D04","CUPE",101,100,2019-09-17 18:14:00,8.01,8.04,1.32,2019-09-17,18:14:00,NA,NA
"D04","CUPE",101,100,2019-09-17 18:15:00,8.01,8.04,1.36,2019-09-17,18:15:00,24.34,NA
"D04","CUPE",101,100,2019-09-17 18:16:00,8.01,8.04,1.41,2019-09-17,18:16:00,NA,NA
"D04","CUPE",101,100,2019-09-17 18:17:00,8.01,8.04,1.41,2019-09-17,18:17:00,NA,NA
"D04","CUPE",101,100,2019-09-17 18:18:00,8.01,8.04,1.35,2019-09-17,18:18:00,NA,NA
"D04","CUPE",101,100,2019-09-17 18:19:00,8.01,8.04,1.37,2019-09-17,18:19:00,NA,NA
"D04","CUPE",101,100,2019-09-17 18:20:00,8.01,8.04,1.4,2019-09-17,18:20:00,24.341,NA
"D04","CUPE",101,100,2019-09-17 18:21:00,8.01,8.04,1.39,2019-09-17,18:21:00,NA,NA
"D04","CUPE",101,100,2019-09-17 18:22:00,8.01,8.04,1.32,2019-09-17,18:22:00,NA,NA
"D04","CUPE",101,100,2019-09-17 18:23:00,8.01,8.04,1.36,2019-09-17,18:23:00,NA,NA
"D04","CUPE",101,100,2019-09-17 18:24:00,8.01,8.04,1.33,2019-09-17,18:24:00,NA,NA
"D04","CUPE",101,100,2019-09-17 18:25:00,8.01,8.04,1.4,2019-09-17,18:25:00,24.344,NA
"D04","CUPE",101,100,2019-09-17 18:26:00,8.01,8.04,1.39,2019-09-17,18:26:00,NA,NA
"D04","CUPE",101,100,2019-09-17 18:27:00,8.01,8.04,1.42,2019-09-17,18:27:00,NA,NA
"D04","CUPE",101,100,2019-09-17 18:28:00,8.01,8.04,1.4,2019-09-17,18:28:00,NA,NA
"D04","CUPE",101,100,2019-09-17 18:29:00,8.01,8.04,1.34,2019-09-17,18:29:00,NA,NA
"D04","CUPE",101,100,2019-09-17 18:30:00,8.01,8.04,1.36,2019-09-17,18:30:00,24.345,NA
"D04","CUPE",101,100,2019-09-23 17:29:30,7.77,8.06,1.03,2019-09-23,17:29:30,NA,NA
"D04","CUPE",101,100,2019-09-23 17:30:30,7.77,8.06,1.09,2019-09-23,17:30:30,NA,NA
"D04","CUPE",101,100,2019-09-23 17:31:30,7.77,8.06,1.12,2019-09-23,17:31:30,NA,NA
"D04","CUPE",101,100,2019-09-23 17:32:30,7.77,8.06,1.12,2019-09-23,17:32:30,NA,NA
"D04","CUPE",101,100,2019-09-23 17:33:30,7.77,8.06,1.04,2019-09-23,17:33:30,NA,NA
"D04","CUPE",101,100,2019-09-23 17:34:30,7.77,8.06,1.06,2019-09-23,17:34:30,NA,NA
"D04","CUPE",101,100,2019-09-23 17:35:30,7.76,8.07,1.1,2019-09-23,17:35:30,NA,NA
"D04","CUPE",101,100,2019-09-23 17:36:30,7.76,8.06,1.07,2019-09-23,17:36:30,NA,NA
"D04","CUPE",101,100,2019-09-23 17:37:30,7.77,8.07,1.11,2019-09-23,17:37:30,NA,NA
"D04","CUPE",101,100,2019-09-23 17:38:30,7.77,8.06,1.15,2019-09-23,17:38:30,NA,NA
"D04","CUPE",101,100,2019-09-23 17:39:30,7.77,8.05,1.07,2019-09-23,17:39:30,NA,NA
"D04","CUPE",101,100,2019-09-23 17:40:30,7.76,8.05,1.08,2019-09-23,17:40:30,NA,NA
"D04","CUPE",101,100,2019-09-23 17:41:30,7.77,8.05,1.1,2019-09-23,17:41:30,NA,NA
"D04","CUPE",101,100,2019-09-23 17:42:30,7.76,8.05,1.06,2019-09-23,17:42:30,NA,NA
"D04","CUPE",101,100,2019-09-23 17:43:30,7.76,8.06,1.1,2019-09-23,17:43:30,NA,NA
"D04","CUPE",101,100,2019-09-23 17:44:30,7.76,8.06,1.08,2019-09-23,17:44:30,NA,NA
"D04","CUPE",101,100,2019-09-23 17:45:30,7.76,8.06,1.1,2019-09-23,17:45:30,NA,NA
"D04","CUPE",101,100,2019-09-23 17:46:30,7.76,8.06,1.1,2019-09-23,17:46:30,NA,NA
"D04","CUPE",101,100,2019-09-23 17:47:30,7.76,8.06,1.04,2019-09-23,17:47:30,NA,NA
"D04","CUPE",101,100,2019-09-23 17:48:30,7.76,8.06,1.1,2019-09-23,17:48:30,NA,NA
"D04","CUPE",101,100,2019-09-23 17:49:30,7.76,8.06,1.09,2019-09-23,17:49:30,NA,NA
"D04","CUPE",101,100,2019-09-23 17:50:30,7.75,8.06,1.07,2019-09-23,17:50:30,NA,NA
"D04","CUPE",101,100,2019-09-23 17:51:30,7.75,8.06,1.07,2019-09-23,17:51:30,NA,NA
"D04","CUPE",101,100,2019-09-23 17:52:30,7.75,8.06,1.09,2019-09-23,17:52:30,NA,NA
"D04","CUPE",101,100,2019-09-23 17:53:30,7.75,8.06,1.09,2019-09-23,17:53:30,NA,NA
"D04","CUPE",101,100,2019-09-23 17:54:30,7.75,8.06,1.06,2019-09-23,17:54:30,NA,NA
"D04","CUPE",101,100,2019-09-23 17:55:30,7.75,8.06,1.1,2019-09-23,17:55:30,NA,NA
"D04","CUPE",101,100,2019-09-23 17:56:30,7.75,8.06,1.12,2019-09-23,17:56:30,NA,NA
"D04","CUPE",101,100,2019-09-23 17:57:30,7.75,8.06,1.06,2019-09-23,17:57:30,NA,NA
"D04","CUPE",101,100,2019-09-23 17:58:30,7.74,8.06,1.09,2019-09-23,17:58:30,NA,NA
"D04","CUPE",101,100,2019-09-23 17:59:30,7.74,8.06,1.09,2019-09-23,17:59:30,NA,NA
"D04","CUPE",101,100,2019-09-23 18:00:30,7.74,8.06,1.11,2019-09-23,18:00:30,NA,NA
"D04","CUPE",101,100,2019-09-23 18:01:30,7.74,8.06,1.07,2019-09-23,18:01:30,NA,NA
"D04","CUPE",101,100,2019-09-23 18:02:30,7.74,8.06,1.09,2019-09-23,18:02:30,NA,NA
"D04","CUPE",101,100,2019-09-23 18:03:30,7.74,8.06,1.08,2019-09-23,18:03:30,NA,NA
"D04","CUPE",101,100,2019-09-23 18:04:30,7.74,8.06,1.11,2019-09-23,18:04:30,NA,NA
"D04","CUPE",101,100,2019-09-23 18:05:30,7.74,8.05,1.14,2019-09-23,18:05:30,NA,NA
"D04","CUPE",101,100,2019-09-23 18:06:30,7.74,8.05,1.07,2019-09-23,18:06:30,NA,NA
"D04","CUPE",101,100,2019-09-23 18:07:30,7.74,8.05,1.12,2019-09-23,18:07:30,NA,NA
"D04","CUPE",101,100,2019-09-23 18:08:30,7.73,8.05,1.08,2019-09-23,18:08:30,NA,NA
"D04","CUPE",101,100,2019-09-23 18:09:30,7.73,8.05,1.13,2019-09-23,18:09:30,NA,NA
"D04","CUPE",101,100,2019-09-23 18:10:30,7.74,8.05,1.09,2019-09-23,18:10:30,NA,NA
"D04","CUPE",101,100,2019-09-23 18:11:30,7.73,8.06,1.09,2019-09-23,18:11:30,NA,NA
"D04","CUPE",101,100,2019-09-23 18:12:30,7.73,8.06,1.09,2019-09-23,18:12:30,NA,NA
"D04","CUPE",101,100,2019-09-23 18:13:30,7.73,8.05,1.1,2019-09-23,18:13:30,NA,NA
"D04","CUPE",101,100,2019-09-23 18:14:30,7.73,8.06,1.08,2019-09-23,18:14:30,NA,NA
"D04","CUPE",101,100,2019-09-23 18:15:30,7.73,8.06,1.07,2019-09-23,18:15:30,NA,NA
"D04","CUPE",101,100,2019-09-23 18:16:30,7.73,8.06,1.08,2019-09-23,18:16:30,NA,NA
"D04","CUPE",101,100,2019-09-23 18:17:30,7.73,8.06,1.1,2019-09-23,18:17:30,NA,NA
"D04","CUPE",101,100,2019-09-23 18:18:30,7.73,8.05,1.06,2019-09-23,18:18:30,NA,NA
"D04","CUPE",101,100,2019-09-23 18:19:30,7.73,8.05,1.09,2019-09-23,18:19:30,NA,NA
"D04","CUPE",101,100,2019-09-23 18:20:30,7.73,8.06,1.06,2019-09-23,18:20:30,NA,NA
"D04","CUPE",101,100,2019-09-23 18:21:30,7.73,8.06,1.1,2019-09-23,18:21:30,NA,NA
"D04","CUPE",101,100,2019-09-23 18:22:30,7.73,8.05,1.15,2019-09-23,18:22:30,NA,NA
"D04","CUPE",101,100,2019-09-23 18:23:30,7.73,8.05,1.09,2019-09-23,18:23:30,NA,NA
"D04","CUPE",101,100,2019-09-23 18:24:30,7.73,8.05,1.06,2019-09-23,18:24:30,NA,NA
"D04","CUPE",101,100,2019-09-23 18:25:30,7.73,8.05,1.13,2019-09-23,18:25:30,NA,NA
"D04","CUPE",101,100,2019-09-23 18:26:30,7.73,8.05,1.1,2019-09-23,18:26:30,NA,NA
"D04","CUPE",101,100,2019-09-23 18:27:30,7.72,8.05,1.11,2019-09-23,18:27:30,NA,NA
"D04","CUPE",101,100,2019-09-23 18:28:30,7.72,8.05,1.16,2019-09-23,18:28:30,NA,NA
"D04","CUPE",101,100,2019-09-23 18:29:30,7.73,8.05,1.17,2019-09-23,18:29:30,NA,NA
"D04","CUPE",101,100,2019-09-23 18:30:30,7.72,8.05,1.08,2019-09-23,18:30:30,NA,NA
"D04","CUPE",101,100,2019-09-24 17:30:00,7.76,8.05,1.87,2019-09-24,17:30:00,25.272,NA
"D04","CUPE",101,100,2019-09-24 17:31:00,7.76,8.05,0.9,2019-09-24,17:31:00,NA,NA
"D04","CUPE",101,100,2019-09-24 17:32:00,7.77,8.06,0.89,2019-09-24,17:32:00,NA,NA
"D04","CUPE",101,100,2019-09-24 17:33:00,7.77,8.05,0.87,2019-09-24,17:33:00,NA,NA
"D04","CUPE",101,100,2019-09-24 17:34:00,7.77,8.05,0.86,2019-09-24,17:34:00,NA,NA
"D04","CUPE",101,100,2019-09-24 17:35:00,7.77,8.05,1.85,2019-09-24,17:35:00,25.26,NA
"D04","CUPE",101,100,2019-09-24 17:36:00,7.77,8.05,0.86,2019-09-24,17:36:00,NA,NA
"D04","CUPE",101,100,2019-09-24 17:37:00,7.77,8.05,0.88,2019-09-24,17:37:00,NA,NA
"D04","CUPE",101,100,2019-09-24 17:38:00,7.77,8.05,0.87,2019-09-24,17:38:00,NA,NA
"D04","CUPE",101,100,2019-09-24 17:39:00,7.77,8.05,0.92,2019-09-24,17:39:00,NA,NA
"D04","CUPE",101,100,2019-09-24 17:40:00,7.77,8.05,1.77,2019-09-24,17:40:00,25.248,NA
"D04","CUPE",101,100,2019-09-24 17:41:00,7.77,8.06,0.84,2019-09-24,17:41:00,NA,NA
"D04","CUPE",101,100,2019-09-24 17:42:00,7.77,8.06,0.88,2019-09-24,17:42:00,NA,NA
"D04","CUPE",101,100,2019-09-24 17:43:00,7.77,8.06,0.9,2019-09-24,17:43:00,NA,NA
"D04","CUPE",101,100,2019-09-24 17:44:00,7.77,8.06,0.88,2019-09-24,17:44:00,NA,NA
"D04","CUPE",101,100,2019-09-24 17:45:00,7.77,8.05,2,2019-09-24,17:45:00,25.237,NA
"D04","CUPE",101,100,2019-09-24 17:46:00,7.77,8.06,0.87,2019-09-24,17:46:00,NA,NA
"D04","CUPE",101,100,2019-09-24 17:47:00,7.77,8.06,0.86,2019-09-24,17:47:00,NA,NA
"D04","CUPE",101,100,2019-09-24 17:48:00,7.77,8.06,0.9,2019-09-24,17:48:00,NA,NA
"D04","CUPE",101,100,2019-09-24 17:49:00,7.77,8.06,0.92,2019-09-24,17:49:00,NA,NA
"D04","CUPE",101,100,2019-09-24 17:50:00,7.77,8.05,1.73,2019-09-24,17:50:00,25.228,NA
"D04","CUPE",101,100,2019-09-24 17:51:00,7.77,8.06,0.91,2019-09-24,17:51:00,NA,NA
"D04","CUPE",101,100,2019-09-24 17:52:00,7.77,8.06,0.81,2019-09-24,17:52:00,NA,NA
"D04","CUPE",101,100,2019-09-24 17:53:00,7.77,8.06,0.86,2019-09-24,17:53:00,NA,NA
"D04","CUPE",101,100,2019-09-24 17:54:00,7.77,8.06,0.86,2019-09-24,17:54:00,NA,NA
"D04","CUPE",101,100,2019-09-24 17:55:00,7.77,8.06,1.69,2019-09-24,17:55:00,25.218,NA
"D04","CUPE",101,100,2019-09-24 17:56:00,7.77,8.06,0.86,2019-09-24,17:56:00,NA,NA
"D04","CUPE",101,100,2019-09-24 17:57:00,7.77,8.06,0.87,2019-09-24,17:57:00,NA,NA
"D04","CUPE",101,100,2019-09-24 17:58:00,7.77,8.06,0.91,2019-09-24,17:58:00,NA,NA
"D04","CUPE",101,100,2019-09-24 17:59:00,7.77,8.07,0.85,2019-09-24,17:59:00,NA,NA
"D04","CUPE",101,100,2019-09-24 18:00:00,7.76,8.06,1.77,2019-09-24,18:00:00,25.207,NA
"D04","CUPE",101,100,2019-09-24 18:01:00,7.76,8.07,0.88,2019-09-24,18:01:00,NA,NA
"D04","CUPE",101,100,2019-09-24 18:02:00,7.76,8.07,0.91,2019-09-24,18:02:00,NA,NA
"D04","CUPE",101,100,2019-09-24 18:03:00,7.76,8.06,0.9,2019-09-24,18:03:00,NA,NA
"D04","CUPE",101,100,2019-09-24 18:04:00,7.76,8.06,0.88,2019-09-24,18:04:00,NA,NA
"D04","CUPE",101,100,2019-09-24 18:05:00,7.76,8.06,1.87,2019-09-24,18:05:00,25.195,NA
"D04","CUPE",101,100,2019-09-24 18:06:00,7.76,8.06,0.91,2019-09-24,18:06:00,NA,NA
"D04","CUPE",101,100,2019-09-24 18:07:00,7.76,8.06,0.92,2019-09-24,18:07:00,NA,NA
"D04","CUPE",101,100,2019-09-24 18:08:00,7.75,8.06,0.91,2019-09-24,18:08:00,NA,NA
"D04","CUPE",101,100,2019-09-24 18:09:00,7.75,8.06,0.94,2019-09-24,18:09:00,NA,NA
"D04","CUPE",101,100,2019-09-24 18:10:00,7.75,8.05,1.87,2019-09-24,18:10:00,25.183,NA
"D04","CUPE",101,100,2019-09-24 18:11:00,7.75,8.06,0.85,2019-09-24,18:11:00,NA,NA
"D04","CUPE",101,100,2019-09-24 18:12:00,7.75,8.06,0.86,2019-09-24,18:12:00,NA,NA
"D04","CUPE",101,100,2019-09-24 18:13:00,7.75,8.06,0.91,2019-09-24,18:13:00,NA,NA
"D04","CUPE",101,100,2019-09-24 18:14:00,7.75,8.06,0.89,2019-09-24,18:14:00,NA,NA
"D04","CUPE",101,100,2019-09-24 18:15:00,7.75,8.06,1.91,2019-09-24,18:15:00,25.168,NA
"D04","CUPE",101,100,2019-09-24 18:16:00,7.75,8.06,0.95,2019-09-24,18:16:00,NA,NA
"D04","CUPE",101,100,2019-09-24 18:17:00,7.75,8.06,0.88,2019-09-24,18:17:00,NA,NA
"D04","CUPE",101,100,2019-09-24 18:18:00,7.75,8.06,0.84,2019-09-24,18:18:00,NA,NA
"D04","CUPE",101,100,2019-09-24 18:19:00,7.75,8.06,0.89,2019-09-24,18:19:00,NA,NA
"D04","CUPE",101,100,2019-09-24 18:20:00,7.75,8.06,1.75,2019-09-24,18:20:00,25.154,NA
"D04","CUPE",101,100,2019-09-24 18:21:00,7.75,8.06,0.87,2019-09-24,18:21:00,NA,NA
"D04","CUPE",101,100,2019-09-24 18:22:00,7.75,8.06,0.91,2019-09-24,18:22:00,NA,NA
"D04","CUPE",101,100,2019-09-24 18:23:00,7.75,8.06,0.84,2019-09-24,18:23:00,NA,NA
"D04","CUPE",101,100,2019-09-24 18:24:00,7.75,8.06,0.87,2019-09-24,18:24:00,NA,NA
"D04","CUPE",101,100,2019-09-24 18:25:00,7.75,8.06,1.96,2019-09-24,18:25:00,25.142,NA
"D04","CUPE",101,100,2019-09-24 18:26:00,7.75,8.06,0.89,2019-09-24,18:26:00,NA,NA
"D04","CUPE",101,100,2019-09-24 18:27:00,7.75,8.06,0.86,2019-09-24,18:27:00,NA,NA
"D04","CUPE",101,100,2019-09-24 18:28:00,7.75,8.06,0.89,2019-09-24,18:28:00,NA,NA
"D04","CUPE",101,100,2019-09-24 18:29:00,7.75,8.06,0.91,2019-09-24,18:29:00,NA,NA
"D04","CUPE",101,100,2019-09-24 18:30:00,7.75,8.05,1.86,2019-09-24,18:30:00,25.131,NA
"D04","CUPE",101,100,2019-09-26 17:30:00,8.02,7.97,2.52,2019-09-26,17:30:00,24.623,NA
"D04","CUPE",101,100,2019-09-26 17:31:00,8.01,7.96,1.72,2019-09-26,17:31:00,NA,NA
"D04","CUPE",101,100,2019-09-26 17:32:00,8.02,7.97,1.63,2019-09-26,17:32:00,NA,NA
"D04","CUPE",101,100,2019-09-26 17:33:00,8.01,7.96,1.65,2019-09-26,17:33:00,NA,NA
"D04","CUPE",101,100,2019-09-26 17:34:00,8.01,7.97,1.68,2019-09-26,17:34:00,NA,NA
"D04","CUPE",101,100,2019-09-26 17:35:00,8.01,7.97,2.5,2019-09-26,17:35:00,24.608,NA
"D04","CUPE",101,100,2019-09-26 17:36:00,8.01,7.97,1.76,2019-09-26,17:36:00,NA,NA
"D04","CUPE",101,100,2019-09-26 17:37:00,8.01,7.96,1.69,2019-09-26,17:37:00,NA,NA
"D04","CUPE",101,100,2019-09-26 17:38:00,8.01,7.95,1.69,2019-09-26,17:38:00,NA,NA
"D04","CUPE",101,100,2019-09-26 17:39:00,8.01,7.93,1.68,2019-09-26,17:39:00,NA,NA
"D04","CUPE",101,100,2019-09-26 17:40:00,8.01,7.9,2.43,2019-09-26,17:40:00,24.635,NA
"D04","CUPE",101,100,2019-09-26 17:41:00,8.01,7.95,1.66,2019-09-26,17:41:00,NA,NA
"D04","CUPE",101,100,2019-09-26 17:42:00,8.01,7.96,1.65,2019-09-26,17:42:00,NA,NA
"D04","CUPE",101,100,2019-09-26 17:43:00,8,7.96,1.68,2019-09-26,17:43:00,NA,NA
"D04","CUPE",101,100,2019-09-26 17:44:00,8,7.96,1.65,2019-09-26,17:44:00,NA,NA
"D04","CUPE",101,100,2019-09-26 17:45:00,8,7.95,2.52,2019-09-26,17:45:00,24.647,NA
"D04","CUPE",101,100,2019-09-26 17:46:00,8,7.95,1.68,2019-09-26,17:46:00,NA,NA
"D04","CUPE",101,100,2019-09-26 17:47:00,8,7.93,1.74,2019-09-26,17:47:00,NA,NA
"D04","CUPE",101,100,2019-09-26 17:48:00,8,7.94,1.72,2019-09-26,17:48:00,NA,NA
"D04","CUPE",101,100,2019-09-26 17:49:00,8,7.94,1.73,2019-09-26,17:49:00,NA,NA
"D04","CUPE",101,100,2019-09-26 17:50:00,8,7.94,2.58,2019-09-26,17:50:00,24.68,NA
"D04","CUPE",101,100,2019-09-26 17:51:00,8,7.95,1.69,2019-09-26,17:51:00,NA,NA
"D04","CUPE",101,100,2019-09-26 17:52:00,8,7.95,1.73,2019-09-26,17:52:00,NA,NA
"D04","CUPE",101,100,2019-09-26 17:53:00,8,7.95,1.66,2019-09-26,17:53:00,NA,NA
"D04","CUPE",101,100,2019-09-26 17:54:00,8,7.95,1.7,2019-09-26,17:54:00,NA,NA
"D04","CUPE",101,100,2019-09-26 17:55:00,8,7.95,2.41,2019-09-26,17:55:00,24.715,NA
"D04","CUPE",101,100,2019-09-26 17:56:00,8,7.95,1.69,2019-09-26,17:56:00,NA,NA
"D04","CUPE",101,100,2019-09-26 17:57:00,8,7.94,1.76,2019-09-26,17:57:00,NA,NA
"D04","CUPE",101,100,2019-09-26 17:58:00,8,7.94,1.67,2019-09-26,17:58:00,NA,NA
"D04","CUPE",101,100,2019-09-26 17:59:00,8,7.95,1.69,2019-09-26,17:59:00,NA,NA
"D04","CUPE",101,100,2019-09-26 18:00:00,8,7.96,2.62,2019-09-26,18:00:00,24.755,NA
"D04","CUPE",101,100,2019-09-26 18:01:00,7.99,7.96,1.72,2019-09-26,18:01:00,NA,NA
"D04","CUPE",101,100,2019-09-26 18:02:00,7.99,7.96,1.73,2019-09-26,18:02:00,NA,NA
"D04","CUPE",101,100,2019-09-26 18:03:00,7.99,7.97,1.74,2019-09-26,18:03:00,NA,NA
"D04","CUPE",101,100,2019-09-26 18:04:00,7.99,7.96,1.75,2019-09-26,18:04:00,NA,NA
"D04","CUPE",101,100,2019-09-26 18:05:00,7.99,7.96,2.62,2019-09-26,18:05:00,24.774,NA
"D04","CUPE",101,100,2019-09-26 18:06:00,7.99,7.96,1.75,2019-09-26,18:06:00,NA,NA
"D04","CUPE",101,100,2019-09-26 18:07:00,7.99,7.97,1.75,2019-09-26,18:07:00,NA,NA
"D04","CUPE",101,100,2019-09-26 18:08:00,7.99,7.97,1.72,2019-09-26,18:08:00,NA,NA
"D04","CUPE",101,100,2019-09-26 18:09:00,7.99,7.97,1.72,2019-09-26,18:09:00,NA,NA
"D04","CUPE",101,100,2019-09-26 18:10:00,7.98,7.96,2.58,2019-09-26,18:10:00,24.767,NA
"D04","CUPE",101,100,2019-09-26 18:11:00,7.98,7.96,1.82,2019-09-26,18:11:00,NA,NA
"D04","CUPE",101,100,2019-09-26 18:12:00,7.98,7.96,1.87,2019-09-26,18:12:00,NA,NA
"D04","CUPE",101,100,2019-09-26 18:13:00,7.98,7.97,1.96,2019-09-26,18:13:00,NA,NA
"D04","CUPE",101,100,2019-09-26 18:14:00,7.98,7.97,1.79,2019-09-26,18:14:00,NA,NA
"D04","CUPE",101,100,2019-09-26 18:15:00,7.98,7.96,2.71,2019-09-26,18:15:00,24.762,NA
"D04","CUPE",101,100,2019-09-26 18:16:00,7.98,7.96,1.8,2019-09-26,18:16:00,NA,NA
"D04","CUPE",101,100,2019-09-26 18:17:00,7.98,7.96,1.8,2019-09-26,18:17:00,NA,NA
"D04","CUPE",101,100,2019-09-26 18:18:00,7.98,7.96,1.97,2019-09-26,18:18:00,NA,NA
"D04","CUPE",101,100,2019-09-26 18:19:00,7.98,7.97,1.84,2019-09-26,18:19:00,NA,NA
"D04","CUPE",101,100,2019-09-26 18:20:00,7.98,7.96,2.75,2019-09-26,18:20:00,24.77,NA
"D04","CUPE",101,100,2019-09-26 18:21:00,7.98,7.97,1.92,2019-09-26,18:21:00,NA,NA
"D04","CUPE",101,100,2019-09-26 18:22:00,7.98,7.97,1.94,2019-09-26,18:22:00,NA,NA
"D04","CUPE",101,100,2019-09-26 18:23:00,7.98,7.97,1.99,2019-09-26,18:23:00,NA,NA
"D04","CUPE",101,100,2019-09-26 18:24:00,7.98,7.96,2.01,2019-09-26,18:24:00,NA,NA
"D04","CUPE",101,100,2019-09-26 18:25:00,7.98,7.96,2.82,2019-09-26,18:25:00,24.773,NA
"D04","CUPE",101,100,2019-09-26 18:26:00,7.98,7.97,1.99,2019-09-26,18:26:00,NA,NA
"D04","CUPE",101,100,2019-09-26 18:27:00,7.98,7.97,1.96,2019-09-26,18:27:00,NA,NA
"D04","CUPE",101,100,2019-09-26 18:28:00,7.98,7.97,1.92,2019-09-26,18:28:00,NA,NA
"D04","CUPE",101,100,2019-09-26 18:29:00,7.98,7.96,2.04,2019-09-26,18:29:00,NA,NA
"D04","CUPE",101,100,2019-09-26 18:30:00,7.98,7.96,2.9,2019-09-26,18:30:00,24.783,NA
"D04","CUPE",101,100,2019-09-30 17:30:00,7.94,7.97,291.61,2019-09-30,17:30:00,24.911,NA
"D04","CUPE",101,100,2019-09-30 17:31:00,7.94,7.97,248.48,2019-09-30,17:31:00,NA,NA
"D04","CUPE",101,100,2019-09-30 17:32:00,7.94,7.97,248.53,2019-09-30,17:32:00,NA,NA
"D04","CUPE",101,100,2019-09-30 17:33:00,7.94,7.97,291.54,2019-09-30,17:33:00,NA,NA
"D04","CUPE",101,100,2019-09-30 17:34:00,7.93,7.97,291.3,2019-09-30,17:34:00,NA,NA
"D04","CUPE",101,100,2019-09-30 17:35:00,7.94,7.97,248.49,2019-09-30,17:35:00,24.911,NA
"D04","CUPE",101,100,2019-09-30 17:36:00,7.93,7.97,248.64,2019-09-30,17:36:00,NA,NA
"D04","CUPE",101,100,2019-09-30 17:37:00,7.94,7.97,248.7,2019-09-30,17:37:00,NA,NA
"D04","CUPE",101,100,2019-09-30 17:38:00,7.93,7.98,289.3,2019-09-30,17:38:00,NA,NA
"D04","CUPE",101,100,2019-09-30 17:39:00,7.94,7.97,254.37,2019-09-30,17:39:00,NA,NA
"D04","CUPE",101,100,2019-09-30 17:40:00,7.94,7.98,289.81,2019-09-30,17:40:00,24.904,NA
"D04","CUPE",101,100,2019-09-30 17:41:00,7.94,7.98,323.04,2019-09-30,17:41:00,NA,NA
"D04","CUPE",101,100,2019-09-30 17:42:00,7.94,7.98,248.67,2019-09-30,17:42:00,NA,NA
"D04","CUPE",101,100,2019-09-30 17:43:00,7.94,7.99,247.57,2019-09-30,17:43:00,NA,NA
"D04","CUPE",101,100,2019-09-30 17:44:00,7.93,7.99,289.75,2019-09-30,17:44:00,NA,NA
"D04","CUPE",101,100,2019-09-30 17:45:00,7.94,7.99,247.11,2019-09-30,17:45:00,24.905,NA
"D04","CUPE",101,100,2019-09-30 17:46:00,7.94,7.99,249.8,2019-09-30,17:46:00,NA,NA
"D04","CUPE",101,100,2019-09-30 17:47:00,7.93,8,247.34,2019-09-30,17:47:00,NA,NA
"D04","CUPE",101,100,2019-09-30 17:48:00,7.93,8,247.2,2019-09-30,17:48:00,NA,NA
"D04","CUPE",101,100,2019-09-30 17:49:00,7.93,8,247.19,2019-09-30,17:49:00,NA,NA
"D04","CUPE",101,100,2019-09-30 17:50:00,7.93,7.99,246.32,2019-09-30,17:50:00,24.913,NA
"D04","CUPE",101,100,2019-09-30 17:51:00,7.93,8,287.09,2019-09-30,17:51:00,NA,NA
"D04","CUPE",101,100,2019-09-30 17:52:00,7.93,7.99,289.28,2019-09-30,17:52:00,NA,NA
"D04","CUPE",101,100,2019-09-30 17:53:00,7.93,7.99,288.19,2019-09-30,17:53:00,NA,NA
"D04","CUPE",101,100,2019-09-30 17:54:00,7.93,7.98,288.31,2019-09-30,17:54:00,NA,NA
"D04","CUPE",101,100,2019-09-30 17:55:00,7.93,7.98,287.22,2019-09-30,17:55:00,24.913,NA
"D04","CUPE",101,100,2019-09-30 17:56:00,7.93,7.99,244.48,2019-09-30,17:56:00,NA,NA
"D04","CUPE",101,100,2019-09-30 17:57:00,7.93,7.99,250.49,2019-09-30,17:57:00,NA,NA
"D04","CUPE",101,100,2019-09-30 17:58:00,7.93,7.99,246.03,2019-09-30,17:58:00,NA,NA
"D04","CUPE",101,100,2019-09-30 17:59:00,7.93,7.99,285.33,2019-09-30,17:59:00,NA,NA
"D04","CUPE",101,100,2019-09-30 18:00:00,7.93,7.99,283.31,2019-09-30,18:00:00,24.909,NA
"D04","CUPE",101,100,2019-09-30 18:01:00,7.93,7.99,245.42,2019-09-30,18:01:00,NA,NA
"D04","CUPE",101,100,2019-09-30 18:02:00,7.93,7.98,247.21,2019-09-30,18:02:00,NA,NA
"D04","CUPE",101,100,2019-09-30 18:03:00,7.93,7.98,242.56,2019-09-30,18:03:00,NA,NA
"D04","CUPE",101,100,2019-09-30 18:04:00,7.93,7.99,242.63,2019-09-30,18:04:00,NA,NA
"D04","CUPE",101,100,2019-09-30 18:05:00,7.93,7.99,241.73,2019-09-30,18:05:00,24.908,NA
"D04","CUPE",101,100,2019-09-30 18:06:00,7.93,8,339.69,2019-09-30,18:06:00,NA,NA
"D04","CUPE",101,100,2019-09-30 18:07:00,7.93,8,287.97,2019-09-30,18:07:00,NA,NA
"D04","CUPE",101,100,2019-09-30 18:08:00,7.93,8,283.65,2019-09-30,18:08:00,NA,NA
"D04","CUPE",101,100,2019-09-30 18:09:00,7.93,8,293,2019-09-30,18:09:00,NA,NA
"D04","CUPE",101,100,2019-09-30 18:10:00,7.93,8,539.2,2019-09-30,18:10:00,24.923,NA
"D04","CUPE",101,100,2019-09-30 18:11:00,7.93,8,279.71,2019-09-30,18:11:00,NA,NA
"D04","CUPE",101,100,2019-09-30 18:12:00,7.93,8,279.48,2019-09-30,18:12:00,NA,NA
"D04","CUPE",101,100,2019-09-30 18:13:00,7.93,8,279.33,2019-09-30,18:13:00,NA,NA
"D04","CUPE",101,100,2019-09-30 18:14:00,7.93,8.01,282.72,2019-09-30,18:14:00,NA,NA
"D04","CUPE",101,100,2019-09-30 18:15:00,7.93,8.01,277.81,2019-09-30,18:15:00,24.927,NA
"D04","CUPE",101,100,2019-09-30 18:16:00,7.93,8,276.46,2019-09-30,18:16:00,NA,NA
"D04","CUPE",101,100,2019-09-30 18:17:00,7.93,8.01,275.71,2019-09-30,18:17:00,NA,NA
"D04","CUPE",101,100,2019-09-30 18:18:00,7.93,8.01,275.6,2019-09-30,18:18:00,NA,NA
"D04","CUPE",101,100,2019-09-30 18:19:00,7.93,8,275.74,2019-09-30,18:19:00,NA,NA
"D04","CUPE",101,100,2019-09-30 18:20:00,7.93,7.99,273.4,2019-09-30,18:20:00,24.918,NA
"D04","CUPE",101,100,2019-09-30 18:21:00,7.93,8,273.36,2019-09-30,18:21:00,NA,NA
"D04","CUPE",101,100,2019-09-30 18:22:00,7.92,7.99,273.33,2019-09-30,18:22:00,NA,NA
"D04","CUPE",101,100,2019-09-30 18:23:00,7.93,7.98,234.3,2019-09-30,18:23:00,NA,NA
"D04","CUPE",101,100,2019-09-30 18:24:00,7.93,7.98,275.47,2019-09-30,18:24:00,NA,NA
"D04","CUPE",101,100,2019-09-30 18:25:00,7.92,7.97,273.74,2019-09-30,18:25:00,24.895,NA
"D04","CUPE",101,100,2019-09-30 18:26:00,7.92,7.98,240.19,2019-09-30,18:26:00,NA,NA
"D04","CUPE",101,100,2019-09-30 18:27:00,7.92,7.98,273.66,2019-09-30,18:27:00,NA,NA
"D04","CUPE",101,100,2019-09-30 18:28:00,7.92,7.98,275.11,2019-09-30,18:28:00,NA,NA
"D04","CUPE",101,100,2019-09-30 18:29:00,7.92,7.98,273.98,2019-09-30,18:29:00,NA,NA
"D04","CUPE",101,100,2019-09-30 18:30:00,7.92,7.97,234.95,2019-09-30,18:30:00,24.867,NA
"D04","CUPE",102,100,2019-09-16 17:30:00,7.72,8.1,0.98,2019-09-16,17:30:00,25.128,NA
"D04","CUPE",102,100,2019-09-16 17:31:00,7.72,8.1,0.95,2019-09-16,17:31:00,NA,NA
"D04","CUPE",102,100,2019-09-16 17:32:00,7.71,8.1,0.94,2019-09-16,17:32:00,NA,NA
"D04","CUPE",102,100,2019-09-16 17:33:00,7.71,8.05,3.14,2019-09-16,17:33:00,NA,NA
"D04","CUPE",102,100,2019-09-16 17:34:00,7.71,8.09,0.97,2019-09-16,17:34:00,NA,NA
"D04","CUPE",102,100,2019-09-16 17:35:00,7.71,8.09,0.96,2019-09-16,17:35:00,25.105,NA
"D04","CUPE",102,100,2019-09-16 17:36:00,7.71,8.09,0.96,2019-09-16,17:36:00,NA,NA
"D04","CUPE",102,100,2019-09-16 17:37:00,7.71,8.08,0.99,2019-09-16,17:37:00,NA,NA
"D04","CUPE",102,100,2019-09-16 17:38:00,7.71,8.09,2.73,2019-09-16,17:38:00,NA,NA
"D04","CUPE",102,100,2019-09-16 17:39:00,7.71,8.1,0.95,2019-09-16,17:39:00,NA,NA
"D04","CUPE",102,100,2019-09-16 17:40:00,7.72,7.99,1.07,2019-09-16,17:40:00,25.091,NA
"D04","CUPE",102,100,2019-09-16 17:41:00,7.71,8.09,0.96,2019-09-16,17:41:00,NA,NA
"D04","CUPE",102,100,2019-09-16 17:42:00,7.71,8.09,0.96,2019-09-16,17:42:00,NA,NA
"D04","CUPE",102,100,2019-09-16 17:43:00,7.71,8.1,2.78,2019-09-16,17:43:00,NA,NA
"D04","CUPE",102,100,2019-09-16 17:44:00,7.71,8.11,0.98,2019-09-16,17:44:00,NA,NA
"D04","CUPE",102,100,2019-09-16 17:45:00,7.71,8.08,0.99,2019-09-16,17:45:00,25.066,NA
"D04","CUPE",102,100,2019-09-16 17:46:00,7.71,8.1,0.98,2019-09-16,17:46:00,NA,NA
"D04","CUPE",102,100,2019-09-16 17:47:00,7.71,8.1,0.98,2019-09-16,17:47:00,NA,NA
"D04","CUPE",102,100,2019-09-16 17:48:00,7.7,8.09,2.71,2019-09-16,17:48:00,NA,NA
"D04","CUPE",102,100,2019-09-16 17:49:00,7.7,8.1,0.96,2019-09-16,17:49:00,NA,NA
"D04","CUPE",102,100,2019-09-16 17:50:00,7.7,8.1,0.98,2019-09-16,17:50:00,25.045,NA
"D04","CUPE",102,100,2019-09-16 17:51:00,7.69,8.1,0.97,2019-09-16,17:51:00,NA,NA
"D04","CUPE",102,100,2019-09-16 17:52:00,7.7,8.1,0.96,2019-09-16,17:52:00,NA,NA
"D04","CUPE",102,100,2019-09-16 17:53:00,7.7,8.06,2.82,2019-09-16,17:53:00,NA,NA
"D04","CUPE",102,100,2019-09-16 17:54:00,7.7,8.09,0.96,2019-09-16,17:54:00,NA,NA
"D04","CUPE",102,100,2019-09-16 17:55:00,7.71,8.09,0.97,2019-09-16,17:55:00,25.027,NA
"D04","CUPE",102,100,2019-09-16 17:56:00,7.71,8.09,0.97,2019-09-16,17:56:00,NA,NA
"D04","CUPE",102,100,2019-09-16 17:57:00,7.7,8.09,0.96,2019-09-16,17:57:00,NA,NA
"D04","CUPE",102,100,2019-09-16 17:58:00,7.71,8.1,2.86,2019-09-16,17:58:00,NA,NA
"D04","CUPE",102,100,2019-09-16 17:59:00,7.71,8.1,0.95,2019-09-16,17:59:00,NA,NA
"D04","CUPE",102,100,2019-09-16 18:00:00,7.71,8.1,0.95,2019-09-16,18:00:00,25.003,NA
"D04","CUPE",102,100,2019-09-16 18:01:00,7.7,8.09,0.99,2019-09-16,18:01:00,NA,NA
"D04","CUPE",102,100,2019-09-16 18:02:00,7.69,8.1,1.02,2019-09-16,18:02:00,NA,NA
"D04","CUPE",102,100,2019-09-16 18:03:00,7.69,8.05,2.87,2019-09-16,18:03:00,NA,NA
"D04","CUPE",102,100,2019-09-16 18:04:00,7.69,8.09,1.01,2019-09-16,18:04:00,NA,NA
"D04","CUPE",102,100,2019-09-16 18:05:00,7.69,8.09,1.01,2019-09-16,18:05:00,24.986,NA
"D04","CUPE",102,100,2019-09-16 18:06:00,7.7,8.08,0.98,2019-09-16,18:06:00,NA,NA
"D04","CUPE",102,100,2019-09-16 18:07:00,7.71,8.1,1,2019-09-16,18:07:00,NA,NA
"D04","CUPE",102,100,2019-09-16 18:08:00,7.71,8.05,2.97,2019-09-16,18:08:00,NA,NA
"D04","CUPE",102,100,2019-09-16 18:09:00,7.72,8.1,1.06,2019-09-16,18:09:00,NA,NA
"D04","CUPE",102,100,2019-09-16 18:10:00,7.73,7.99,1.06,2019-09-16,18:10:00,24.987,NA
"D04","CUPE",102,100,2019-09-16 18:11:00,7.73,8.09,1.12,2019-09-16,18:11:00,NA,NA
"D04","CUPE",102,100,2019-09-16 18:12:00,7.73,8.09,1.12,2019-09-16,18:12:00,NA,NA
"D04","CUPE",102,100,2019-09-16 18:13:00,7.73,8.09,3,2019-09-16,18:13:00,NA,NA
"D04","CUPE",102,100,2019-09-16 18:14:00,7.74,8.1,1.24,2019-09-16,18:14:00,NA,NA
"D04","CUPE",102,100,2019-09-16 18:15:00,7.74,8.1,1.24,2019-09-16,18:15:00,25.001,NA
"D04","CUPE",102,100,2019-09-16 18:16:00,7.76,8.09,1.28,2019-09-16,18:16:00,NA,NA
"D04","CUPE",102,100,2019-09-16 18:17:00,7.75,8.1,1.24,2019-09-16,18:17:00,NA,NA
"D04","CUPE",102,100,2019-09-16 18:18:00,7.75,8.06,3.2,2019-09-16,18:18:00,NA,NA
"D04","CUPE",102,100,2019-09-16 18:19:00,7.76,8.1,1.29,2019-09-16,18:19:00,NA,NA
"D04","CUPE",102,100,2019-09-16 18:20:00,7.76,8.1,1.29,2019-09-16,18:20:00,25,NA
"D04","CUPE",102,100,2019-09-16 18:21:00,7.75,8.09,1.19,2019-09-16,18:21:00,NA,NA
"D04","CUPE",102,100,2019-09-16 18:22:00,7.76,8.1,1.21,2019-09-16,18:22:00,NA,NA
"D04","CUPE",102,100,2019-09-16 18:23:00,7.75,8.06,3.03,2019-09-16,18:23:00,NA,NA
"D04","CUPE",102,100,2019-09-16 18:24:00,7.75,8.1,1.22,2019-09-16,18:24:00,NA,NA
"D04","CUPE",102,100,2019-09-16 18:25:00,7.75,8.1,1.22,2019-09-16,18:25:00,24.984,NA
"D04","CUPE",102,100,2019-09-16 18:26:00,7.74,8.1,1.24,2019-09-16,18:26:00,NA,NA
"D04","CUPE",102,100,2019-09-16 18:27:00,7.74,8.11,1.19,2019-09-16,18:27:00,NA,NA
"D04","CUPE",102,100,2019-09-16 18:28:00,7.73,8.07,3.07,2019-09-16,18:28:00,NA,NA
"D04","CUPE",102,100,2019-09-16 18:29:00,7.72,8.11,1.11,2019-09-16,18:29:00,NA,NA
"D04","CUPE",102,100,2019-09-16 18:30:00,7.72,8.11,1.13,2019-09-16,18:30:00,24.954,NA
"D04","CUPE",102,100,2019-09-17 17:30:00,7.94,8.01,1.35,2019-09-17,17:30:00,24.241,NA
"D04","CUPE",102,100,2019-09-17 17:31:00,7.94,8,1.29,2019-09-17,17:31:00,NA,NA
"D04","CUPE",102,100,2019-09-17 17:32:00,7.93,8.01,1.36,2019-09-17,17:32:00,NA,NA
"D04","CUPE",102,100,2019-09-17 17:33:00,7.94,7.97,3.22,2019-09-17,17:33:00,NA,NA
"D04","CUPE",102,100,2019-09-17 17:34:00,7.93,8.01,1.36,2019-09-17,17:34:00,NA,NA
"D04","CUPE",102,100,2019-09-17 17:35:00,7.93,8.01,1.36,2019-09-17,17:35:00,24.241,NA
"D04","CUPE",102,100,2019-09-17 17:36:00,7.94,8,1.35,2019-09-17,17:36:00,NA,NA
"D04","CUPE",102,100,2019-09-17 17:37:00,7.93,8.01,1.38,2019-09-17,17:37:00,NA,NA
"D04","CUPE",102,100,2019-09-17 17:38:00,7.93,7.97,3.21,2019-09-17,17:38:00,NA,NA
"D04","CUPE",102,100,2019-09-17 17:39:00,7.93,8.01,1.41,2019-09-17,17:39:00,NA,NA
"D04","CUPE",102,100,2019-09-17 17:40:00,7.93,8.01,1.32,2019-09-17,17:40:00,24.244,NA
"D04","CUPE",102,100,2019-09-17 17:41:00,7.93,8.01,1.38,2019-09-17,17:41:00,NA,NA
"D04","CUPE",102,100,2019-09-17 17:42:00,7.93,8.01,1.32,2019-09-17,17:42:00,NA,NA
"D04","CUPE",102,100,2019-09-17 17:43:00,7.94,7.96,3.23,2019-09-17,17:43:00,NA,NA
"D04","CUPE",102,100,2019-09-17 17:44:00,7.93,8,1.33,2019-09-17,17:44:00,NA,NA
"D04","CUPE",102,100,2019-09-17 17:45:00,7.93,8,1.34,2019-09-17,17:45:00,24.246,NA
"D04","CUPE",102,100,2019-09-17 17:46:00,7.93,7.99,1.33,2019-09-17,17:46:00,NA,NA
"D04","CUPE",102,100,2019-09-17 17:47:00,7.93,8.01,1.35,2019-09-17,17:47:00,NA,NA
"D04","CUPE",102,100,2019-09-17 17:48:00,7.93,7.96,3.48,2019-09-17,17:48:00,NA,NA
"D04","CUPE",102,100,2019-09-17 17:49:00,7.94,8,1.36,2019-09-17,17:49:00,NA,NA
"D04","CUPE",102,100,2019-09-17 17:50:00,7.94,8,1.31,2019-09-17,17:50:00,24.249,NA
"D04","CUPE",102,100,2019-09-17 17:51:00,7.94,8,1.33,2019-09-17,17:51:00,NA,NA
"D04","CUPE",102,100,2019-09-17 17:52:00,7.94,8,1.32,2019-09-17,17:52:00,NA,NA
"D04","CUPE",102,100,2019-09-17 17:53:00,7.94,8,3.19,2019-09-17,17:53:00,NA,NA
"D04","CUPE",102,100,2019-09-17 17:54:00,7.94,8,1.36,2019-09-17,17:54:00,NA,NA
"D04","CUPE",102,100,2019-09-17 17:55:00,7.94,7.99,1.33,2019-09-17,17:55:00,24.251,NA
"D04","CUPE",102,100,2019-09-17 17:56:00,7.94,7.99,1.32,2019-09-17,17:56:00,NA,NA
"D04","CUPE",102,100,2019-09-17 17:57:00,7.94,7.99,1.32,2019-09-17,17:57:00,NA,NA
"D04","CUPE",102,100,2019-09-17 17:58:00,7.93,7.98,3.15,2019-09-17,17:58:00,NA,NA
"D04","CUPE",102,100,2019-09-17 17:59:00,7.93,7.99,1.33,2019-09-17,17:59:00,NA,NA
"D04","CUPE",102,100,2019-09-17 18:00:00,7.93,7.99,1.38,2019-09-17,18:00:00,24.249,NA
"D04","CUPE",102,100,2019-09-17 18:01:00,7.93,7.99,1.38,2019-09-17,18:01:00,NA,NA
"D04","CUPE",102,100,2019-09-17 18:02:00,7.93,7.98,1.45,2019-09-17,18:02:00,NA,NA
"D04","CUPE",102,100,2019-09-17 18:03:00,7.93,8,3.19,2019-09-17,18:03:00,NA,NA
"D04","CUPE",102,100,2019-09-17 18:04:00,7.93,8,1.32,2019-09-17,18:04:00,NA,NA
"D04","CUPE",102,100,2019-09-17 18:05:00,7.93,8,1.32,2019-09-17,18:05:00,24.248,NA
"D04","CUPE",102,100,2019-09-17 18:06:00,7.92,7.99,1.36,2019-09-17,18:06:00,NA,NA
"D04","CUPE",102,100,2019-09-17 18:07:00,7.93,8,1.31,2019-09-17,18:07:00,NA,NA
"D04","CUPE",102,100,2019-09-17 18:08:00,7.92,7.96,3.3,2019-09-17,18:08:00,NA,NA
"D04","CUPE",102,100,2019-09-17 18:09:00,7.92,8,1.29,2019-09-17,18:09:00,NA,NA
"D04","CUPE",102,100,2019-09-17 18:10:00,7.92,8,1.27,2019-09-17,18:10:00,24.249,NA
"D04","CUPE",102,100,2019-09-17 18:11:00,7.93,7.99,1.37,2019-09-17,18:11:00,NA,NA
"D04","CUPE",102,100,2019-09-17 18:12:00,7.92,8,1.35,2019-09-17,18:12:00,NA,NA
"D04","CUPE",102,100,2019-09-17 18:13:00,7.92,7.96,3.24,2019-09-17,18:13:00,NA,NA
"D04","CUPE",102,100,2019-09-17 18:14:00,7.93,8,1.34,2019-09-17,18:14:00,NA,NA
"D04","CUPE",102,100,2019-09-17 18:15:00,7.93,8,1.35,2019-09-17,18:15:00,24.249,NA
"D04","CUPE",102,100,2019-09-17 18:16:00,7.93,8,1.3,2019-09-17,18:16:00,NA,NA
"D04","CUPE",102,100,2019-09-17 18:17:00,7.93,8,1.3,2019-09-17,18:17:00,NA,NA
"D04","CUPE",102,100,2019-09-17 18:18:00,7.92,7.99,3.14,2019-09-17,18:18:00,NA,NA
"D04","CUPE",102,100,2019-09-17 18:19:00,7.92,8,1.37,2019-09-17,18:19:00,NA,NA
"D04","CUPE",102,100,2019-09-17 18:20:00,7.92,8,1.36,2019-09-17,18:20:00,24.251,NA
"D04","CUPE",102,100,2019-09-17 18:21:00,7.93,7.99,1.35,2019-09-17,18:21:00,NA,NA
"D04","CUPE",102,100,2019-09-17 18:22:00,7.93,8,1.33,2019-09-17,18:22:00,NA,NA
"D04","CUPE",102,100,2019-09-17 18:23:00,7.92,7.96,3.16,2019-09-17,18:23:00,NA,NA
"D04","CUPE",102,100,2019-09-17 18:24:00,7.93,8,1.3,2019-09-17,18:24:00,NA,NA
"D04","CUPE",102,100,2019-09-17 18:25:00,7.93,8,1.3,2019-09-17,18:25:00,24.252,NA
"D04","CUPE",102,100,2019-09-17 18:26:00,7.93,7.99,1.4,2019-09-17,18:26:00,NA,NA
"D04","CUPE",102,100,2019-09-17 18:27:00,7.93,8,1.3,2019-09-17,18:27:00,NA,NA
"D04","CUPE",102,100,2019-09-17 18:28:00,7.92,7.96,3.22,2019-09-17,18:28:00,NA,NA
"D04","CUPE",102,100,2019-09-17 18:29:00,7.93,8,1.39,2019-09-17,18:29:00,NA,NA
"D04","CUPE",102,100,2019-09-17 18:30:00,7.93,8,1.34,2019-09-17,18:30:00,24.253,NA
"D04","CUPE",102,100,2019-09-23 17:29:30,7.72,8.07,1.01,2019-09-23,17:29:30,NA,NA
"D04","CUPE",102,100,2019-09-23 17:30:30,7.71,8.04,2.98,2019-09-23,17:30:30,NA,NA
"D04","CUPE",102,100,2019-09-23 17:31:30,7.71,8.07,1,2019-09-23,17:31:30,NA,NA
"D04","CUPE",102,100,2019-09-23 17:32:30,7.71,8.07,1.01,2019-09-23,17:32:30,NA,NA
"D04","CUPE",102,100,2019-09-23 17:33:30,7.71,8.07,1.05,2019-09-23,17:33:30,NA,NA
"D04","CUPE",102,100,2019-09-23 17:34:30,7.7,8.08,1.01,2019-09-23,17:34:30,NA,NA
"D04","CUPE",102,100,2019-09-23 17:35:30,7.7,8.04,2.81,2019-09-23,17:35:30,NA,NA
"D04","CUPE",102,100,2019-09-23 17:36:30,7.69,8.08,1.05,2019-09-23,17:36:30,NA,NA
"D04","CUPE",102,100,2019-09-23 17:37:30,7.69,8.08,1.02,2019-09-23,17:37:30,NA,NA
"D04","CUPE",102,100,2019-09-23 17:38:30,7.69,8.08,1.02,2019-09-23,17:38:30,NA,NA
"D04","CUPE",102,100,2019-09-23 17:39:30,7.69,8.08,1.03,2019-09-23,17:39:30,NA,NA
"D04","CUPE",102,100,2019-09-23 17:40:30,7.69,8.07,3.05,2019-09-23,17:40:30,NA,NA
"D04","CUPE",102,100,2019-09-23 17:41:30,7.7,8.08,1.03,2019-09-23,17:41:30,NA,NA
"D04","CUPE",102,100,2019-09-23 17:42:30,7.7,8.08,1.03,2019-09-23,17:42:30,NA,NA
"D04","CUPE",102,100,2019-09-23 17:43:30,7.69,8.08,1.05,2019-09-23,17:43:30,NA,NA
"D04","CUPE",102,100,2019-09-23 17:44:30,7.69,8.08,1.03,2019-09-23,17:44:30,NA,NA
"D04","CUPE",102,100,2019-09-23 17:45:30,7.68,8.05,2.98,2019-09-23,17:45:30,NA,NA
"D04","CUPE",102,100,2019-09-23 17:46:30,7.68,8.08,1.04,2019-09-23,17:46:30,NA,NA
"D04","CUPE",102,100,2019-09-23 17:47:30,7.68,8.08,1.03,2019-09-23,17:47:30,NA,NA
"D04","CUPE",102,100,2019-09-23 17:48:30,7.68,8.08,1.02,2019-09-23,17:48:30,NA,NA
"D04","CUPE",102,100,2019-09-23 17:49:30,7.68,8.09,1.04,2019-09-23,17:49:30,NA,NA
"D04","CUPE",102,100,2019-09-23 17:50:30,7.68,8.05,2.95,2019-09-23,17:50:30,NA,NA
"D04","CUPE",102,100,2019-09-23 17:51:30,7.67,8.09,1,2019-09-23,17:51:30,NA,NA
"D04","CUPE",102,100,2019-09-23 17:52:30,7.67,8.09,1,2019-09-23,17:52:30,NA,NA
"D04","CUPE",102,100,2019-09-23 17:53:30,7.67,8.08,1.02,2019-09-23,17:53:30,NA,NA
"D04","CUPE",102,100,2019-09-23 17:54:30,7.66,8.08,1.07,2019-09-23,17:54:30,NA,NA
"D04","CUPE",102,100,2019-09-23 17:55:30,7.66,8.08,2.97,2019-09-23,17:55:30,NA,NA
"D04","CUPE",102,100,2019-09-23 17:56:30,7.66,8.08,1.05,2019-09-23,17:56:30,NA,NA
"D04","CUPE",102,100,2019-09-23 17:57:30,7.66,8.08,1.06,2019-09-23,17:57:30,NA,NA
"D04","CUPE",102,100,2019-09-23 17:58:30,7.66,8.08,1.05,2019-09-23,17:58:30,NA,NA
"D04","CUPE",102,100,2019-09-23 17:59:30,7.66,8.08,1.04,2019-09-23,17:59:30,NA,NA
"D04","CUPE",102,100,2019-09-23 18:00:30,7.65,8.07,2.93,2019-09-23,18:00:30,NA,NA
"D04","CUPE",102,100,2019-09-23 18:01:30,7.66,8.07,1.02,2019-09-23,18:01:30,NA,NA
"D04","CUPE",102,100,2019-09-23 18:02:30,7.66,8.07,1.02,2019-09-23,18:02:30,NA,NA
"D04","CUPE",102,100,2019-09-23 18:03:30,7.65,8.07,1.04,2019-09-23,18:03:30,NA,NA
"D04","CUPE",102,100,2019-09-23 18:04:30,7.64,8.08,1.03,2019-09-23,18:04:30,NA,NA
"D04","CUPE",102,100,2019-09-23 18:05:30,7.66,8.04,2.98,2019-09-23,18:05:30,NA,NA
"D04","CUPE",102,100,2019-09-23 18:06:30,7.66,8.08,1.02,2019-09-23,18:06:30,NA,NA
"D04","CUPE",102,100,2019-09-23 18:07:30,7.66,8.08,1.03,2019-09-23,18:07:30,NA,NA
"D04","CUPE",102,100,2019-09-23 18:08:30,7.66,8.08,5.59,2019-09-23,18:08:30,NA,NA
"D04","CUPE",102,100,2019-09-23 18:09:30,7.65,8.09,1.08,2019-09-23,18:09:30,NA,NA
"D04","CUPE",102,100,2019-09-23 18:10:30,7.66,8.05,3,2019-09-23,18:10:30,NA,NA
"D04","CUPE",102,100,2019-09-23 18:11:30,7.66,8.09,1.14,2019-09-23,18:11:30,NA,NA
"D04","CUPE",102,100,2019-09-23 18:12:30,7.66,8.09,1.13,2019-09-23,18:12:30,NA,NA
"D04","CUPE",102,100,2019-09-23 18:13:30,7.66,8.08,1.07,2019-09-23,18:13:30,NA,NA
"D04","CUPE",102,100,2019-09-23 18:14:30,7.66,8.09,1.09,2019-09-23,18:14:30,NA,NA
"D04","CUPE",102,100,2019-09-23 18:15:30,7.65,8.05,3.01,2019-09-23,18:15:30,NA,NA
"D04","CUPE",102,100,2019-09-23 18:16:30,7.66,8.09,1.13,2019-09-23,18:16:30,NA,NA
"D04","CUPE",102,100,2019-09-23 18:17:30,7.66,8.09,1.08,2019-09-23,18:17:30,NA,NA
"D04","CUPE",102,100,2019-09-23 18:18:30,7.66,8.09,1.14,2019-09-23,18:18:30,NA,NA
"D04","CUPE",102,100,2019-09-23 18:19:30,7.66,8.08,1.08,2019-09-23,18:19:30,NA,NA
"D04","CUPE",102,100,2019-09-23 18:20:30,7.65,8.05,2.97,2019-09-23,18:20:30,NA,NA
"D04","CUPE",102,100,2019-09-23 18:21:30,7.65,8.09,1.09,2019-09-23,18:21:30,NA,NA
"D04","CUPE",102,100,2019-09-23 18:22:30,7.65,8.08,1.11,2019-09-23,18:22:30,NA,NA
"D04","CUPE",102,100,2019-09-23 18:23:30,7.65,8.08,1.1,2019-09-23,18:23:30,NA,NA
"D04","CUPE",102,100,2019-09-23 18:24:30,7.65,8.08,1.11,2019-09-23,18:24:30,NA,NA
"D04","CUPE",102,100,2019-09-23 18:25:30,7.65,8.09,2.85,2019-09-23,18:25:30,NA,NA
"D04","CUPE",102,100,2019-09-23 18:26:30,7.65,8.09,1.09,2019-09-23,18:26:30,NA,NA
"D04","CUPE",102,100,2019-09-23 18:27:30,7.65,8.09,1.1,2019-09-23,18:27:30,NA,NA
"D04","CUPE",102,100,2019-09-23 18:28:30,7.65,8.09,1.1,2019-09-23,18:28:30,NA,NA
"D04","CUPE",102,100,2019-09-23 18:29:30,7.64,8.09,1.08,2019-09-23,18:29:30,NA,NA
"D04","CUPE",102,100,2019-09-23 18:30:30,7.65,8.06,2.97,2019-09-23,18:30:30,NA,NA
"D04","CUPE",102,100,2019-09-24 17:30:00,7.68,8.33,0.84,2019-09-24,17:30:00,25.132,NA
"D04","CUPE",102,100,2019-09-24 17:31:00,7.68,8.33,0.84,2019-09-24,17:31:00,NA,NA
"D04","CUPE",102,100,2019-09-24 17:32:00,7.67,8.33,0.82,2019-09-24,17:32:00,NA,NA
"D04","CUPE",102,100,2019-09-24 17:33:00,7.67,8.34,0.84,2019-09-24,17:33:00,NA,NA
"D04","CUPE",102,100,2019-09-24 17:34:00,7.67,8.3,2.81,2019-09-24,17:34:00,NA,NA
"D04","CUPE",102,100,2019-09-24 17:35:00,7.67,8.33,0.85,2019-09-24,17:35:00,25.123,NA
"D04","CUPE",102,100,2019-09-24 17:36:00,7.67,8.33,0.85,2019-09-24,17:36:00,NA,NA
"D04","CUPE",102,100,2019-09-24 17:37:00,7.68,8.33,0.82,2019-09-24,17:37:00,NA,NA
"D04","CUPE",102,100,2019-09-24 17:38:00,7.68,8.33,0.86,2019-09-24,17:38:00,NA,NA
"D04","CUPE",102,100,2019-09-24 17:39:00,7.68,8.29,2.89,2019-09-24,17:39:00,NA,NA
"D04","CUPE",102,100,2019-09-24 17:40:00,7.68,8.33,0.82,2019-09-24,17:40:00,25.118,NA
"D04","CUPE",102,100,2019-09-24 17:41:00,7.69,8.33,0.86,2019-09-24,17:41:00,NA,NA
"D04","CUPE",102,100,2019-09-24 17:42:00,7.69,8.33,0.84,2019-09-24,17:42:00,NA,NA
"D04","CUPE",102,100,2019-09-24 17:43:00,7.68,8.32,0.81,2019-09-24,17:43:00,NA,NA
"D04","CUPE",102,100,2019-09-24 17:44:00,7.69,8.32,2.5,2019-09-24,17:44:00,NA,NA
"D04","CUPE",102,100,2019-09-24 17:45:00,7.68,8.32,0.85,2019-09-24,17:45:00,25.11,NA
"D04","CUPE",102,100,2019-09-24 17:46:00,7.68,8.32,0.82,2019-09-24,17:46:00,NA,NA
"D04","CUPE",102,100,2019-09-24 17:47:00,7.68,8.32,0.82,2019-09-24,17:47:00,NA,NA
"D04","CUPE",102,100,2019-09-24 17:48:00,7.68,8.31,0.87,2019-09-24,17:48:00,NA,NA
"D04","CUPE",102,100,2019-09-24 17:49:00,7.68,8.32,2.75,2019-09-24,17:49:00,NA,NA
"D04","CUPE",102,100,2019-09-24 17:50:00,7.68,8.31,0.87,2019-09-24,17:50:00,25.1,NA
"D04","CUPE",102,100,2019-09-24 17:51:00,7.68,8.31,0.88,2019-09-24,17:51:00,NA,NA
"D04","CUPE",102,100,2019-09-24 17:52:00,7.68,8.31,0.84,2019-09-24,17:52:00,NA,NA
"D04","CUPE",102,100,2019-09-24 17:53:00,7.68,8.3,0.83,2019-09-24,17:53:00,NA,NA
"D04","CUPE",102,100,2019-09-24 17:54:00,7.67,8.27,2.87,2019-09-24,17:54:00,NA,NA
"D04","CUPE",102,100,2019-09-24 17:55:00,7.67,8.3,0.85,2019-09-24,17:55:00,25.091,NA
"D04","CUPE",102,100,2019-09-24 17:56:00,7.67,8.3,0.85,2019-09-24,17:56:00,NA,NA
"D04","CUPE",102,100,2019-09-24 17:57:00,7.67,8.3,0.82,2019-09-24,17:57:00,NA,NA
"D04","CUPE",102,100,2019-09-24 17:58:00,7.67,8.3,0.8,2019-09-24,17:58:00,NA,NA
"D04","CUPE",102,100,2019-09-24 17:59:00,7.66,8.29,2.73,2019-09-24,17:59:00,NA,NA
"D04","CUPE",102,100,2019-09-24 18:00:00,7.66,8.29,0.81,2019-09-24,18:00:00,25.079,NA
"D04","CUPE",102,100,2019-09-24 18:01:00,7.66,8.29,0.86,2019-09-24,18:01:00,NA,NA
"D04","CUPE",102,100,2019-09-24 18:02:00,7.66,8.29,0.86,2019-09-24,18:02:00,NA,NA
"D04","CUPE",102,100,2019-09-24 18:03:00,7.65,8.28,0.86,2019-09-24,18:03:00,NA,NA
"D04","CUPE",102,100,2019-09-24 18:04:00,7.64,8.29,2.64,2019-09-24,18:04:00,NA,NA
"D04","CUPE",102,100,2019-09-24 18:05:00,7.64,8.29,0.81,2019-09-24,18:05:00,25.064,NA
"D04","CUPE",102,100,2019-09-24 18:06:00,7.64,8.29,0.8,2019-09-24,18:06:00,NA,NA
"D04","CUPE",102,100,2019-09-24 18:07:00,7.64,8.28,0.84,2019-09-24,18:07:00,NA,NA
"D04","CUPE",102,100,2019-09-24 18:08:00,7.63,8.28,0.81,2019-09-24,18:08:00,NA,NA
"D04","CUPE",102,100,2019-09-24 18:09:00,7.63,8.25,2.68,2019-09-24,18:09:00,NA,NA
"D04","CUPE",102,100,2019-09-24 18:10:00,7.63,8.28,0.81,2019-09-24,18:10:00,25.05,NA
"D04","CUPE",102,100,2019-09-24 18:11:00,7.63,8.28,0.81,2019-09-24,18:11:00,NA,NA
"D04","CUPE",102,100,2019-09-24 18:12:00,7.63,8.27,0.85,2019-09-24,18:12:00,NA,NA
"D04","CUPE",102,100,2019-09-24 18:13:00,7.62,8.28,0.83,2019-09-24,18:13:00,NA,NA
"D04","CUPE",102,100,2019-09-24 18:14:00,7.62,8.24,2.79,2019-09-24,18:14:00,NA,NA
"D04","CUPE",102,100,2019-09-24 18:15:00,7.63,8.28,0.88,2019-09-24,18:15:00,25.035,NA
"D04","CUPE",102,100,2019-09-24 18:16:00,7.63,8.28,0.9,2019-09-24,18:16:00,NA,NA
"D04","CUPE",102,100,2019-09-24 18:17:00,7.63,8.27,0.82,2019-09-24,18:17:00,NA,NA
"D04","CUPE",102,100,2019-09-24 18:18:00,7.62,8.28,0.84,2019-09-24,18:18:00,NA,NA
"D04","CUPE",102,100,2019-09-24 18:19:00,7.62,8.24,2.83,2019-09-24,18:19:00,NA,NA
"D04","CUPE",102,100,2019-09-24 18:20:00,7.62,8.27,0.84,2019-09-24,18:20:00,25.022,NA
"D04","CUPE",102,100,2019-09-24 18:21:00,7.62,8.27,0.86,2019-09-24,18:21:00,NA,NA
"D04","CUPE",102,100,2019-09-24 18:22:00,7.62,8.27,0.86,2019-09-24,18:22:00,NA,NA
"D04","CUPE",102,100,2019-09-24 18:23:00,7.62,8.26,0.86,2019-09-24,18:23:00,NA,NA
"D04","CUPE",102,100,2019-09-24 18:24:00,7.62,8.27,2.76,2019-09-24,18:24:00,NA,NA
"D04","CUPE",102,100,2019-09-24 18:25:00,7.62,8.27,0.83,2019-09-24,18:25:00,25.009,NA
"D04","CUPE",102,100,2019-09-24 18:26:00,7.62,8.27,0.82,2019-09-24,18:26:00,NA,NA
"D04","CUPE",102,100,2019-09-24 18:27:00,7.62,8.26,0.85,2019-09-24,18:27:00,NA,NA
"D04","CUPE",102,100,2019-09-24 18:28:00,7.62,8.27,0.85,2019-09-24,18:28:00,NA,NA
"D04","CUPE",102,100,2019-09-24 18:29:00,7.63,8.23,2.86,2019-09-24,18:29:00,NA,NA
"D04","CUPE",102,100,2019-09-24 18:30:00,7.62,8.27,0.88,2019-09-24,18:30:00,24.998,NA
"D04","CUPE",102,100,2019-09-26 17:30:00,7.96,8.04,1.67,2019-09-26,17:30:00,24.518,NA
"D04","CUPE",102,100,2019-09-26 17:31:00,7.96,8.04,1.68,2019-09-26,17:31:00,NA,NA
"D04","CUPE",102,100,2019-09-26 17:32:00,7.96,8.04,1.7,2019-09-26,17:32:00,NA,NA
"D04","CUPE",102,100,2019-09-26 17:33:00,7.96,8.05,1.62,2019-09-26,17:33:00,NA,NA
"D04","CUPE",102,100,2019-09-26 17:34:00,7.96,8.01,3.63,2019-09-26,17:34:00,NA,NA
"D04","CUPE",102,100,2019-09-26 17:35:00,7.96,8.06,1.68,2019-09-26,17:35:00,24.525,NA
"D04","CUPE",102,100,2019-09-26 17:36:00,7.94,8.05,1.69,2019-09-26,17:36:00,NA,NA
"D04","CUPE",102,100,2019-09-26 17:37:00,7.94,8.05,1.7,2019-09-26,17:37:00,NA,NA
"D04","CUPE",102,100,2019-09-26 17:38:00,7.94,8.05,1.7,2019-09-26,17:38:00,NA,NA
"D04","CUPE",102,100,2019-09-26 17:39:00,7.95,8.04,3.66,2019-09-26,17:39:00,NA,NA
"D04","CUPE",102,100,2019-09-26 17:40:00,7.96,8.05,1.7,2019-09-26,17:40:00,24.557,NA
"D04","CUPE",102,100,2019-09-26 17:41:00,7.96,8.06,1.67,2019-09-26,17:41:00,NA,NA
"D04","CUPE",102,100,2019-09-26 17:42:00,7.96,8.06,1.7,2019-09-26,17:42:00,NA,NA
"D04","CUPE",102,100,2019-09-26 17:43:00,7.96,8.06,1.69,2019-09-26,17:43:00,NA,NA
"D04","CUPE",102,100,2019-09-26 17:44:00,7.94,8.04,3.44,2019-09-26,17:44:00,NA,NA
"D04","CUPE",102,100,2019-09-26 17:45:00,7.94,8.06,1.65,2019-09-26,17:45:00,24.568,NA
"D04","CUPE",102,100,2019-09-26 17:46:00,7.94,8.05,1.61,2019-09-26,17:46:00,NA,NA
"D04","CUPE",102,100,2019-09-26 17:47:00,7.95,8.05,1.74,2019-09-26,17:47:00,NA,NA
"D04","CUPE",102,100,2019-09-26 17:48:00,7.96,8.05,1.66,2019-09-26,17:48:00,NA,NA
"D04","CUPE",102,100,2019-09-26 17:49:00,7.96,8.05,3.63,2019-09-26,17:49:00,NA,NA
"D04","CUPE",102,100,2019-09-26 17:50:00,7.96,8.05,1.66,2019-09-26,17:50:00,24.61,NA
"D04","CUPE",102,100,2019-09-26 17:51:00,7.96,8.05,1.66,2019-09-26,17:51:00,NA,NA
"D04","CUPE",102,100,2019-09-26 17:52:00,7.95,8.04,1.68,2019-09-26,17:52:00,NA,NA
"D04","CUPE",102,100,2019-09-26 17:53:00,7.94,8.06,1.65,2019-09-26,17:53:00,NA,NA
"D04","CUPE",102,100,2019-09-26 17:54:00,7.94,8.02,3.61,2019-09-26,17:54:00,NA,NA
"D04","CUPE",102,100,2019-09-26 17:55:00,7.95,8.06,1.72,2019-09-26,17:55:00,24.635,NA
"D04","CUPE",102,100,2019-09-26 17:56:00,7.95,8.06,1.72,2019-09-26,17:56:00,NA,NA
"D04","CUPE",102,100,2019-09-26 17:57:00,7.95,8.05,1.72,2019-09-26,17:57:00,NA,NA
"D04","CUPE",102,100,2019-09-26 17:58:00,7.95,8.05,1.74,2019-09-26,17:58:00,NA,NA
"D04","CUPE",102,100,2019-09-26 17:59:00,7.95,8.01,3.58,2019-09-26,17:59:00,NA,NA
"D04","CUPE",102,100,2019-09-26 18:00:00,7.95,8.05,1.74,2019-09-26,18:00:00,24.652,NA
"D04","CUPE",102,100,2019-09-26 18:01:00,7.95,8.05,1.75,2019-09-26,18:01:00,NA,NA
"D04","CUPE",102,100,2019-09-26 18:02:00,7.94,8.04,1.74,2019-09-26,18:02:00,NA,NA
"D04","CUPE",102,100,2019-09-26 18:03:00,7.94,8.05,1.73,2019-09-26,18:03:00,NA,NA
"D04","CUPE",102,100,2019-09-26 18:04:00,7.94,8.01,3.7,2019-09-26,18:04:00,NA,NA
"D04","CUPE",102,100,2019-09-26 18:05:00,7.94,8.05,1.72,2019-09-26,18:05:00,24.658,NA
"D04","CUPE",102,100,2019-09-26 18:06:00,7.94,8.05,1.72,2019-09-26,18:06:00,NA,NA
"D04","CUPE",102,100,2019-09-26 18:07:00,7.94,8.04,1.82,2019-09-26,18:07:00,NA,NA
"D04","CUPE",102,100,2019-09-26 18:08:00,7.93,8.05,1.84,2019-09-26,18:08:00,NA,NA
"D04","CUPE",102,100,2019-09-26 18:09:00,7.92,8,3.6,2019-09-26,18:09:00,NA,NA
"D04","CUPE",102,100,2019-09-26 18:10:00,7.92,8.04,1.82,2019-09-26,18:10:00,24.667,NA
"D04","CUPE",102,100,2019-09-26 18:11:00,7.92,8.04,1.8,2019-09-26,18:11:00,NA,NA
"D04","CUPE",102,100,2019-09-26 18:12:00,7.93,8.04,1.83,2019-09-26,18:12:00,NA,NA
"D04","CUPE",102,100,2019-09-26 18:13:00,7.92,8.05,1.84,2019-09-26,18:13:00,NA,NA
"D04","CUPE",102,100,2019-09-26 18:14:00,7.92,8.01,3.7,2019-09-26,18:14:00,NA,NA
"D04","CUPE",102,100,2019-09-26 18:15:00,7.91,8.04,1.78,2019-09-26,18:15:00,24.686,NA
"D04","CUPE",102,100,2019-09-26 18:16:00,7.92,8.04,1.83,2019-09-26,18:16:00,NA,NA
"D04","CUPE",102,100,2019-09-26 18:17:00,7.92,8.04,1.8,2019-09-26,18:17:00,NA,NA
"D04","CUPE",102,100,2019-09-26 18:18:00,7.94,8.04,1.91,2019-09-26,18:18:00,NA,NA
"D04","CUPE",102,100,2019-09-26 18:19:00,7.94,8.06,3.68,2019-09-26,18:19:00,NA,NA
"D04","CUPE",102,100,2019-09-26 18:20:00,7.93,8.06,1.78,2019-09-26,18:20:00,24.68,NA
"D04","CUPE",102,100,2019-09-26 18:21:00,7.93,8.06,1.78,2019-09-26,18:21:00,NA,NA
"D04","CUPE",102,100,2019-09-26 18:22:00,7.91,8.05,1.93,2019-09-26,18:22:00,NA,NA
"D04","CUPE",102,100,2019-09-26 18:23:00,7.92,8.06,1.82,2019-09-26,18:23:00,NA,NA
"D04","CUPE",102,100,2019-09-26 18:24:00,7.91,8.01,4.02,2019-09-26,18:24:00,NA,NA
"D04","CUPE",102,100,2019-09-26 18:25:00,7.92,8.05,1.81,2019-09-26,18:25:00,24.695,NA
"D04","CUPE",102,100,2019-09-26 18:26:00,7.93,8.05,1.89,2019-09-26,18:26:00,NA,NA
"D04","CUPE",102,100,2019-09-26 18:27:00,7.93,8.05,1.91,2019-09-26,18:27:00,NA,NA
"D04","CUPE",102,100,2019-09-26 18:28:00,7.91,8.05,1.89,2019-09-26,18:28:00,NA,NA
"D04","CUPE",102,100,2019-09-26 18:29:00,7.91,8.04,3.81,2019-09-26,18:29:00,NA,NA
"D04","CUPE",102,100,2019-09-26 18:30:00,7.92,8.04,1.87,2019-09-26,18:30:00,24.717,NA
"D04","CUPE",102,100,2019-09-30 17:29:59,7.73,7.97,30.17,2019-09-30,17:29:59,NA,NA
"D04","CUPE",102,100,2019-09-30 17:30:59,7.74,7.97,30.18,2019-09-30,17:30:59,NA,NA
"D04","CUPE",102,100,2019-09-30 17:31:59,7.76,7.97,30.15,2019-09-30,17:31:59,NA,NA
"D04","CUPE",102,100,2019-09-30 17:32:59,7.77,7.97,30.19,2019-09-30,17:32:59,NA,NA
"D04","CUPE",102,100,2019-09-30 17:33:59,7.77,7.93,30.1,2019-09-30,17:33:59,NA,NA
"D04","CUPE",102,100,2019-09-30 17:34:59,7.76,7.97,30.13,2019-09-30,17:34:59,NA,NA
"D04","CUPE",102,100,2019-09-30 17:35:59,7.76,7.97,30.13,2019-09-30,17:35:59,NA,NA
"D04","CUPE",102,100,2019-09-30 17:36:59,7.76,7.97,30.16,2019-09-30,17:36:59,NA,NA
"D04","CUPE",102,100,2019-09-30 17:37:59,7.75,7.96,30.15,2019-09-30,17:37:59,NA,NA
"D04","CUPE",102,100,2019-09-30 17:38:59,7.75,7.92,30.09,2019-09-30,17:38:59,NA,NA
"D04","CUPE",102,100,2019-09-30 17:39:59,7.75,7.96,30.15,2019-09-30,17:39:59,NA,NA
"D04","CUPE",102,100,2019-09-30 17:40:59,7.75,7.96,30.15,2019-09-30,17:40:59,NA,NA
"D04","CUPE",102,100,2019-09-30 17:41:59,7.77,7.96,30.11,2019-09-30,17:41:59,NA,NA
"D04","CUPE",102,100,2019-09-30 17:42:59,7.77,7.97,30.15,2019-09-30,17:42:59,NA,NA
"D04","CUPE",102,100,2019-09-30 17:43:59,7.76,7.93,30.1,2019-09-30,17:43:59,NA,NA
"D04","CUPE",102,100,2019-09-30 17:44:59,7.76,7.97,30.14,2019-09-30,17:44:59,NA,NA
"D04","CUPE",102,100,2019-09-30 17:45:59,7.76,7.97,30.16,2019-09-30,17:45:59,NA,NA
"D04","CUPE",102,100,2019-09-30 17:46:59,7.76,7.96,30.12,2019-09-30,17:46:59,NA,NA
"D04","CUPE",102,100,2019-09-30 17:47:59,7.76,7.96,30.16,2019-09-30,17:47:59,NA,NA
"D04","CUPE",102,100,2019-09-30 17:48:59,7.76,7.96,30.16,2019-09-30,17:48:59,NA,NA
"D04","CUPE",102,100,2019-09-30 17:49:59,7.75,7.96,30.15,2019-09-30,17:49:59,NA,NA
"D04","CUPE",102,100,2019-09-30 17:50:59,7.75,7.96,30.14,2019-09-30,17:50:59,NA,NA
"D04","CUPE",102,100,2019-09-30 17:51:59,7.75,7.96,30.19,2019-09-30,17:51:59,NA,NA
"D04","CUPE",102,100,2019-09-30 17:52:59,7.75,7.96,30.19,2019-09-30,17:52:59,NA,NA
"D04","CUPE",102,100,2019-09-30 17:53:59,7.75,7.95,30.14,2019-09-30,17:53:59,NA,NA
"D04","CUPE",102,100,2019-09-30 17:54:59,7.74,7.96,30.15,2019-09-30,17:54:59,NA,NA
"D04","CUPE",102,100,2019-09-30 17:55:59,7.75,7.96,30.15,2019-09-30,17:55:59,NA,NA
"D04","CUPE",102,100,2019-09-30 17:56:59,7.75,7.96,30.14,2019-09-30,17:56:59,NA,NA
"D04","CUPE",102,100,2019-09-30 17:57:59,7.75,7.96,30.15,2019-09-30,17:57:59,NA,NA
"D04","CUPE",102,100,2019-09-30 17:58:59,7.74,7.95,30.14,2019-09-30,17:58:59,NA,NA
"D04","CUPE",102,100,2019-09-30 17:59:59,7.74,7.95,30.16,2019-09-30,17:59:59,NA,NA
"D04","CUPE",102,100,2019-09-30 18:00:59,7.74,7.95,30.16,2019-09-30,18:00:59,NA,NA
"D04","CUPE",102,100,2019-09-30 18:01:59,7.74,7.94,30.12,2019-09-30,18:01:59,NA,NA
"D04","CUPE",102,100,2019-09-30 18:02:59,7.74,7.95,30.16,2019-09-30,18:02:59,NA,NA
"D04","CUPE",102,100,2019-09-30 18:03:59,7.74,7.92,30.17,2019-09-30,18:03:59,NA,NA
"D04","CUPE",102,100,2019-09-30 18:04:59,7.75,7.95,30.14,2019-09-30,18:04:59,NA,NA
"D04","CUPE",102,100,2019-09-30 18:05:59,7.75,7.95,30.13,2019-09-30,18:05:59,NA,NA
"D04","CUPE",102,100,2019-09-30 18:06:59,7.75,7.95,30.12,2019-09-30,18:06:59,NA,NA
"D04","CUPE",102,100,2019-09-30 18:07:59,7.75,7.96,30.18,2019-09-30,18:07:59,NA,NA
"D04","CUPE",102,100,2019-09-30 18:08:59,7.74,7.93,30.13,2019-09-30,18:08:59,NA,NA
"D04","CUPE",102,100,2019-09-30 18:09:59,7.75,7.96,30.11,2019-09-30,18:09:59,NA,NA
"D04","CUPE",102,100,2019-09-30 18:10:59,7.76,7.96,30.15,2019-09-30,18:10:59,NA,NA
"D04","CUPE",102,100,2019-09-30 18:11:59,7.76,7.96,30.16,2019-09-30,18:11:59,NA,NA
"D04","CUPE",102,100,2019-09-30 18:12:59,7.76,7.96,30.16,2019-09-30,18:12:59,NA,NA
"D04","CUPE",102,100,2019-09-30 18:13:59,7.77,7.95,30.14,2019-09-30,18:13:59,NA,NA
"D04","CUPE",102,100,2019-09-30 18:14:59,7.76,7.97,30.15,2019-09-30,18:14:59,NA,NA
"D04","CUPE",102,100,2019-09-30 18:15:59,7.76,7.97,30.14,2019-09-30,18:15:59,NA,NA
"D04","CUPE",102,100,2019-09-30 18:16:59,7.75,7.96,30.1,2019-09-30,18:16:59,NA,NA
"D04","CUPE",102,100,2019-09-30 18:17:59,7.76,7.97,30.11,2019-09-30,18:17:59,NA,NA
"D04","CUPE",102,100,2019-09-30 18:18:59,7.76,7.93,30.1,2019-09-30,18:18:59,NA,NA
"D04","CUPE",102,100,2019-09-30 18:19:59,7.77,7.97,30.14,2019-09-30,18:19:59,NA,NA
"D04","CUPE",102,100,2019-09-30 18:20:59,7.76,7.97,30.08,2019-09-30,18:20:59,NA,NA
"D04","CUPE",102,100,2019-09-30 18:21:59,7.76,7.97,30.1,2019-09-30,18:21:59,NA,NA
"D04","CUPE",102,100,2019-09-30 18:22:59,7.76,7.97,30.1,2019-09-30,18:22:59,NA,NA
"D04","CUPE",102,100,2019-09-30 18:23:59,7.74,7.96,30.12,2019-09-30,18:23:59,NA,NA
"D04","CUPE",102,100,2019-09-30 18:24:59,7.75,7.97,30.14,2019-09-30,18:24:59,NA,NA
"D04","CUPE",102,100,2019-09-30 18:25:59,7.75,7.97,30.14,2019-09-30,18:25:59,NA,NA
"D04","CUPE",102,100,2019-09-30 18:26:59,7.75,7.97,30.11,2019-09-30,18:26:59,NA,NA
"D04","CUPE",102,100,2019-09-30 18:27:59,7.76,7.98,30.13,2019-09-30,18:27:59,NA,NA
"D04","CUPE",102,100,2019-09-30 18:28:59,7.77,7.94,30.12,2019-09-30,18:28:59,NA,NA
"D04","CUPE",102,100,2019-09-30 18:29:59,7.77,7.98,30.13,2019-09-30,18:29:59,NA,NA
"D04","CUPE",102,100,2019-09-30 18:30:59,7.77,7.98,30.14,2019-09-30,18:30:59,NA,NA
"D04","CUPE",101,100,2019-10-01 17:30:00,7.86,7.98,0.92,2019-10-01,17:30:00,25.318,NA
"D04","CUPE",101,100,2019-10-01 17:31:00,7.86,7.98,0.91,2019-10-01,17:31:00,NA,NA
"D04","CUPE",101,100,2019-10-01 17:32:00,7.86,7.98,0.94,2019-10-01,17:32:00,NA,NA
"D04","CUPE",101,100,2019-10-01 17:33:00,7.86,7.98,2.37,2019-10-01,17:33:00,NA,NA
"D04","CUPE",101,100,2019-10-01 17:34:00,7.86,7.97,0.94,2019-10-01,17:34:00,NA,NA
"D04","CUPE",101,100,2019-10-01 17:35:00,7.86,7.98,0.94,2019-10-01,17:35:00,25.339,NA
"D04","CUPE",101,100,2019-10-01 17:36:00,7.86,7.98,0.97,2019-10-01,17:36:00,NA,NA
"D04","CUPE",101,100,2019-10-01 17:37:00,7.86,7.97,0.89,2019-10-01,17:37:00,NA,NA
"D04","CUPE",101,100,2019-10-01 17:38:00,7.86,7.97,2.35,2019-10-01,17:38:00,NA,NA
"D04","CUPE",101,100,2019-10-01 17:39:00,7.86,7.98,0.93,2019-10-01,17:39:00,NA,NA
"D04","CUPE",101,100,2019-10-01 17:40:00,7.86,7.97,0.95,2019-10-01,17:40:00,25.354,NA
"D04","CUPE",101,100,2019-10-01 17:41:00,7.86,7.97,0.91,2019-10-01,17:41:00,NA,NA
"D04","CUPE",101,100,2019-10-01 17:42:00,7.86,7.97,0.92,2019-10-01,17:42:00,NA,NA
"D04","CUPE",101,100,2019-10-01 17:43:00,7.86,7.98,2.39,2019-10-01,17:43:00,NA,NA
"D04","CUPE",101,100,2019-10-01 17:44:00,7.85,7.97,0.92,2019-10-01,17:44:00,NA,NA
"D04","CUPE",101,100,2019-10-01 17:45:00,7.85,7.97,0.9,2019-10-01,17:45:00,25.366,NA
"D04","CUPE",101,100,2019-10-01 17:46:00,7.85,7.97,0.91,2019-10-01,17:46:00,NA,NA
"D04","CUPE",101,100,2019-10-01 17:47:00,7.85,7.98,0.98,2019-10-01,17:47:00,NA,NA
"D04","CUPE",101,100,2019-10-01 17:48:00,7.85,7.97,2.48,2019-10-01,17:48:00,NA,NA
"D04","CUPE",101,100,2019-10-01 17:49:00,7.85,7.97,0.95,2019-10-01,17:49:00,NA,NA
"D04","CUPE",101,100,2019-10-01 17:50:00,7.85,7.98,0.95,2019-10-01,17:50:00,25.373,NA
"D04","CUPE",101,100,2019-10-01 17:51:00,7.85,7.97,0.96,2019-10-01,17:51:00,NA,NA
"D04","CUPE",101,100,2019-10-01 17:52:00,7.85,7.97,0.96,2019-10-01,17:52:00,NA,NA
"D04","CUPE",101,100,2019-10-01 17:53:00,7.85,7.97,2.32,2019-10-01,17:53:00,NA,NA
"D04","CUPE",101,100,2019-10-01 17:54:00,7.85,7.97,0.93,2019-10-01,17:54:00,NA,NA
"D04","CUPE",101,100,2019-10-01 17:55:00,7.85,7.97,0.89,2019-10-01,17:55:00,25.371,NA
"D04","CUPE",101,100,2019-10-01 17:56:00,7.85,7.97,0.96,2019-10-01,17:56:00,NA,NA
"D04","CUPE",101,100,2019-10-01 17:57:00,7.85,7.97,0.96,2019-10-01,17:57:00,NA,NA
"D04","CUPE",101,100,2019-10-01 17:58:00,7.85,7.97,2.46,2019-10-01,17:58:00,NA,NA
"D04","CUPE",101,100,2019-10-01 17:59:00,7.85,7.98,0.89,2019-10-01,17:59:00,NA,NA
"D04","CUPE",101,100,2019-10-01 18:00:00,7.85,7.98,0.93,2019-10-01,18:00:00,25.36,NA
"D04","CUPE",101,100,2019-10-01 18:01:00,7.85,7.98,0.92,2019-10-01,18:01:00,NA,NA
"D04","CUPE",101,100,2019-10-01 18:02:00,7.85,7.98,0.91,2019-10-01,18:02:00,NA,NA
"D04","CUPE",101,100,2019-10-01 18:03:00,7.85,7.97,2.39,2019-10-01,18:03:00,NA,NA
"D04","CUPE",101,100,2019-10-01 18:04:00,7.85,7.97,1.01,2019-10-01,18:04:00,NA,NA
"D04","CUPE",101,100,2019-10-01 18:05:00,7.85,7.97,0.92,2019-10-01,18:05:00,25.342,NA
"D04","CUPE",101,100,2019-10-01 18:06:00,7.85,7.98,0.96,2019-10-01,18:06:00,NA,NA
"D04","CUPE",101,100,2019-10-01 18:07:00,7.85,7.97,0.97,2019-10-01,18:07:00,NA,NA
"D04","CUPE",101,100,2019-10-01 18:08:00,7.85,7.97,2.6,2019-10-01,18:08:00,NA,NA
"D04","CUPE",101,100,2019-10-01 18:09:00,7.85,7.98,0.93,2019-10-01,18:09:00,NA,NA
"D04","CUPE",101,100,2019-10-01 18:10:00,7.85,7.97,0.94,2019-10-01,18:10:00,25.327,NA
"D04","CUPE",101,100,2019-10-01 18:11:00,7.85,7.97,0.97,2019-10-01,18:11:00,NA,NA
"D04","CUPE",101,100,2019-10-01 18:12:00,7.85,7.98,0.9,2019-10-01,18:12:00,NA,NA
"D04","CUPE",101,100,2019-10-01 18:13:00,7.85,7.97,2.3,2019-10-01,18:13:00,NA,NA
"D04","CUPE",101,100,2019-10-01 18:14:00,7.85,7.97,0.94,2019-10-01,18:14:00,NA,NA
"D04","CUPE",101,100,2019-10-01 18:15:00,7.85,7.97,0.94,2019-10-01,18:15:00,25.321,NA
"D04","CUPE",101,100,2019-10-01 18:16:00,7.86,7.97,0.9,2019-10-01,18:16:00,NA,NA
"D04","CUPE",101,100,2019-10-01 18:17:00,7.85,7.97,0.96,2019-10-01,18:17:00,NA,NA
"D04","CUPE",101,100,2019-10-01 18:18:00,7.85,7.98,2.42,2019-10-01,18:18:00,NA,NA
"D04","CUPE",101,100,2019-10-01 18:19:00,7.86,7.98,0.94,2019-10-01,18:19:00,NA,NA
"D04","CUPE",101,100,2019-10-01 18:20:00,7.86,7.97,0.9,2019-10-01,18:20:00,25.32,NA
"D04","CUPE",101,100,2019-10-01 18:21:00,7.86,7.98,0.92,2019-10-01,18:21:00,NA,NA
"D04","CUPE",101,100,2019-10-01 18:22:00,7.86,7.97,0.91,2019-10-01,18:22:00,NA,NA
"D04","CUPE",101,100,2019-10-01 18:23:00,7.86,7.98,2.28,2019-10-01,18:23:00,NA,NA
"D04","CUPE",101,100,2019-10-01 18:24:00,7.86,7.98,0.94,2019-10-01,18:24:00,NA,NA
"D04","CUPE",101,100,2019-10-01 18:25:00,7.86,7.98,0.92,2019-10-01,18:25:00,25.327,NA
"D04","CUPE",101,100,2019-10-01 18:26:00,7.86,7.98,0.94,2019-10-01,18:26:00,NA,NA
"D04","CUPE",101,100,2019-10-01 18:27:00,7.86,7.98,0.93,2019-10-01,18:27:00,NA,NA
"D04","CUPE",101,100,2019-10-01 18:28:00,7.86,7.98,2.33,2019-10-01,18:28:00,NA,NA
"D04","CUPE",101,100,2019-10-01 18:29:00,7.86,7.98,0.93,2019-10-01,18:29:00,NA,NA
"D04","CUPE",101,100,2019-10-01 18:30:00,7.86,7.98,0.88,2019-10-01,18:30:00,25.343,NA
"D04","CUPE",101,100,2019-10-03 17:30:00,7.89,8.11,0.68,2019-10-03,17:30:00,25.197,NA
"D04","CUPE",101,100,2019-10-03 17:31:00,7.89,8.11,0.7,2019-10-03,17:31:00,NA,NA
"D04","CUPE",101,100,2019-10-03 17:32:00,7.89,8.11,0.7,2019-10-03,17:32:00,NA,NA
"D04","CUPE",101,100,2019-10-03 17:33:00,7.89,8.1,2.1,2019-10-03,17:33:00,NA,NA
"D04","CUPE",101,100,2019-10-03 17:34:00,7.89,8.11,0.66,2019-10-03,17:34:00,NA,NA
"D04","CUPE",101,100,2019-10-03 17:35:00,7.89,8.11,0.68,2019-10-03,17:35:00,25.205,NA
"D04","CUPE",101,100,2019-10-03 17:36:00,7.89,8.11,0.64,2019-10-03,17:36:00,NA,NA
"D04","CUPE",101,100,2019-10-03 17:37:00,7.89,8.11,0.67,2019-10-03,17:37:00,NA,NA
"D04","CUPE",101,100,2019-10-03 17:38:00,7.89,8.1,2.02,2019-10-03,17:38:00,NA,NA
"D04","CUPE",101,100,2019-10-03 17:39:00,7.89,8.11,0.65,2019-10-03,17:39:00,NA,NA
"D04","CUPE",101,100,2019-10-03 17:40:00,7.89,8.11,0.67,2019-10-03,17:40:00,25.218,NA
"D04","CUPE",101,100,2019-10-03 17:41:00,7.89,8.11,0.7,2019-10-03,17:41:00,NA,NA
"D04","CUPE",101,100,2019-10-03 17:42:00,7.89,8.11,0.7,2019-10-03,17:42:00,NA,NA
"D04","CUPE",101,100,2019-10-03 17:43:00,7.89,8.11,1.99,2019-10-03,17:43:00,NA,NA
"D04","CUPE",101,100,2019-10-03 17:44:00,7.89,8.11,0.72,2019-10-03,17:44:00,NA,NA
"D04","CUPE",101,100,2019-10-03 17:45:00,7.88,8.11,0.68,2019-10-03,17:45:00,25.226,NA
"D04","CUPE",101,100,2019-10-03 17:46:00,7.88,8.11,0.69,2019-10-03,17:46:00,NA,NA
"D04","CUPE",101,100,2019-10-03 17:47:00,7.88,8.11,0.63,2019-10-03,17:47:00,NA,NA
"D04","CUPE",101,100,2019-10-03 17:48:00,7.88,8.1,1.87,2019-10-03,17:48:00,NA,NA
"D04","CUPE",101,100,2019-10-03 17:49:00,7.88,8.11,0.67,2019-10-03,17:49:00,NA,NA
"D04","CUPE",101,100,2019-10-03 17:50:00,7.88,8.11,0.68,2019-10-03,17:50:00,25.216,NA
"D04","CUPE",101,100,2019-10-03 17:51:00,7.88,8.11,0.69,2019-10-03,17:51:00,NA,NA
"D04","CUPE",101,100,2019-10-03 17:52:00,7.88,8.11,0.67,2019-10-03,17:52:00,NA,NA
"D04","CUPE",101,100,2019-10-03 17:53:00,7.87,8.1,1.86,2019-10-03,17:53:00,NA,NA
"D04","CUPE",101,100,2019-10-03 17:54:00,7.87,8.11,0.66,2019-10-03,17:54:00,NA,NA
"D04","CUPE",101,100,2019-10-03 17:55:00,7.87,8.11,0.68,2019-10-03,17:55:00,25.188,NA
"D04","CUPE",101,100,2019-10-03 17:56:00,7.87,8.11,0.67,2019-10-03,17:56:00,NA,NA
"D04","CUPE",101,100,2019-10-03 17:57:00,7.87,8.11,0.7,2019-10-03,17:57:00,NA,NA
"D04","CUPE",101,100,2019-10-03 17:58:00,7.87,8.1,2.09,2019-10-03,17:58:00,NA,NA
"D04","CUPE",101,100,2019-10-03 17:59:00,7.87,8.11,0.64,2019-10-03,17:59:00,NA,NA
"D04","CUPE",101,100,2019-10-03 18:00:00,7.87,8.1,0.66,2019-10-03,18:00:00,25.16,NA
"D04","CUPE",101,100,2019-10-03 18:01:00,7.88,8.1,0.69,2019-10-03,18:01:00,NA,NA
"D04","CUPE",101,100,2019-10-03 18:02:00,7.88,8.1,0.67,2019-10-03,18:02:00,NA,NA
"D04","CUPE",101,100,2019-10-03 18:03:00,7.88,8.1,1.95,2019-10-03,18:03:00,NA,NA
"D04","CUPE",101,100,2019-10-03 18:04:00,7.87,8.11,0.68,2019-10-03,18:04:00,NA,NA
"D04","CUPE",101,100,2019-10-03 18:05:00,7.87,8.11,0.66,2019-10-03,18:05:00,25.126,NA
"D04","CUPE",101,100,2019-10-03 18:06:00,7.87,8.11,0.73,2019-10-03,18:06:00,NA,NA
"D04","CUPE",101,100,2019-10-03 18:07:00,7.87,8.11,0.66,2019-10-03,18:07:00,NA,NA
"D04","CUPE",101,100,2019-10-03 18:08:00,7.87,8.1,1.9,2019-10-03,18:08:00,NA,NA
"D04","CUPE",101,100,2019-10-03 18:09:00,7.87,8.11,0.66,2019-10-03,18:09:00,NA,NA
"D04","CUPE",101,100,2019-10-03 18:10:00,7.87,8.11,0.69,2019-10-03,18:10:00,25.089,NA
"D04","CUPE",101,100,2019-10-03 18:11:00,7.87,8.11,0.75,2019-10-03,18:11:00,NA,NA
"D04","CUPE",101,100,2019-10-03 18:12:00,7.87,8.11,0.68,2019-10-03,18:12:00,NA,NA
"D04","CUPE",101,100,2019-10-03 18:13:00,7.87,8.1,2.01,2019-10-03,18:13:00,NA,NA
"D04","CUPE",101,100,2019-10-03 18:14:00,7.87,8.11,0.68,2019-10-03,18:14:00,NA,NA
"D04","CUPE",101,100,2019-10-03 18:15:00,7.87,8.11,0.68,2019-10-03,18:15:00,25.054,NA
"D04","CUPE",101,100,2019-10-03 18:16:00,7.87,8.11,0.65,2019-10-03,18:16:00,NA,NA
"D04","CUPE",101,100,2019-10-03 18:17:00,7.87,8.1,0.71,2019-10-03,18:17:00,NA,NA
"D04","CUPE",101,100,2019-10-03 18:18:00,7.87,8.1,2.01,2019-10-03,18:18:00,NA,NA
"D04","CUPE",101,100,2019-10-03 18:19:00,7.87,8.11,0.71,2019-10-03,18:19:00,NA,NA
"D04","CUPE",101,100,2019-10-03 18:20:00,7.87,8.11,0.73,2019-10-03,18:20:00,25.025,NA
"D04","CUPE",101,100,2019-10-03 18:21:00,7.87,8.11,0.69,2019-10-03,18:21:00,NA,NA
"D04","CUPE",101,100,2019-10-03 18:22:00,7.87,8.11,0.65,2019-10-03,18:22:00,NA,NA
"D04","CUPE",101,100,2019-10-03 18:23:00,7.87,8.1,1.84,2019-10-03,18:23:00,NA,NA
"D04","CUPE",101,100,2019-10-03 18:24:00,7.87,8.11,0.69,2019-10-03,18:24:00,NA,NA
"D04","CUPE",101,100,2019-10-03 18:25:00,7.87,8.1,0.75,2019-10-03,18:25:00,25,NA
"D04","CUPE",101,100,2019-10-03 18:26:00,7.87,8.12,0.68,2019-10-03,18:26:00,NA,NA
"D04","CUPE",101,100,2019-10-03 18:27:00,7.87,8.12,0.68,2019-10-03,18:27:00,NA,NA
"D04","CUPE",101,100,2019-10-03 18:28:00,7.87,8.08,2,2019-10-03,18:28:00,NA,NA
"D04","CUPE",101,100,2019-10-03 18:29:00,7.88,8.1,0.67,2019-10-03,18:29:00,NA,NA
"D04","CUPE",101,100,2019-10-03 18:30:00,7.88,8.1,0.72,2019-10-03,18:30:00,24.979,NA
"D04","CUPE",102,100,2019-10-01 17:30:00,7.81,8.06,31.45,2019-10-01,17:30:00,25.109,NA
"D04","CUPE",102,100,2019-10-01 17:31:00,7.8,8.06,31.42,2019-10-01,17:31:00,NA,NA
"D04","CUPE",102,100,2019-10-01 17:32:00,7.8,8.06,31.45,2019-10-01,17:32:00,NA,NA
"D04","CUPE",102,100,2019-10-01 17:33:00,7.8,8.02,31.41,2019-10-01,17:33:00,NA,NA
"D04","CUPE",102,100,2019-10-01 17:34:00,7.8,8.06,31.4,2019-10-01,17:34:00,NA,NA
"D04","CUPE",102,100,2019-10-01 17:35:00,7.8,8.06,31.4,2019-10-01,17:35:00,25.138,NA
"D04","CUPE",102,100,2019-10-01 17:36:00,7.8,8.05,31.46,2019-10-01,17:36:00,NA,NA
"D04","CUPE",102,100,2019-10-01 17:37:00,7.8,8.05,31.42,2019-10-01,17:37:00,NA,NA
"D04","CUPE",102,100,2019-10-01 17:38:00,7.8,8.05,31.41,2019-10-01,17:38:00,NA,NA
"D04","CUPE",102,100,2019-10-01 17:39:00,7.8,8.05,31.43,2019-10-01,17:39:00,NA,NA
"D04","CUPE",102,100,2019-10-01 17:40:00,7.8,8.05,31.43,2019-10-01,17:40:00,25.168,NA
"D04","CUPE",102,100,2019-10-01 17:41:00,7.8,8.05,31.37,2019-10-01,17:41:00,NA,NA
"D04","CUPE",102,100,2019-10-01 17:42:00,7.8,8.06,31.41,2019-10-01,17:42:00,NA,NA
"D04","CUPE",102,100,2019-10-01 17:43:00,7.79,8.02,31.42,2019-10-01,17:43:00,NA,NA
"D04","CUPE",102,100,2019-10-01 17:44:00,7.79,8.06,31.42,2019-10-01,17:44:00,NA,NA
"D04","CUPE",102,100,2019-10-01 17:45:00,7.79,8.06,31.47,2019-10-01,17:45:00,25.195,NA
"D04","CUPE",102,100,2019-10-01 17:46:00,7.79,8.06,31.46,2019-10-01,17:46:00,NA,NA
"D04","CUPE",102,100,2019-10-01 17:47:00,7.79,8.05,31.44,2019-10-01,17:47:00,NA,NA
"D04","CUPE",102,100,2019-10-01 17:48:00,7.78,8.02,31.43,2019-10-01,17:48:00,NA,NA
"D04","CUPE",102,100,2019-10-01 17:49:00,7.79,8.05,31.45,2019-10-01,17:49:00,NA,NA
"D04","CUPE",102,100,2019-10-01 17:50:00,7.79,8.05,31.46,2019-10-01,17:50:00,25.206,NA
"D04","CUPE",102,100,2019-10-01 17:51:00,7.79,8.05,31.44,2019-10-01,17:51:00,NA,NA
"D04","CUPE",102,100,2019-10-01 17:52:00,7.79,8.06,31.42,2019-10-01,17:52:00,NA,NA
"D04","CUPE",102,100,2019-10-01 17:53:00,7.78,8.03,31.42,2019-10-01,17:53:00,NA,NA
"D04","CUPE",102,100,2019-10-01 17:54:00,7.78,8.06,31.44,2019-10-01,17:54:00,NA,NA
"D04","CUPE",102,100,2019-10-01 17:55:00,7.78,8.06,31.46,2019-10-01,17:55:00,25.183,NA
"D04","CUPE",102,100,2019-10-01 17:56:00,7.78,8.05,31.45,2019-10-01,17:56:00,NA,NA
"D04","CUPE",102,100,2019-10-01 17:57:00,7.78,8.05,31.45,2019-10-01,17:57:00,NA,NA
"D04","CUPE",102,100,2019-10-01 17:58:00,7.78,8.02,31.43,2019-10-01,17:58:00,NA,NA
"D04","CUPE",102,100,2019-10-01 17:59:00,7.78,8.05,31.44,2019-10-01,17:59:00,NA,NA
"D04","CUPE",102,100,2019-10-01 18:00:00,7.78,8.05,31.45,2019-10-01,18:00:00,25.175,NA
"D04","CUPE",102,100,2019-10-01 18:01:00,7.78,8.05,31.44,2019-10-01,18:01:00,NA,NA
"D04","CUPE",102,100,2019-10-01 18:02:00,7.78,8.05,31.44,2019-10-01,18:02:00,NA,NA
"D04","CUPE",102,100,2019-10-01 18:03:00,7.78,8.01,31.45,2019-10-01,18:03:00,NA,NA
"D04","CUPE",102,100,2019-10-01 18:04:00,7.78,8.05,31.45,2019-10-01,18:04:00,NA,NA
"D04","CUPE",102,100,2019-10-01 18:05:00,7.78,8.05,31.46,2019-10-01,18:05:00,25.158,NA
"D04","CUPE",102,100,2019-10-01 18:06:00,7.78,8.05,31.44,2019-10-01,18:06:00,NA,NA
"D04","CUPE",102,100,2019-10-01 18:07:00,7.78,8.06,31.46,2019-10-01,18:07:00,NA,NA
"D04","CUPE",102,100,2019-10-01 18:08:00,7.78,8.02,31.44,2019-10-01,18:08:00,NA,NA
"D04","CUPE",102,100,2019-10-01 18:09:00,7.78,8.06,31.43,2019-10-01,18:09:00,NA,NA
"D04","CUPE",102,100,2019-10-01 18:10:00,7.78,8.06,31.42,2019-10-01,18:10:00,25.149,NA
"D04","CUPE",102,100,2019-10-01 18:11:00,7.78,8.06,31.41,2019-10-01,18:11:00,NA,NA
"D04","CUPE",102,100,2019-10-01 18:12:00,7.78,8.06,31.44,2019-10-01,18:12:00,NA,NA
"D04","CUPE",102,100,2019-10-01 18:13:00,7.78,8.03,31.45,2019-10-01,18:13:00,NA,NA
"D04","CUPE",102,100,2019-10-01 18:14:00,7.78,8.07,31.44,2019-10-01,18:14:00,NA,NA
"D04","CUPE",102,100,2019-10-01 18:15:00,7.78,8.07,31.44,2019-10-01,18:15:00,25.178,NA
"D04","CUPE",102,100,2019-10-01 18:16:00,7.79,8.06,31.46,2019-10-01,18:16:00,NA,NA
"D04","CUPE",102,100,2019-10-01 18:17:00,7.79,8.07,31.43,2019-10-01,18:17:00,NA,NA
"D04","CUPE",102,100,2019-10-01 18:18:00,7.79,8.04,31.46,2019-10-01,18:18:00,NA,NA
"D04","CUPE",102,100,2019-10-01 18:19:00,7.79,8.07,31.45,2019-10-01,18:19:00,NA,NA
"D04","CUPE",102,100,2019-10-01 18:20:00,7.79,8.07,31.45,2019-10-01,18:20:00,25.182,NA
"D04","CUPE",102,100,2019-10-01 18:21:00,7.79,8.07,31.43,2019-10-01,18:21:00,NA,NA
"D04","CUPE",102,100,2019-10-01 18:22:00,7.78,8.08,31.44,2019-10-01,18:22:00,NA,NA
"D04","CUPE",102,100,2019-10-01 18:23:00,7.79,8.04,31.42,2019-10-01,18:23:00,NA,NA
"D04","CUPE",102,100,2019-10-01 18:24:00,7.78,8.07,31.46,2019-10-01,18:24:00,NA,NA
"D04","CUPE",102,100,2019-10-01 18:25:00,7.78,8.07,31.46,2019-10-01,18:25:00,25.178,NA
"D04","CUPE",102,100,2019-10-01 18:26:00,7.78,8.07,31.43,2019-10-01,18:26:00,NA,NA
"D04","CUPE",102,100,2019-10-01 18:27:00,7.78,8.07,31.43,2019-10-01,18:27:00,NA,NA
"D04","CUPE",102,100,2019-10-01 18:28:00,7.79,8.07,31.44,2019-10-01,18:28:00,NA,NA
"D04","CUPE",102,100,2019-10-01 18:29:00,7.79,8.08,31.47,2019-10-01,18:29:00,NA,NA
"D04","CUPE",102,100,2019-10-01 18:30:00,7.79,8.08,31.47,2019-10-01,18:30:00,25.198,NA
"D04","CUPE",102,100,2019-10-03 17:30:00,7.81,8.05,32.09,2019-10-03,17:30:00,25.066,NA
"D04","CUPE",102,100,2019-10-03 17:31:00,7.81,8.05,32.07,2019-10-03,17:31:00,NA,NA
"D04","CUPE",102,100,2019-10-03 17:32:00,7.81,8.06,32.07,2019-10-03,17:32:00,NA,NA
"D04","CUPE",102,100,2019-10-03 17:33:00,7.81,8.03,32.08,2019-10-03,17:33:00,NA,NA
"D04","CUPE",102,100,2019-10-03 17:34:00,7.81,8.06,32.09,2019-10-03,17:34:00,NA,NA
"D04","CUPE",102,100,2019-10-03 17:35:00,7.81,8.06,32.09,2019-10-03,17:35:00,25.09,NA
"D04","CUPE",102,100,2019-10-03 17:36:00,7.81,8.05,32.09,2019-10-03,17:36:00,NA,NA
"D04","CUPE",102,100,2019-10-03 17:37:00,7.81,8.06,32.09,2019-10-03,17:37:00,NA,NA
"D04","CUPE",102,100,2019-10-03 17:38:00,7.81,8.02,32.1,2019-10-03,17:38:00,NA,NA
"D04","CUPE",102,100,2019-10-03 17:39:00,7.8,8.05,32.06,2019-10-03,17:39:00,NA,NA
"D04","CUPE",102,100,2019-10-03 17:40:00,7.8,8.05,32.08,2019-10-03,17:40:00,25.086,NA
"D04","CUPE",102,100,2019-10-03 17:41:00,7.8,8.05,32.09,2019-10-03,17:41:00,NA,NA
"D04","CUPE",102,100,2019-10-03 17:42:00,7.8,8.05,32.09,2019-10-03,17:42:00,NA,NA
"D04","CUPE",102,100,2019-10-03 17:43:00,7.8,8.04,32.07,2019-10-03,17:43:00,NA,NA
"D04","CUPE",102,100,2019-10-03 17:44:00,7.8,8.05,32.1,2019-10-03,17:44:00,NA,NA
"D04","CUPE",102,100,2019-10-03 17:45:00,7.8,8.05,32.09,2019-10-03,17:45:00,25.09,NA
"D04","CUPE",102,100,2019-10-03 17:46:00,7.79,8.04,32.11,2019-10-03,17:46:00,NA,NA
"D04","CUPE",102,100,2019-10-03 17:47:00,7.79,8.05,32.08,2019-10-03,17:47:00,NA,NA
"D04","CUPE",102,100,2019-10-03 17:48:00,7.79,8.02,32.11,2019-10-03,17:48:00,NA,NA
"D04","CUPE",102,100,2019-10-03 17:49:00,7.8,8.05,32.09,2019-10-03,17:49:00,NA,NA
"D04","CUPE",102,100,2019-10-03 17:50:00,7.8,8.05,32.09,2019-10-03,17:50:00,25.076,NA
"D04","CUPE",102,100,2019-10-03 17:51:00,7.8,8.05,32.09,2019-10-03,17:51:00,NA,NA
"D04","CUPE",102,100,2019-10-03 17:52:00,7.79,8.06,32.08,2019-10-03,17:52:00,NA,NA
"D04","CUPE",102,100,2019-10-03 17:53:00,7.79,8.03,32.1,2019-10-03,17:53:00,NA,NA
"D04","CUPE",102,100,2019-10-03 17:54:00,7.79,8.06,32.06,2019-10-03,17:54:00,NA,NA
"D04","CUPE",102,100,2019-10-03 17:55:00,7.79,8.06,32.1,2019-10-03,17:55:00,25.035,NA
"D04","CUPE",102,100,2019-10-03 17:56:00,7.78,8.06,32.1,2019-10-03,17:56:00,NA,NA
"D04","CUPE",102,100,2019-10-03 17:57:00,7.78,8.05,32.11,2019-10-03,17:57:00,NA,NA
"D04","CUPE",102,100,2019-10-03 17:58:00,7.78,8.06,32.06,2019-10-03,17:58:00,NA,NA
"D04","CUPE",102,100,2019-10-03 17:59:00,7.78,8.05,32.12,2019-10-03,17:59:00,NA,NA
"D04","CUPE",102,100,2019-10-03 18:00:00,7.79,8.05,32.12,2019-10-03,18:00:00,25.02,NA
"D04","CUPE",102,100,2019-10-03 18:01:00,7.79,8.05,32.05,2019-10-03,18:01:00,NA,NA
"D04","CUPE",102,100,2019-10-03 18:02:00,7.79,8.05,32.1,2019-10-03,18:02:00,NA,NA
"D04","CUPE",102,100,2019-10-03 18:03:00,7.79,8.05,32.1,2019-10-03,18:03:00,NA,NA
"D04","CUPE",102,100,2019-10-03 18:04:00,7.79,8.05,32.11,2019-10-03,18:04:00,NA,NA
"D04","CUPE",102,100,2019-10-03 18:05:00,7.79,8.04,32.1,2019-10-03,18:05:00,24.991,NA
"D04","CUPE",102,100,2019-10-03 18:06:00,7.79,8.04,32.1,2019-10-03,18:06:00,NA,NA
"D04","CUPE",102,100,2019-10-03 18:07:00,7.78,8.04,32.1,2019-10-03,18:07:00,NA,NA
"D04","CUPE",102,100,2019-10-03 18:08:00,7.77,8.04,32.08,2019-10-03,18:08:00,NA,NA
"D04","CUPE",102,100,2019-10-03 18:09:00,7.77,8.04,32.13,2019-10-03,18:09:00,NA,NA
"D04","CUPE",102,100,2019-10-03 18:10:00,7.77,8.03,32.05,2019-10-03,18:10:00,24.961,NA
"D04","CUPE",102,100,2019-10-03 18:11:00,7.77,8.03,32.07,2019-10-03,18:11:00,NA,NA
"D04","CUPE",102,100,2019-10-03 18:12:00,7.77,8.03,32.12,2019-10-03,18:12:00,NA,NA
"D04","CUPE",102,100,2019-10-03 18:13:00,7.77,8.02,32.12,2019-10-03,18:13:00,NA,NA
"D04","CUPE",102,100,2019-10-03 18:14:00,7.77,8.02,32.11,2019-10-03,18:14:00,NA,NA
"D04","CUPE",102,100,2019-10-03 18:15:00,7.77,8.02,32.11,2019-10-03,18:15:00,24.933,NA
"D04","CUPE",102,100,2019-10-03 18:16:00,7.77,8.02,32.08,2019-10-03,18:16:00,NA,NA
"D04","CUPE",102,100,2019-10-03 18:17:00,7.76,8.03,32.1,2019-10-03,18:17:00,NA,NA
"D04","CUPE",102,100,2019-10-03 18:18:00,7.77,8,32.1,2019-10-03,18:18:00,NA,NA
"D04","CUPE",102,100,2019-10-03 18:19:00,7.76,8.03,32.09,2019-10-03,18:19:00,NA,NA
"D04","CUPE",102,100,2019-10-03 18:20:00,7.76,8.03,32.1,2019-10-03,18:20:00,24.907,NA
"D04","CUPE",102,100,2019-10-03 18:21:00,7.77,8.03,32.11,2019-10-03,18:21:00,NA,NA
"D04","CUPE",102,100,2019-10-03 18:22:00,7.76,8.04,32.13,2019-10-03,18:22:00,NA,NA
"D04","CUPE",102,100,2019-10-03 18:23:00,7.77,8.01,32.09,2019-10-03,18:23:00,NA,NA
"D04","CUPE",102,100,2019-10-03 18:24:00,7.77,8.04,32.09,2019-10-03,18:24:00,NA,NA
"D04","CUPE",102,100,2019-10-03 18:25:00,7.77,8.04,32.09,2019-10-03,18:25:00,24.882,NA
"D04","CUPE",102,100,2019-10-03 18:26:00,7.77,8.03,32.11,2019-10-03,18:26:00,NA,NA
"D04","CUPE",102,100,2019-10-03 18:27:00,7.77,8.04,32.14,2019-10-03,18:27:00,NA,NA
"D04","CUPE",102,100,2019-10-03 18:28:00,7.76,8.01,32.07,2019-10-03,18:28:00,NA,NA
"D04","CUPE",102,100,2019-10-03 18:29:00,7.77,8.04,32.13,2019-10-03,18:29:00,NA,NA
"D04","CUPE",102,100,2019-10-03 18:30:00,7.77,8.04,32.13,2019-10-03,18:30:00,24.859,NA
NA,"MILL",NA,NA,NA,NA,NA,4.5,2019-09-16,NA,NA,"01URFA19"
NA,"MILL",NA,NA,NA,10.37,8.11,6.8,2019-09-16,NA,17.3,"01URFA19"
NA,"MILL",NA,NA,NA,NA,NA,4.6,2019-09-16,NA,NA,"01URFA19"
NA,"MILL",NA,NA,NA,NA,NA,4.3,2019-09-16,NA,NA,"01URFA19"
NA,"MILL",NA,NA,NA,NA,NA,4.4,2019-09-16,NA,NA,"01URFA19"
NA,"MILL",NA,NA,NA,NA,NA,6.9,2019-09-16,NA,NA,"01URFA19"
NA,"MILL",NA,NA,NA,10.38,8.05,19.2,2019-09-16,NA,17.2,"01URFA19"
NA,"MILL",NA,NA,NA,NA,NA,6,2019-09-16,NA,NA,"01URFA19"
NA,"MILL",NA,NA,NA,NA,NA,10.9,2019-09-16,NA,NA,"01URFA19"
NA,"MILL",NA,NA,NA,10.43,8.14,5.9,2019-09-16,NA,17.5,"01URFA19"
NA,"MILL",NA,NA,NA,NA,NA,5.9,2019-09-16,NA,NA,"01URFA19"
NA,"MILL",NA,NA,NA,10.45,8.08,7.4,2019-09-16,NA,17.3,"01URFA19"
NA,"MILL",NA,NA,NA,NA,NA,6.6,2019-09-16,NA,NA,"01URFA19"
NA,"MILL",NA,NA,NA,NA,NA,2.7,2019-09-16,NA,NA,"01URFA19"
NA,"MILL",NA,NA,NA,10.35,8.11,6.5,2019-09-16,NA,17.3,"01URFA19"
NA,"MILL",NA,NA,NA,NA,NA,8.1,2019-09-17,NA,NA,"01DRFA19"
NA,"MILL",NA,NA,NA,NA,NA,10.9,2019-09-17,NA,NA,"01DRFA19"
NA,"MILL",NA,NA,NA,NA,NA,7.7,2019-09-17,NA,NA,"01DRFA19"
NA,"MILL",NA,NA,NA,NA,NA,11.4,2019-09-17,NA,NA,"01DRFA19"
NA,"MILL",NA,NA,NA,NA,NA,8.1,2019-09-17,NA,NA,"01DRFA19"
NA,"MILL",NA,NA,NA,10.03,7.48,7.7,2019-09-17,NA,19.3,"01DRFA19"
NA,"MILL",NA,NA,NA,9.83,7.48,12,2019-09-17,NA,19.1,"01DRFA19"
NA,"MILL",NA,NA,NA,NA,NA,8.1,2019-09-17,NA,NA,"01DRFA19"
NA,"MILL",NA,NA,NA,NA,NA,8.4,2019-09-17,NA,NA,"01DRFA19"
NA,"MILL",NA,NA,NA,NA,NA,23.6,2019-09-17,NA,NA,"01DRFA19"
NA,"MILL",NA,NA,NA,9.91,7.48,7.6,2019-09-17,NA,19.2,"01DRFA19"
NA,"MILL",NA,NA,NA,9.91,7.51,8.7,2019-09-17,NA,19.2,"01DRFA19"
NA,"MILL",NA,NA,NA,NA,NA,7.1,2019-09-17,NA,NA,"01DRFA19"
NA,"MILL",NA,NA,NA,9.73,7.43,10.8,2019-09-17,NA,19,"01DRFA19"
NA,"MILL",NA,NA,NA,NA,NA,11.1,2019-09-17,NA,NA,"01DRFA19"
NA,"MILL",NA,NA,NA,9.93,7.63,7.7,2019-09-23,NA,19.8,"02DRFA19"
NA,"MILL",NA,NA,NA,NA,NA,4.8,2019-09-23,NA,NA,"02DRFA19"
NA,"MILL",NA,NA,NA,NA,NA,12.1,2019-09-23,NA,NA,"02DRFA19"
NA,"MILL",NA,NA,NA,NA,NA,6.9,2019-09-23,NA,NA,"02DRFA19"
NA,"MILL",NA,NA,NA,NA,NA,8.3,2019-09-23,NA,NA,"02DRFA19"
NA,"MILL",NA,NA,NA,NA,NA,8.2,2019-09-23,NA,NA,"02DRFA19"
NA,"MILL",NA,NA,NA,NA,NA,6.3,2019-09-23,NA,NA,"02DRFA19"
NA,"MILL",NA,NA,NA,NA,NA,7,2019-09-23,NA,NA,"02DRFA19"
NA,"MILL",NA,NA,NA,NA,NA,29,2019-09-23,NA,NA,"02DRFA19"
NA,"MILL",NA,NA,NA,10,7.56,7,2019-09-23,NA,19.5,"02DRFA19"
NA,"MILL",NA,NA,NA,10.03,7.58,6.9,2019-09-23,NA,19.5,"02DRFA19"
NA,"MILL",NA,NA,NA,NA,NA,9,2019-09-23,NA,NA,"02DRFA19"
NA,"MILL",NA,NA,NA,9.9,7.57,9.1,2019-09-23,NA,19.7,"02DRFA19"
NA,"MILL",NA,NA,NA,NA,NA,14.9,2019-09-23,NA,NA,"02DRFA19"
NA,"MILL",NA,NA,NA,9.7,7.56,23.8,2019-09-23,NA,20,"02DRFA19"
NA,"MILL",NA,NA,NA,NA,NA,6.2,2019-09-24,NA,NA,"02URFA19"
NA,"MILL",NA,NA,NA,9.98,8.12,7,2019-09-24,NA,18.4,"02URFA19"
NA,"MILL",NA,NA,NA,NA,NA,7.6,2019-09-24,NA,NA,"02URFA19"
NA,"MILL",NA,NA,NA,NA,NA,6.6,2019-09-24,NA,NA,"02URFA19"
NA,"MILL",NA,NA,NA,10.22,8.1,4.9,2019-09-24,NA,18.3,"02URFA19"
NA,"MILL",NA,NA,NA,10.44,8.06,8.7,2019-09-24,NA,18.3,"02URFA19"
NA,"MILL",NA,NA,NA,NA,NA,5.4,2019-09-24,NA,NA,"02URFA19"
NA,"MILL",NA,NA,NA,NA,NA,4.7,2019-09-24,NA,NA,"02URFA19"
NA,"MILL",NA,NA,NA,10.55,8.2,4.1,2019-09-24,NA,18.4,"02URFA19"
NA,"MILL",NA,NA,NA,NA,NA,4.2,2019-09-24,NA,NA,"02URFA19"
NA,"MILL",NA,NA,NA,NA,NA,6,2019-09-24,NA,NA,"02URFA19"
NA,"MILL",NA,NA,NA,NA,NA,3.4,2019-09-24,NA,NA,"02URFA19"
NA,"MILL",NA,NA,NA,NA,NA,16.4,2019-09-24,NA,NA,"02URFA19"
NA,"MILL",NA,NA,NA,NA,NA,21.7,2019-09-24,NA,NA,"02URFA19"
NA,"MILL",NA,NA,NA,10.08,7.75,11.3,2019-09-24,NA,18,"02URFA19"
NA,"MILL",NA,NA,NA,NA,NA,11.4,2019-09-26,NA,NA,"03DRFA19"
NA,"MILL",NA,NA,NA,NA,NA,7,2019-09-26,NA,NA,"03DRFA19"
NA,"MILL",NA,NA,NA,NA,NA,24.4,2019-09-26,NA,NA,"03DRFA19"
NA,"MILL",NA,NA,NA,NA,NA,32.7,2019-09-26,NA,NA,"03DRFA19"
NA,"MILL",NA,NA,NA,NA,7.4,9.6,2019-09-26,NA,NA,"03DRFA19"
NA,"MILL",NA,NA,NA,NA,NA,8.6,2019-09-26,NA,NA,"03DRFA19"
NA,"MILL",NA,NA,NA,NA,NA,7.3,2019-09-26,NA,NA,"03DRFA19"
NA,"MILL",NA,NA,NA,NA,7.42,17.8,2019-09-26,NA,NA,"03DRFA19"
NA,"MILL",NA,NA,NA,NA,7.4,10.9,2019-09-26,NA,NA,"03DRFA19"
NA,"MILL",NA,NA,NA,NA,NA,34,2019-09-26,NA,NA,"03DRFA19"
NA,"MILL",NA,NA,NA,NA,7.36,21.2,2019-09-26,NA,NA,"03DRFA19"
NA,"MILL",NA,NA,NA,NA,NA,21.2,2019-09-26,NA,NA,"03DRFA19"
NA,"MILL",NA,NA,NA,NA,NA,9.9,2019-09-26,NA,NA,"03DRFA19"
NA,"MILL",NA,NA,NA,NA,NA,9,2019-09-26,NA,NA,"03DRFA19"
NA,"MILL",NA,NA,NA,NA,7.45,15,2019-09-26,NA,NA,"03DRFA19"
NA,"MILL",NA,NA,NA,10.75,7.98,10.4,2019-09-30,NA,15.2,"waterQ_FA19UR01"
NA,"MILL",NA,NA,NA,10.76,7.99,6.8,2019-09-30,NA,15.2,"waterQ_FA19UR01"
NA,"MILL",NA,NA,NA,10.95,7.95,16.1,2019-09-30,NA,14.8,"waterQ_FA19UR01"
NA,"MILL",NA,NA,NA,10.98,8.03,12,2019-09-30,NA,15.2,"waterQ_FA19UR01"
NA,"MILL",NA,NA,NA,10.99,8.03,10.3,2019-09-30,NA,15,"waterQ_FA19UR01"
NA,"MILL",NA,NA,NA,10.71,7.97,9.8,2019-09-30,NA,15.2,"waterQ_FA19UR01"
NA,"MILL",NA,NA,NA,10.35,7.58,25.9,2019-09-30,NA,18,"waterQ_FA19DR01"
NA,"MILL",NA,NA,NA,10.27,7.58,9.8,2019-09-30,NA,18.1,"waterQ_FA19DR01"
NA,"MILL",NA,NA,NA,10.71,7.93,9.1,2019-09-30,NA,15.2,"waterQ_FA19UR01"
NA,"MILL",NA,NA,NA,10.91,7.97,12.2,2019-09-30,NA,14.9,"waterQ_FA19UR01"
NA,"MILL",NA,NA,NA,10.82,8.06,8.5,2019-09-30,NA,15.2,"waterQ_FA19UR01"
NA,"MILL",NA,NA,NA,10.33,7.59,8.7,2019-09-30,NA,18,"waterQ_FA19DR01"
NA,"MILL",NA,NA,NA,10.84,7.93,4.9,2019-09-30,NA,14.7,"waterQ_FA19UR01"
NA,"MILL",NA,NA,NA,10.87,7.93,9.4,2019-09-30,NA,14.9,"waterQ_FA19UR01"
NA,"MILL",NA,NA,NA,10.26,7.58,18.6,2019-09-30,NA,18.1,"waterQ_FA19DR01"
NA,"MILL",NA,NA,NA,10.89,8.01,6.6,2019-09-30,NA,14.8,"waterQ_FA19UR01"
NA,"MILL",NA,NA,NA,10.28,7.91,13.8,2019-09-30,NA,14.9,"waterQ_FA19UR01"
NA,"MILL",NA,NA,NA,10,7.58,7.2,2019-09-30,NA,18.1,"waterQ_FA19DR01"
NA,"MILL",NA,NA,NA,10.65,7.95,7.8,2019-09-30,NA,15.2,"waterQ_FA19UR01"
NA,"MILL",NA,NA,NA,10.27,7.61,12.2,2019-09-30,NA,18,"waterQ_FA19DR01"
NA,"MILL",NA,NA,NA,10.73,7.95,4.3,2019-09-30,NA,15.2,"waterQ_FA19UR01"
NA,"MILL",NA,NA,NA,10.17,7.58,9.6,2019-09-30,NA,18,"waterQ_FA19DR01"
NA,"MILL",NA,NA,NA,10.17,7.61,14.6,2019-09-30,NA,18,"waterQ_FA19DR01"
NA,"MILL",NA,NA,NA,10.28,7.61,9.4,2019-09-30,NA,18.1,"waterQ_FA19DR01"
NA,"MILL",NA,NA,NA,10.23,7.56,30,2019-09-30,NA,18,"waterQ_FA19DR01"
NA,"MILL",NA,NA,NA,10.27,7.58,9.3,2019-09-30,NA,18.1,"waterQ_FA19DR01"
NA,"MILL",NA,NA,NA,10.21,7.6,10.9,2019-09-30,NA,18.1,"waterQ_FA19DR01"
NA,"MILL",NA,NA,NA,10.28,7.62,24.5,2019-09-30,NA,18,"waterQ_FA19DR01"
NA,"MILL",NA,NA,NA,9.9,7.54,17.7,2019-09-30,NA,17.5,"waterQ_FA19DR01"
NA,"MILL",NA,NA,NA,10.24,7.6,7.5,2019-09-30,NA,18,"waterQ_FA19DR01"
NA,"MILL",NA,NA,NA,10.81,8.17,6.2,2019-10-01,NA,16.6,"waterQ_FA19UR02"
NA,"MILL",NA,NA,NA,10.79,8.17,12,2019-10-01,NA,16.6,"waterQ_FA19UR02"
NA,"MILL",NA,NA,NA,10.81,8.18,5.7,2019-10-01,NA,16.6,"waterQ_FA19UR02"
NA,"MILL",NA,NA,NA,10.81,8.14,8.8,2019-10-01,NA,16.6,"waterQ_FA19UR02"
NA,"MILL",NA,NA,NA,10.75,8.17,8.8,2019-10-01,NA,16.6,"waterQ_FA19UR02"
NA,"MILL",NA,NA,NA,10.83,8.02,8.2,2019-10-01,NA,16.54,"waterQ_FA19UR02"
NA,"MILL",NA,NA,NA,11.01,7.96,25.1,2019-10-01,NA,16.6,"waterQ_FA19UR02"
NA,"MILL",NA,NA,NA,10,7.63,15.4,2019-10-01,NA,17.9,"waterQ_FA19DR02"
NA,"MILL",NA,NA,NA,10.97,8.14,7.2,2019-10-01,NA,16.5,"waterQ_FA19UR02"
NA,"MILL",NA,NA,NA,10.1,7.61,9.5,2019-10-01,NA,17.8,"waterQ_FA19DR02"
NA,"MILL",NA,NA,NA,10.31,7.6,9.2,2019-10-01,NA,17.8,"waterQ_FA19DR02"
NA,"MILL",NA,NA,NA,10.71,7.81,8.1,2019-10-01,NA,16.7,"waterQ_FA19UR02"
NA,"MILL",NA,NA,NA,10.32,7.6,10.8,2019-10-01,NA,17.8,"waterQ_FA19DR02"
NA,"MILL",NA,NA,NA,10.09,7.56,8.9,2019-10-01,NA,18,"waterQ_FA19DR02"
NA,"MILL",NA,NA,NA,10.78,8.14,9,2019-10-01,NA,16.6,"waterQ_FA19UR02"
NA,"MILL",NA,NA,NA,10.78,8.03,10.9,2019-10-01,NA,16.3,"waterQ_FA19UR02"
NA,"MILL",NA,NA,NA,10.25,7.61,8.8,2019-10-01,NA,17.8,"waterQ_FA19DR02"
NA,"MILL",NA,NA,NA,10.83,7.88,10.3,2019-10-01,NA,16.5,"waterQ_FA19UR02"
NA,"MILL",NA,NA,NA,10.23,7.63,8.4,2019-10-01,NA,17.8,"waterQ_FA19DR02"
NA,"MILL",NA,NA,NA,10.83,8.03,9.2,2019-10-01,NA,16.3,"waterQ_FA19UR02"
NA,"MILL",NA,NA,NA,10.08,7.55,9.3,2019-10-01,NA,18,"waterQ_FA19DR02"
NA,"MILL",NA,NA,NA,10.83,8.09,9.5,2019-10-01,NA,16.4,"waterQ_FA19UR02"
NA,"MILL",NA,NA,NA,10.84,7.99,10.6,2019-10-01,NA,16.3,"waterQ_FA19UR02"
NA,"MILL",NA,NA,NA,10.18,7.61,9.2,2019-10-01,NA,17.9,"waterQ_FA19DR02"
NA,"MILL",NA,NA,NA,9.99,7.61,11.2,2019-10-01,NA,18.1,"waterQ_FA19DR02"
NA,"MILL",NA,NA,NA,10.14,7.49,8.1,2019-10-01,NA,18.1,"waterQ_FA19DR02"
NA,"MILL",NA,NA,NA,10.15,7.54,11.3,2019-10-01,NA,18.1,"waterQ_FA19DR02"
NA,"MILL",NA,NA,NA,10.12,7.61,9.1,2019-10-01,NA,18.1,"waterQ_FA19DR02"
NA,"MILL",NA,NA,NA,10.1,7.56,8.4,2019-10-01,NA,18,"waterQ_FA19DR02"
NA,"MILL",NA,NA,NA,9.97,7.56,12.8,2019-10-01,NA,18.1,"waterQ_FA19DR02"
NA,"MILL",NA,NA,NA,NA,NA,11.2,2019-10-03,NA,NA,"03URFA19"
NA,"MILL",NA,NA,NA,NA,7.95,10.9,2019-10-03,NA,NA,"03URFA19"
NA,"MILL",NA,NA,NA,NA,NA,9,2019-10-03,NA,NA,"03URFA19"
NA,"MILL",NA,NA,NA,NA,NA,5,2019-10-03,NA,NA,"03URFA19"
NA,"MILL",NA,NA,NA,NA,NA,15.8,2019-10-03,NA,NA,"03URFA19"
NA,"MILL",NA,NA,NA,NA,7.98,7.4,2019-10-03,NA,NA,"03URFA19"
NA,"MILL",NA,NA,NA,NA,NA,7.8,2019-10-03,NA,NA,"03URFA19"
NA,"MILL",NA,NA,NA,NA,NA,9.7,2019-10-03,NA,NA,"03URFA19"
NA,"MILL",NA,NA,NA,NA,NA,10.4,2019-10-03,NA,NA,"03URFA19"
NA,"MILL",NA,NA,NA,NA,NA,12,2019-10-03,NA,NA,"03URFA19"
NA,"MILL",NA,NA,NA,NA,8,7.4,2019-10-03,NA,NA,"03URFA19"
NA,"MILL",NA,NA,NA,NA,NA,10.4,2019-10-03,NA,NA,"03URFA19"
NA,"MILL",NA,NA,NA,NA,NA,9.3,2019-10-03,NA,NA,"03URFA19"
NA,"MILL",NA,NA,NA,NA,NA,17.2,2019-10-03,NA,NA,"03URFA19"
NA,"MILL",NA,NA,NA,NA,7.96,5.7,2019-10-03,NA,NA,"03URFA19"
NA,"MILL",NA,NA,NA,NA,NA,5.8,2019-10-03,NA,NA,"03URFA19"
NA,"MILL",NA,NA,NA,NA,7.98,10.9,2019-10-03,NA,NA,"03URFA19"
