"domainID","siteID","date","year","yday","daily.precip","mon.precip"
"D02","BLAN",2014-09-14,2014,257,0,NA
"D02","BLAN",2014-09-15,2014,258,0,NA
"D02","BLAN",2014-09-16,2014,259,0,NA
"D02","BLAN",2014-09-17,2014,260,0,NA
"D02","BLAN",2014-09-18,2014,261,3.763,NA
"D02","BLAN",2014-09-19,2014,262,0,NA
"D02","BLAN",2014-09-20,2014,263,0,NA
"D02","BLAN",2014-09-21,2014,264,0,NA
"D02","BLAN",2014-09-22,2014,265,0,NA
"D02","BLAN",2014-09-23,2014,266,0,NA
"D02","BLAN",2014-09-24,2014,267,0,NA
"D02","BLAN",2014-09-25,2014,268,11.833,NA
"D02","BLAN",2014-09-26,2014,269,0.538,NA
"D02","BLAN",2014-09-27,2014,270,0,NA
"D02","BLAN",2014-09-28,2014,271,0,NA
"D02","BLAN",2014-09-29,2014,272,0,NA
"D02","BLAN",2014-09-30,2014,273,0,NA
"D02","BLAN",2014-10-01,2014,274,1.614,NA
"D02","BLAN",2014-10-02,2014,275,0,NA
"D02","BLAN",2014-10-03,2014,276,2.688,NA
"D02","BLAN",2014-10-04,2014,277,2.151,NA
"D02","BLAN",2014-10-05,2014,278,0,NA
"D02","BLAN",2014-10-06,2014,279,0,NA
"D02","BLAN",2014-10-07,2014,280,1.613,NA
"D02","BLAN",2014-10-08,2014,281,0.538,NA
"D02","BLAN",2014-10-09,2014,282,0,NA
"D02","BLAN",2014-10-10,2014,283,1.076,NA
"D02","BLAN",2014-10-11,2014,284,5.378,NA
"D02","BLAN",2014-10-12,2014,285,0.538,NA
"D02","BLAN",2014-10-13,2014,286,2.689,34.419
"D02","BLAN",2014-10-14,2014,287,0,34.419
"D02","BLAN",2014-10-15,2014,288,65.046,99.465
"D02","BLAN",2014-10-16,2014,289,0.538,100.003
"D02","BLAN",2014-10-17,2014,290,1.613,101.616
"D02","BLAN",2014-10-18,2014,291,0,97.853
"D02","BLAN",2014-10-19,2014,292,0,97.853
"D02","BLAN",2014-10-20,2014,293,0,97.853
"D02","BLAN",2014-10-21,2014,294,2.151,100.004
"D02","BLAN",2014-10-22,2014,295,3.764,103.768
"D02","BLAN",2014-10-23,2014,296,0,103.768
"D02","BLAN",2014-10-24,2014,297,0,103.768
"D02","BLAN",2014-10-25,2014,298,0,91.935
"D02","BLAN",2014-10-26,2014,299,0,91.397
"D02","BLAN",2014-10-27,2014,300,0,91.397
"D02","BLAN",2014-10-28,2014,301,0,91.397
"D02","BLAN",2014-10-29,2014,302,2.69,94.087
"D02","BLAN",2014-10-30,2014,303,0,94.087
"D02","BLAN",2014-10-31,2014,304,0,92.473
"D02","BLAN",2014-11-01,2014,305,0,92.473
"D02","BLAN",2014-11-02,2014,306,0,89.785
"D02","BLAN",2014-11-03,2014,307,0,87.634
"D02","BLAN",2014-11-04,2014,308,0,87.634
"D02","BLAN",2014-11-05,2014,309,0.538,88.172
"D02","BLAN",2014-11-06,2014,310,7.53,94.089
"D02","BLAN",2014-11-07,2014,311,0,93.551
"D02","BLAN",2014-11-08,2014,312,0,93.551
"D02","BLAN",2014-11-09,2014,313,0,92.475
"D02","BLAN",2014-11-10,2014,314,0,87.097
"D02","BLAN",2014-11-11,2014,315,0,86.559
"D02","BLAN",2014-11-12,2014,316,0,83.87
"D02","BLAN",2014-11-13,2014,317,0,83.87
"D02","BLAN",2014-11-14,2014,318,0,18.824
"D02","BLAN",2014-11-15,2014,319,0,18.286
"D02","BLAN",2014-11-16,2014,320,3.763,20.436
"D02","BLAN",2014-11-17,2014,321,6.456,26.892
"D02","BLAN",2014-11-18,2014,322,0,26.892
"D02","BLAN",2014-11-19,2014,323,0,26.892
"D02","BLAN",2014-11-20,2014,324,0,24.741
"D02","BLAN",2014-11-21,2014,325,0,20.977
"D02","BLAN",2014-11-22,2014,326,0,20.977
"D02","BLAN",2014-11-23,2014,327,0,20.977
"D02","BLAN",2014-11-24,2014,328,5.915,26.892
"D02","BLAN",2014-11-25,2014,329,0,26.892
"D02","BLAN",2014-11-26,2014,330,0,26.892
"D02","BLAN",2014-11-27,2014,331,0,26.892
"D02","BLAN",2014-11-28,2014,332,0,24.202
"D02","BLAN",2014-11-29,2014,333,0,24.202
"D02","BLAN",2014-11-30,2014,334,0,24.202
"D02","BLAN",2014-12-01,2014,335,1.613,25.815
"D02","BLAN",2014-12-02,2014,336,6.454,32.269
"D02","BLAN",2014-12-03,2014,337,2.151,34.42
"D02","BLAN",2014-12-04,2014,338,0,34.42
"D02","BLAN",2014-12-05,2014,339,1.614,35.496
"D02","BLAN",2014-12-06,2014,340,14.518,42.484
"D02","BLAN",2014-12-07,2014,341,2.152,44.636
"D02","BLAN",2014-12-08,2014,342,0,44.636
"D02","BLAN",2014-12-09,2014,343,16.669,61.305
"D02","BLAN",2014-12-10,2014,344,0,61.305
"D02","BLAN",2014-12-11,2014,345,0,61.305
"D02","BLAN",2014-12-12,2014,346,0,61.305
"D02","BLAN",2014-12-13,2014,347,0,61.305
"D02","BLAN",2014-12-14,2014,348,0,61.305
"D02","BLAN",2014-12-15,2014,349,0,61.305
"D02","BLAN",2014-12-16,2014,350,3.226,60.768
"D02","BLAN",2014-12-17,2014,351,0,54.312
"D02","BLAN",2014-12-18,2014,352,0,54.312
"D02","BLAN",2014-12-19,2014,353,0,54.312
"D02","BLAN",2014-12-20,2014,354,0,54.312
"D02","BLAN",2014-12-21,2014,355,0,54.312
"D02","BLAN",2014-12-22,2014,356,1.613,55.925
"D02","BLAN",2014-12-23,2014,357,2.69,58.615
"D02","BLAN",2014-12-24,2014,358,14.517,67.217
"D02","BLAN",2014-12-25,2014,359,1.076,68.293
"D02","BLAN",2014-12-26,2014,360,0,68.293
"D02","BLAN",2014-12-27,2014,361,0,68.293
"D02","BLAN",2014-12-28,2014,362,0,68.293
"D02","BLAN",2014-12-29,2014,363,0,68.293
"D02","BLAN",2014-12-30,2014,364,0,68.293
"D02","BLAN",2014-12-31,2014,365,0,66.68
"D02","BLAN",2015-01-01,2015,1,0,NA
"D02","BLAN",2015-01-02,2015,2,0,NA
"D02","BLAN",2015-01-03,2015,3,3.764,NA
"D02","BLAN",2015-01-04,2015,4,19.354,NA
"D02","BLAN",2015-01-05,2015,5,0,NA
"D02","BLAN",2015-01-06,2015,6,0,NA
"D02","BLAN",2015-01-07,2015,7,0,NA
"D02","BLAN",2015-01-08,2015,8,0,NA
"D02","BLAN",2015-01-09,2015,9,0,NA
"D02","BLAN",2015-01-10,2015,10,0,NA
"D02","BLAN",2015-01-11,2015,11,0,NA
"D02","BLAN",2015-01-12,2015,12,4.842,NA
"D02","BLAN",2015-01-13,2015,13,1.076,NA
"D02","BLAN",2015-01-14,2015,14,0,NA
"D02","BLAN",2015-01-15,2015,15,0,NA
"D02","BLAN",2015-01-16,2015,16,0,NA
"D02","BLAN",2015-01-17,2015,17,0,NA
"D02","BLAN",2015-01-18,2015,18,0,NA
"D02","BLAN",2015-01-19,2015,19,0,NA
"D02","BLAN",2015-01-20,2015,20,0,NA
"D02","BLAN",2015-01-21,2015,21,1.076,NA
"D02","BLAN",2015-01-22,2015,22,0,NA
"D02","BLAN",2015-01-23,2015,23,0,NA
"D02","BLAN",2015-01-24,2015,24,25.269,NA
"D02","BLAN",2015-01-25,2015,25,0,NA
"D02","BLAN",2015-01-26,2015,26,1.614,NA
"D02","BLAN",2015-01-27,2015,27,0,NA
"D02","BLAN",2015-01-28,2015,28,0,NA
"D02","BLAN",2015-01-29,2015,29,0,NA
"D02","BLAN",2015-01-30,2015,30,1.076,58.071
"D02","BLAN",2015-01-31,2015,31,0,58.071
"D02","BLAN",2015-02-01,2015,32,0,58.071
"D02","BLAN",2015-02-02,2015,33,2.69,56.997
"D02","BLAN",2015-02-03,2015,34,0,37.643
"D02","BLAN",2015-02-04,2015,35,0,37.643
"D02","BLAN",2015-02-05,2015,36,0,37.643
"D02","BLAN",2015-02-06,2015,37,0,37.643
"D02","BLAN",2015-02-07,2015,38,0,37.643
"D02","BLAN",2015-02-08,2015,39,0,37.643
"D02","BLAN",2015-02-09,2015,40,2.689,40.332
"D02","BLAN",2015-02-10,2015,41,0.538,40.87
"D02","BLAN",2015-02-11,2015,42,0,36.028
"D02","BLAN",2015-02-12,2015,43,0,34.952
"D02","BLAN",2015-02-13,2015,44,0,34.952
"D02","BLAN",2015-02-14,2015,45,0,34.952
"D02","BLAN",2015-02-15,2015,46,0,34.952
"D02","BLAN",2015-02-16,2015,47,0,34.952
"D02","BLAN",2015-02-17,2015,48,0,34.952
"D02","BLAN",2015-02-18,2015,49,0,34.952
"D02","BLAN",2015-02-19,2015,50,0,34.952
"D02","BLAN",2015-02-20,2015,51,0,33.876
"D02","BLAN",2015-02-21,2015,52,0,33.876
"D02","BLAN",2015-02-22,2015,53,13.981,47.857
"D02","BLAN",2015-02-23,2015,54,0,22.588
"D02","BLAN",2015-02-24,2015,55,0,22.588
"D02","BLAN",2015-02-25,2015,56,0,20.974
"D02","BLAN",2015-02-26,2015,57,1.076,22.05
"D02","BLAN",2015-02-27,2015,58,0,22.05
"D02","BLAN",2015-02-28,2015,59,0,22.05
"D02","BLAN",2015-03-01,2015,60,1.613,22.587
"D02","BLAN",2015-03-02,2015,61,1.075,23.662
"D02","BLAN",2015-03-03,2015,62,0,23.662
"D02","BLAN",2015-03-04,2015,63,7.528,28.5
"D02","BLAN",2015-03-05,2015,64,13.98,42.48
"D02","BLAN",2015-03-06,2015,65,0,42.48
"D02","BLAN",2015-03-07,2015,66,7.528,50.008
"D02","BLAN",2015-03-08,2015,67,0,50.008
"D02","BLAN",2015-03-09,2015,68,0,50.008
"D02","BLAN",2015-03-10,2015,69,5.379,55.387
"D02","BLAN",2015-03-11,2015,70,0.538,53.236
"D02","BLAN",2015-03-12,2015,71,0,52.698
"D02","BLAN",2015-03-13,2015,72,0,52.698
"D02","BLAN",2015-03-14,2015,73,8.605,61.303
"D02","BLAN",2015-03-15,2015,74,0,61.303
"D02","BLAN",2015-03-16,2015,75,0,61.303
"D02","BLAN",2015-03-17,2015,76,0,61.303
"D02","BLAN",2015-03-18,2015,77,0,61.303
"D02","BLAN",2015-03-19,2015,78,0,61.303
"D02","BLAN",2015-03-20,2015,79,12.367,73.67
"D02","BLAN",2015-03-21,2015,80,0,73.67
"D02","BLAN",2015-03-22,2015,81,0,73.67
"D02","BLAN",2015-03-23,2015,82,0,73.67
"D02","BLAN",2015-03-24,2015,83,0,59.689
"D02","BLAN",2015-03-25,2015,84,0.538,60.227
"D02","BLAN",2015-03-26,2015,85,6.451,66.678
"D02","BLAN",2015-03-27,2015,86,3.765,70.443
"D02","BLAN",2015-03-28,2015,87,0,69.367
"D02","BLAN",2015-03-29,2015,88,0,69.367
"D02","BLAN",2015-03-30,2015,89,0,69.367
"D02","BLAN",2015-03-31,2015,90,0,67.754
"D02","BLAN",2015-04-01,2015,91,0,66.679
"D02","BLAN",2015-04-02,2015,92,0,66.679
"D02","BLAN",2015-04-03,2015,93,8.602,67.753
"D02","BLAN",2015-04-04,2015,94,0,53.773
"D02","BLAN",2015-04-05,2015,95,0,53.773
"D02","BLAN",2015-04-06,2015,96,0,46.245
"D02","BLAN",2015-04-07,2015,97,6.99,53.235
"D02","BLAN",2015-04-08,2015,98,17.202,70.437
"D02","BLAN",2015-04-09,2015,99,2.151,67.209
"D02","BLAN",2015-04-10,2015,100,1.613,68.284
"D02","BLAN",2015-04-11,2015,101,0,68.284
"D02","BLAN",2015-04-12,2015,102,0,68.284
"D02","BLAN",2015-04-13,2015,103,0,59.679
"D02","BLAN",2015-04-14,2015,104,16.13,75.809
"D02","BLAN",2015-04-15,2015,105,0.538,76.347
"D02","BLAN",2015-04-16,2015,106,0,76.347
"D02","BLAN",2015-04-17,2015,107,1.076,77.423
"D02","BLAN",2015-04-18,2015,108,0,77.423
"D02","BLAN",2015-04-19,2015,109,0.538,65.594
"D02","BLAN",2015-04-20,2015,110,24.729,90.323
"D02","BLAN",2015-04-21,2015,111,2.688,93.011
"D02","BLAN",2015-04-22,2015,112,0.538,93.549
"D02","BLAN",2015-04-23,2015,113,0.538,94.087
"D02","BLAN",2015-04-24,2015,114,0,93.549
"D02","BLAN",2015-04-25,2015,115,3.763,90.861
"D02","BLAN",2015-04-26,2015,116,5.376,92.472
"D02","BLAN",2015-04-27,2015,117,0,92.472
"D02","BLAN",2015-04-28,2015,118,0,92.472
"D02","BLAN",2015-04-29,2015,119,0,92.472
"D02","BLAN",2015-04-30,2015,120,13.977,106.449
"D02","BLAN",2015-05-01,2015,121,2.688,109.137
"D02","BLAN",2015-05-02,2015,122,1.076,110.213
"D02","BLAN",2015-05-03,2015,123,0,101.611
"D02","BLAN",2015-05-04,2015,124,0,101.611
"D02","BLAN",2015-05-05,2015,125,0,101.611
"D02","BLAN",2015-05-06,2015,126,0,101.611
"D02","BLAN",2015-05-07,2015,127,4.838,99.459
"D02","BLAN",2015-05-08,2015,128,0,82.257
"D02","BLAN",2015-05-09,2015,129,0,80.106
"D02","BLAN",2015-05-10,2015,130,0,78.493
"D02","BLAN",2015-05-11,2015,131,0,78.493
"D02","BLAN",2015-05-12,2015,132,1.613,80.106
"D02","BLAN",2015-05-13,2015,133,0,80.106
"D02","BLAN",2015-05-14,2015,134,0,63.976
"D02","BLAN",2015-05-15,2015,135,1.075,64.513
"D02","BLAN",2015-05-16,2015,136,0,64.513
"D02","BLAN",2015-05-17,2015,137,0,63.437
"D02","BLAN",2015-05-18,2015,138,0,63.437
"D02","BLAN",2015-05-19,2015,139,0,62.899
"D02","BLAN",2015-05-20,2015,140,0,38.17
"D02","BLAN",2015-05-21,2015,141,0,35.482
"D02","BLAN",2015-05-22,2015,142,0,34.944
"D02","BLAN",2015-05-23,2015,143,0,34.406
"D02","BLAN",2015-05-24,2015,144,0,34.406
"D02","BLAN",2015-05-25,2015,145,0,30.643
"D02","BLAN",2015-05-26,2015,146,0,25.267
"D02","BLAN",2015-05-27,2015,147,4.3,29.567
"D02","BLAN",2015-05-28,2015,148,0,29.567
"D02","BLAN",2015-05-29,2015,149,0,29.567
"D02","BLAN",2015-05-30,2015,150,0,15.59
"D02","BLAN",2015-05-31,2015,151,13.44,26.342
"D02","BLAN",2015-06-01,2015,152,19.889,45.155
"D02","BLAN",2015-06-02,2015,153,5.913,51.068
"D02","BLAN",2015-06-03,2015,154,0.538,51.606
"D02","BLAN",2015-06-04,2015,155,7.528,59.134
"D02","BLAN",2015-06-05,2015,156,2.69,61.824
"D02","BLAN",2015-06-06,2015,157,0,56.986
"D02","BLAN",2015-06-07,2015,158,0,56.986
"D02","BLAN",2015-06-08,2015,159,9.138,66.124
"D02","BLAN",2015-06-09,2015,160,0,66.124
"D02","BLAN",2015-06-10,2015,161,0,66.124
"D02","BLAN",2015-06-11,2015,162,0,64.511
"D02","BLAN",2015-06-12,2015,163,0,64.511
"D02","BLAN",2015-06-13,2015,164,0,64.511
"D02","BLAN",2015-06-14,2015,165,13.439,76.875
"D02","BLAN",2015-06-15,2015,166,0.538,77.413
"D02","BLAN",2015-06-16,2015,167,0,77.413
"D02","BLAN",2015-06-17,2015,168,4.301,81.714
"D02","BLAN",2015-06-18,2015,169,5.377,87.091
"D02","BLAN",2015-06-19,2015,170,5.376,92.467
"D02","BLAN",2015-06-20,2015,171,1.613,94.08
"D02","BLAN",2015-06-21,2015,172,0,94.08
"D02","BLAN",2015-06-22,2015,173,0,94.08
"D02","BLAN",2015-06-23,2015,174,0,94.08
"D02","BLAN",2015-06-24,2015,175,0,94.08
"D02","BLAN",2015-06-25,2015,176,2.688,96.768
"D02","BLAN",2015-06-26,2015,177,0,92.468
"D02","BLAN",2015-06-27,2015,178,0,92.468
"D02","BLAN",2015-06-28,2015,179,0,92.468
"D02","BLAN",2015-06-29,2015,180,0,92.468
"D02","BLAN",2015-06-30,2015,181,0,79.028
"D02","BLAN",2015-07-01,2015,182,0,59.139
"D02","BLAN",2015-07-02,2015,183,0,53.226
"D02","BLAN",2015-07-03,2015,184,0,52.688
"D02","BLAN",2015-07-04,2015,185,0,45.16
"D02","BLAN",2015-07-05,2015,186,0,42.47
"D02","BLAN",2015-07-06,2015,187,0,42.47
"D02","BLAN",2015-07-07,2015,188,0,42.47
"D02","BLAN",2015-07-08,2015,189,0,33.332
"D02","BLAN",2015-07-09,2015,190,0,33.332
"D02","BLAN",2015-07-10,2015,191,0,33.332
"D02","BLAN",2015-07-11,2015,192,0,33.332
"D02","BLAN",2015-07-12,2015,193,0,33.332
"D02","BLAN",2015-07-13,2015,194,0,33.332
"D02","BLAN",2015-07-14,2015,195,0,19.893
"D02","BLAN",2015-07-15,2015,196,0,19.355
"D02","BLAN",2015-07-16,2015,197,0,19.355
"D02","BLAN",2015-07-17,2015,198,0,15.054
"D02","BLAN",2015-07-18,2015,199,0,9.677
"D02","BLAN",2015-07-19,2015,200,0,4.301
"D02","BLAN",2015-07-20,2015,201,0,2.688
"D02","BLAN",2015-07-21,2015,202,0,2.688
"D02","BLAN",2015-07-22,2015,203,1.613,4.301
"D02","BLAN",2015-07-23,2015,204,0,4.301
"D02","BLAN",2015-07-24,2015,205,0,4.301
"D02","BLAN",2015-07-25,2015,206,0,1.613
"D02","BLAN",2015-07-26,2015,207,0,1.613
"D02","BLAN",2015-07-27,2015,208,0,1.613
"D02","BLAN",2015-07-28,2015,209,0,1.613
"D02","BLAN",2015-07-29,2015,210,0,1.613
"D02","BLAN",2015-07-30,2015,211,0,1.613
"D02","BLAN",2015-07-31,2015,212,0,1.613
"D02","BLAN",2015-08-01,2015,213,0,1.613
"D02","BLAN",2015-08-02,2015,214,0,1.613
"D02","BLAN",2015-08-03,2015,215,0,1.613
"D02","BLAN",2015-08-04,2015,216,0,1.613
"D02","BLAN",2015-08-05,2015,217,0,1.613
"D02","BLAN",2015-08-06,2015,218,11.289,12.902
"D02","BLAN",2015-08-07,2015,219,1.076,13.978
"D02","BLAN",2015-08-08,2015,220,0,13.978
"D02","BLAN",2015-08-09,2015,221,8.601,22.579
"D02","BLAN",2015-08-10,2015,222,31.178,53.757
"D02","BLAN",2015-08-11,2015,223,4.839,58.596
"D02","BLAN",2015-08-12,2015,224,0,58.596
"D02","BLAN",2015-08-13,2015,225,0,58.596
"D02","BLAN",2015-08-14,2015,226,0,58.596
"D02","BLAN",2015-08-15,2015,227,0,58.596
"D02","BLAN",2015-08-16,2015,228,0,58.596
"D02","BLAN",2015-08-17,2015,229,0,58.596
"D02","BLAN",2015-08-18,2015,230,3.225,61.821
"D02","BLAN",2015-08-19,2015,231,0.538,62.359
"D02","BLAN",2015-08-20,2015,232,17.739,80.098
"D02","BLAN",2015-08-21,2015,233,0,78.485
"D02","BLAN",2015-08-22,2015,234,0,78.485
"D02","BLAN",2015-08-23,2015,235,0,78.485
"D02","BLAN",2015-08-24,2015,236,0,78.485
"D02","BLAN",2015-08-25,2015,237,0,78.485
"D02","BLAN",2015-08-26,2015,238,0,78.485
"D02","BLAN",2015-08-27,2015,239,0,78.485
"D02","BLAN",2015-08-28,2015,240,0,78.485
"D02","BLAN",2015-08-29,2015,241,0,78.485
"D02","BLAN",2015-08-30,2015,242,0,78.485
"D02","BLAN",2015-08-31,2015,243,0,78.485
"D02","BLAN",2015-09-01,2015,244,0,78.485
"D02","BLAN",2015-09-02,2015,245,18.277,96.762
"D02","BLAN",2015-09-03,2015,246,0.538,97.3
"D02","BLAN",2015-09-04,2015,247,0.538,97.838
"D02","BLAN",2015-09-05,2015,248,0,86.549
"D02","BLAN",2015-09-06,2015,249,0,85.473
"D02","BLAN",2015-09-07,2015,250,0,85.473
"D02","BLAN",2015-09-08,2015,251,0,76.872
"D02","BLAN",2015-09-09,2015,252,7.526,53.22
"D02","BLAN",2015-09-10,2015,253,1.614,49.995
"D02","BLAN",2015-09-11,2015,254,0,49.995
"D02","BLAN",2015-09-12,2015,255,31.715,81.71
"D02","BLAN",2015-09-13,2015,256,0,81.71
"D02","BLAN",2015-09-14,2015,257,0,81.71
"D02","BLAN",2015-09-15,2015,258,0,81.71
"D02","BLAN",2015-09-16,2015,259,0,81.71
"D02","BLAN",2015-09-17,2015,260,0,78.485
"D02","BLAN",2015-09-18,2015,261,0,77.947
"D02","BLAN",2015-09-19,2015,262,0,60.208
"D02","BLAN",2015-09-20,2015,263,0,60.208
"D02","BLAN",2015-09-21,2015,264,9.141,69.349
"D02","BLAN",2015-09-22,2015,265,1.075,70.424
"D02","BLAN",2015-09-23,2015,266,0,70.424
"D02","BLAN",2015-09-24,2015,267,0,70.424
"D02","BLAN",2015-09-25,2015,268,0,70.424
"D02","BLAN",2015-09-26,2015,269,0,70.424
"D02","BLAN",2015-09-27,2015,270,1.076,71.5
"D02","BLAN",2015-09-28,2015,271,0,71.5
"D02","BLAN",2015-09-29,2015,272,54.831,126.331
"D02","BLAN",2015-09-30,2015,273,2.152,128.483
"D02","BLAN",2015-10-01,2015,274,3.228,131.711
"D02","BLAN",2015-10-02,2015,275,16.672,130.106
"D02","BLAN",2015-10-03,2015,276,25.274,154.842
"D02","BLAN",2015-10-04,2015,277,4.303,158.607
"D02","BLAN",2015-10-05,2015,278,0,158.607
"D02","BLAN",2015-10-06,2015,279,0,158.607
"D02","BLAN",2015-10-07,2015,280,0,158.607
"D02","BLAN",2015-10-08,2015,281,0,158.607
"D02","BLAN",2015-10-09,2015,282,0.538,151.619
"D02","BLAN",2015-10-10,2015,283,0,150.005
"D02","BLAN",2015-10-11,2015,284,0,150.005
"D02","BLAN",2015-10-12,2015,285,0,118.29
"D02","BLAN",2015-10-13,2015,286,0,118.29
"D02","BLAN",2015-10-14,2015,287,0.538,118.828
"D02","BLAN",2015-10-15,2015,288,0,118.828
"D02","BLAN",2015-10-16,2015,289,0,118.828
"D02","BLAN",2015-10-17,2015,290,0,118.828
"D02","BLAN",2015-10-18,2015,291,0,118.828
"D02","BLAN",2015-10-19,2015,292,0,118.828
"D02","BLAN",2015-10-20,2015,293,0,118.828
"D02","BLAN",2015-10-21,2015,294,0,109.687
"D02","BLAN",2015-10-22,2015,295,0,108.612
"D02","BLAN",2015-10-23,2015,296,0,108.612
"D02","BLAN",2015-10-24,2015,297,0,108.612
"D02","BLAN",2015-10-25,2015,298,1.076,109.688
"D02","BLAN",2015-10-26,2015,299,0,109.688
"D02","BLAN",2015-10-27,2015,300,0,108.612
"D02","BLAN",2015-10-28,2015,301,29.035,137.647
"D02","BLAN",2015-10-29,2015,302,4.838,87.654
"D02","BLAN",2015-10-30,2015,303,1.075,86.577
"D02","BLAN",2015-10-31,2015,304,0,83.349
"D02","BLAN",2015-11-01,2015,305,0,66.677
"D02","BLAN",2015-11-02,2015,306,0,41.403
"D02","BLAN",2015-11-03,2015,307,0,37.1
"D02","BLAN",2015-11-04,2015,308,0,37.1
"D02","BLAN",2015-11-05,2015,309,0,37.1
"D02","BLAN",2015-11-06,2015,310,0,37.1
"D02","BLAN",2015-11-07,2015,311,0.538,37.638
"D02","BLAN",2015-11-08,2015,312,0,37.1
"D02","BLAN",2015-11-09,2015,313,10.215,47.315
"D02","BLAN",2015-11-10,2015,314,22.583,69.898
"D02","BLAN",2015-11-11,2015,315,0,69.898
"D02","BLAN",2015-11-12,2015,316,4.839,74.737
"D02","BLAN",2015-11-13,2015,317,0,74.199
"D02","BLAN",2015-11-14,2015,318,0,74.199
"D02","BLAN",2015-11-15,2015,319,0,74.199
"D02","BLAN",2015-11-16,2015,320,0,74.199
"D02","BLAN",2015-11-17,2015,321,0,74.199
"D02","BLAN",2015-11-18,2015,322,0,74.199
"D02","BLAN",2015-11-19,2015,323,0,74.199
"D02","BLAN",2015-11-20,2015,324,0,74.199
"D02","BLAN",2015-11-21,2015,325,0,74.199
"D02","BLAN",2015-11-22,2015,326,0,74.199
"D02","BLAN",2015-11-23,2015,327,0,74.199
"D02","BLAN",2015-11-24,2015,328,0.5,73.623
"D02","BLAN",2015-11-25,2015,329,0,73.623
"D02","BLAN",2015-11-26,2015,330,0,73.623
"D02","BLAN",2015-11-27,2015,331,0,44.588
"D02","BLAN",2015-11-28,2015,332,0,39.75
"D02","BLAN",2015-11-29,2015,333,0,38.675
"D02","BLAN",2015-11-30,2015,334,0,38.675
"D02","BLAN",2015-12-01,2015,335,0,38.675
"D02","BLAN",2015-12-02,2015,336,0,38.675
"D02","BLAN",2015-12-03,2015,337,0,38.675
"D02","BLAN",2015-12-04,2015,338,0,38.675
"D02","BLAN",2015-12-05,2015,339,0,38.675
"D02","BLAN",2015-12-06,2015,340,0,38.675
"D02","BLAN",2015-12-07,2015,341,0,38.137
"D02","BLAN",2015-12-08,2015,342,0,38.137
"D02","BLAN",2015-12-09,2015,343,0,27.922
"D02","BLAN",2015-12-10,2015,344,0,5.339
"D02","BLAN",2015-12-11,2015,345,0,5.339
"D02","BLAN",2015-12-12,2015,346,0,0.5
"D02","BLAN",2015-12-13,2015,347,0,0.5
"D02","BLAN",2015-12-14,2015,348,0,0.5
"D02","BLAN",2015-12-15,2015,349,0,0.5
"D02","BLAN",2015-12-16,2015,350,0,0.5
"D02","BLAN",2015-12-17,2015,351,0,0.5
"D02","BLAN",2015-12-18,2015,352,0,0.5
"D02","BLAN",2015-12-19,2015,353,0,0.5
"D02","BLAN",2015-12-20,2015,354,0,0.5
"D02","BLAN",2015-12-21,2015,355,0,0.5
"D02","BLAN",2015-12-22,2015,356,0,0.5
"D02","BLAN",2015-12-23,2015,357,0,0.5
"D02","BLAN",2015-12-24,2015,358,0,0
"D02","BLAN",2015-12-25,2015,359,0,0
"D02","BLAN",2015-12-26,2015,360,0,0
"D02","BLAN",2015-12-27,2015,361,0,0
"D02","BLAN",2015-12-28,2015,362,0,0
"D02","BLAN",2015-12-29,2015,363,0,0
"D02","BLAN",2015-12-30,2015,364,0,0
"D02","BLAN",2015-12-31,2015,365,0,0
"D02","BLAN",2016-01-01,2016,1,0,NA
"D02","BLAN",2016-01-02,2016,2,0,NA
"D02","BLAN",2016-01-03,2016,3,0,NA
"D02","BLAN",2016-01-04,2016,4,0,NA
"D02","BLAN",2016-01-05,2016,5,0,NA
"D02","BLAN",2016-01-06,2016,6,0,NA
"D02","BLAN",2016-01-07,2016,7,0,NA
"D02","BLAN",2016-01-08,2016,8,0,NA
"D02","BLAN",2016-01-09,2016,9,0,NA
"D02","BLAN",2016-01-10,2016,10,0,NA
"D02","BLAN",2016-01-11,2016,11,0,NA
"D02","BLAN",2016-01-12,2016,12,0,NA
"D02","BLAN",2016-01-13,2016,13,0,NA
"D02","BLAN",2016-01-14,2016,14,0,NA
"D02","BLAN",2016-01-15,2016,15,0,NA
"D02","BLAN",2016-01-16,2016,16,0,NA
"D02","BLAN",2016-01-17,2016,17,0,NA
"D02","BLAN",2016-01-18,2016,18,0,NA
"D02","BLAN",2016-01-19,2016,19,0,NA
"D02","BLAN",2016-01-20,2016,20,0,NA
"D02","BLAN",2016-01-21,2016,21,0,NA
"D02","BLAN",2016-01-22,2016,22,0,NA
"D02","BLAN",2016-01-23,2016,23,0,NA
"D02","BLAN",2016-01-24,2016,24,0,NA
"D02","BLAN",2016-01-25,2016,25,0,NA
"D02","BLAN",2016-01-26,2016,26,0,NA
"D02","BLAN",2016-01-27,2016,27,0,NA
"D02","BLAN",2016-01-28,2016,28,0,NA
"D02","BLAN",2016-01-29,2016,29,0,NA
"D02","BLAN",2016-01-30,2016,30,0,0
"D02","BLAN",2016-01-31,2016,31,0,0
"D02","BLAN",2016-02-01,2016,32,0,0
"D02","BLAN",2016-02-02,2016,33,0,0
"D02","BLAN",2016-02-03,2016,34,0,0
"D02","BLAN",2016-02-04,2016,35,0,0
"D02","BLAN",2016-02-05,2016,36,0,0
"D02","BLAN",2016-02-06,2016,37,0,0
"D02","BLAN",2016-02-07,2016,38,0,0
"D02","BLAN",2016-02-08,2016,39,0,0
"D02","BLAN",2016-02-09,2016,40,0,0
"D02","BLAN",2016-02-10,2016,41,0,0
"D02","BLAN",2016-02-11,2016,42,0,0
"D02","BLAN",2016-02-12,2016,43,0,0
"D02","BLAN",2016-02-13,2016,44,0,0
"D02","BLAN",2016-02-14,2016,45,0,0
"D02","BLAN",2016-02-15,2016,46,0,0
"D02","BLAN",2016-02-16,2016,47,0,0
"D02","BLAN",2016-02-17,2016,48,0,0
"D02","BLAN",2016-02-18,2016,49,0,0
"D02","BLAN",2016-02-19,2016,50,0,0
"D02","BLAN",2016-02-20,2016,51,0,0
"D02","BLAN",2016-02-21,2016,52,0,0
"D02","BLAN",2016-02-22,2016,53,0,0
"D02","BLAN",2016-02-23,2016,54,0,0
"D02","BLAN",2016-02-24,2016,55,0,0
"D02","BLAN",2016-02-25,2016,56,0,0
"D02","BLAN",2016-02-26,2016,57,0,0
"D02","BLAN",2016-02-27,2016,58,0,0
"D02","BLAN",2016-02-28,2016,59,0,0
"D02","BLAN",2016-02-29,2016,60,0,0
"D02","BLAN",2016-03-01,2016,61,0,0
"D02","BLAN",2016-03-02,2016,62,0,0
"D02","BLAN",2016-03-03,2016,63,0,0
"D02","BLAN",2016-03-04,2016,64,0,0
"D02","BLAN",2016-03-05,2016,65,0,0
"D02","BLAN",2016-03-06,2016,66,0,0
"D02","BLAN",2016-03-07,2016,67,0,0
"D02","BLAN",2016-03-08,2016,68,0,0
"D02","BLAN",2016-03-09,2016,69,0,0
"D02","BLAN",2016-03-10,2016,70,0,0
"D02","BLAN",2016-03-11,2016,71,5.998,5.998
"D02","BLAN",2016-03-12,2016,72,0,5.998
"D02","BLAN",2016-03-13,2016,73,0,5.998
"D02","BLAN",2016-03-14,2016,74,0,5.998
"D02","BLAN",2016-03-15,2016,75,0,5.998
"D02","BLAN",2016-03-16,2016,76,0,5.998
"D02","BLAN",2016-03-17,2016,77,0,5.998
"D02","BLAN",2016-03-18,2016,78,0,5.998
"D02","BLAN",2016-03-19,2016,79,0,5.998
"D02","BLAN",2016-03-20,2016,80,0,5.998
"D02","BLAN",2016-03-21,2016,81,0,5.998
"D02","BLAN",2016-03-22,2016,82,0,5.998
"D02","BLAN",2016-03-23,2016,83,0,5.998
"D02","BLAN",2016-03-24,2016,84,0,5.998
"D02","BLAN",2016-03-25,2016,85,0,5.998
"D02","BLAN",2016-03-26,2016,86,0,5.998
"D02","BLAN",2016-03-27,2016,87,0,5.998
"D02","BLAN",2016-03-28,2016,88,0,5.998
"D02","BLAN",2016-03-29,2016,89,0,5.998
"D02","BLAN",2016-03-30,2016,90,0,5.998
"D02","BLAN",2016-03-31,2016,91,0,5.998
"D02","BLAN",2016-04-01,2016,92,0,5.998
"D02","BLAN",2016-04-02,2016,93,0,5.998
"D02","BLAN",2016-04-03,2016,94,0,5.998
"D02","BLAN",2016-04-04,2016,95,0,5.998
"D02","BLAN",2016-04-05,2016,96,0,5.998
"D02","BLAN",2016-04-06,2016,97,0,5.998
"D02","BLAN",2016-04-07,2016,98,0,5.998
"D02","BLAN",2016-04-08,2016,99,0,5.998
"D02","BLAN",2016-04-09,2016,100,0,5.998
"D02","BLAN",2016-04-10,2016,101,0,0
"D02","BLAN",2016-04-11,2016,102,0,0
"D02","BLAN",2016-04-12,2016,103,0,0
"D02","BLAN",2016-04-13,2016,104,0,0
"D02","BLAN",2016-04-14,2016,105,0,0
"D02","BLAN",2016-04-15,2016,106,0,0
"D02","BLAN",2016-04-16,2016,107,0,0
"D02","BLAN",2016-04-17,2016,108,0,0
"D02","BLAN",2016-04-18,2016,109,0,0
"D02","BLAN",2016-04-19,2016,110,0,0
"D02","BLAN",2016-04-20,2016,111,0,0
"D02","BLAN",2016-04-21,2016,112,0,0
"D02","BLAN",2016-04-22,2016,113,0,0
"D02","BLAN",2016-04-23,2016,114,0,0
"D02","BLAN",2016-04-24,2016,115,0,0
"D02","BLAN",2016-04-25,2016,116,0,0
"D02","BLAN",2016-04-26,2016,117,0,0
"D02","BLAN",2016-04-27,2016,118,0,0
"D02","BLAN",2016-04-28,2016,119,0,0
"D02","BLAN",2016-04-29,2016,120,0,0
"D02","BLAN",2016-04-30,2016,121,0,0
"D02","BLAN",2016-05-01,2016,122,0,0
"D02","BLAN",2016-05-02,2016,123,0,0
"D02","BLAN",2016-05-03,2016,124,0,0
"D02","BLAN",2016-05-04,2016,125,0,0
"D02","BLAN",2016-05-05,2016,126,0,0
"D02","BLAN",2016-05-06,2016,127,0,0
"D02","BLAN",2016-05-07,2016,128,0,0
"D02","BLAN",2016-05-08,2016,129,0,0
"D02","BLAN",2016-05-09,2016,130,0,0
"D02","BLAN",2016-05-10,2016,131,0,0
"D02","BLAN",2016-05-11,2016,132,0,0
"D02","BLAN",2016-05-12,2016,133,0,0
"D02","BLAN",2016-05-13,2016,134,0,0
"D02","BLAN",2016-05-14,2016,135,0,0
"D02","BLAN",2016-05-15,2016,136,0,0
"D02","BLAN",2016-05-16,2016,137,0,0
"D02","BLAN",2016-05-17,2016,138,0,0
"D02","BLAN",2016-05-18,2016,139,0,0
"D02","BLAN",2016-05-19,2016,140,0,0
"D02","BLAN",2016-05-20,2016,141,0,0
"D02","BLAN",2016-05-21,2016,142,0,0
"D02","BLAN",2016-05-22,2016,143,0,0
"D02","BLAN",2016-05-23,2016,144,0,0
"D02","BLAN",2016-05-24,2016,145,0,0
"D02","BLAN",2016-05-25,2016,146,0,0
"D02","BLAN",2016-05-26,2016,147,0,0
"D02","BLAN",2016-05-27,2016,148,0,0
"D02","BLAN",2016-05-28,2016,149,0,0
"D02","BLAN",2016-05-29,2016,150,0,0
"D02","BLAN",2016-05-30,2016,151,0,0
"D02","BLAN",2016-05-31,2016,152,0,0
"D02","BLAN",2016-06-01,2016,153,0,0
"D02","BLAN",2016-06-02,2016,154,0,0
"D02","BLAN",2016-06-03,2016,155,0,0
"D02","BLAN",2016-06-04,2016,156,0,0
"D02","BLAN",2016-06-05,2016,157,0,0
"D02","BLAN",2016-06-06,2016,158,0,0
"D02","BLAN",2016-06-07,2016,159,0,0
"D02","BLAN",2016-06-08,2016,160,0,0
"D02","BLAN",2016-06-09,2016,161,0,0
"D02","BLAN",2016-06-10,2016,162,0,0
"D02","BLAN",2016-06-11,2016,163,0,0
"D02","BLAN",2016-06-12,2016,164,0,0
"D02","BLAN",2016-06-13,2016,165,0,0
"D02","BLAN",2016-06-14,2016,166,0,0
"D02","BLAN",2016-06-15,2016,167,0,0
"D02","BLAN",2016-06-16,2016,168,0,0
"D02","BLAN",2016-06-17,2016,169,0,0
"D02","BLAN",2016-06-18,2016,170,0,0
"D02","BLAN",2016-06-19,2016,171,0,0
"D02","BLAN",2016-06-20,2016,172,0,0
"D02","BLAN",2016-06-21,2016,173,0,0
"D02","BLAN",2016-06-22,2016,174,0,0
"D02","BLAN",2016-06-23,2016,175,0,0
"D02","BLAN",2016-06-24,2016,176,0,0
"D02","BLAN",2016-06-25,2016,177,0,0
"D02","BLAN",2016-06-26,2016,178,0,0
"D02","BLAN",2016-06-27,2016,179,0,0
"D02","BLAN",2016-06-28,2016,180,0,0
"D02","BLAN",2016-06-29,2016,181,0,0
"D02","BLAN",2016-06-30,2016,182,0,0
"D02","BLAN",2016-07-01,2016,183,0,0
"D02","BLAN",2016-07-02,2016,184,0,0
"D02","BLAN",2016-07-03,2016,185,0,0
"D02","BLAN",2016-07-04,2016,186,0,0
"D02","BLAN",2016-07-05,2016,187,0,0
"D02","BLAN",2016-07-06,2016,188,0,0
"D02","BLAN",2016-07-07,2016,189,0,0
"D02","BLAN",2016-07-08,2016,190,0,0
"D02","BLAN",2016-07-09,2016,191,0,0
"D02","BLAN",2016-07-10,2016,192,0,0
"D02","BLAN",2016-07-11,2016,193,0,0
"D02","BLAN",2016-07-12,2016,194,0,0
"D02","BLAN",2016-07-13,2016,195,0,0
"D02","BLAN",2016-07-14,2016,196,0,0
"D02","BLAN",2016-07-15,2016,197,0,0
"D02","BLAN",2016-07-16,2016,198,0,0
"D02","BLAN",2016-07-17,2016,199,0,0
"D02","BLAN",2016-07-18,2016,200,0,0
"D02","BLAN",2016-07-19,2016,201,0,0
"D02","BLAN",2016-07-20,2016,202,0,0
"D02","BLAN",2016-07-21,2016,203,0,0
"D02","BLAN",2016-07-22,2016,204,0,0
"D02","BLAN",2016-07-23,2016,205,0,0
"D02","BLAN",2016-07-24,2016,206,0,0
"D02","BLAN",2016-07-25,2016,207,0,0
"D02","BLAN",2016-07-26,2016,208,0,0
"D02","BLAN",2016-07-27,2016,209,0,0
"D02","BLAN",2016-07-28,2016,210,0,0
"D02","BLAN",2016-07-29,2016,211,0,0
"D02","BLAN",2016-07-30,2016,212,0,0
"D02","BLAN",2016-07-31,2016,213,0,0
"D02","BLAN",2016-08-01,2016,214,0,0
"D02","BLAN",2016-08-02,2016,215,0,0
"D02","BLAN",2016-08-03,2016,216,0,0
"D02","BLAN",2016-08-04,2016,217,0,0
"D02","BLAN",2016-08-05,2016,218,0,0
"D02","BLAN",2016-08-06,2016,219,0,0
"D02","BLAN",2016-08-07,2016,220,0,0
"D02","BLAN",2016-08-08,2016,221,0,0
"D02","BLAN",2016-08-09,2016,222,0,0
"D02","BLAN",2016-08-10,2016,223,0,0
"D02","BLAN",2016-08-11,2016,224,0,0
"D02","BLAN",2016-08-12,2016,225,0,0
"D02","BLAN",2016-08-13,2016,226,0,0
"D02","BLAN",2016-08-14,2016,227,0,0
"D02","BLAN",2016-08-15,2016,228,0,0
"D02","BLAN",2016-08-16,2016,229,0,0
"D02","BLAN",2016-08-17,2016,230,0,0
"D02","BLAN",2016-08-18,2016,231,0,0
"D02","BLAN",2016-08-19,2016,232,0,0
"D02","BLAN",2016-08-20,2016,233,0,0
"D02","BLAN",2016-08-21,2016,234,0,0
"D02","BLAN",2016-08-22,2016,235,0,0
"D02","BLAN",2016-08-23,2016,236,0,0
"D02","BLAN",2016-08-24,2016,237,0,0
"D02","BLAN",2016-08-25,2016,238,0,0
"D02","BLAN",2016-08-26,2016,239,0,0
"D02","BLAN",2016-08-27,2016,240,0,0
"D02","BLAN",2016-08-28,2016,241,0,0
"D02","BLAN",2016-08-29,2016,242,0,0
"D02","BLAN",2016-08-30,2016,243,0,0
"D02","BLAN",2016-08-31,2016,244,0,0
"D02","BLAN",2016-09-01,2016,245,0,0
"D02","BLAN",2016-09-02,2016,246,0,0
"D02","BLAN",2016-09-03,2016,247,0,0
"D02","BLAN",2016-09-04,2016,248,0,0
"D02","BLAN",2016-09-05,2016,249,0,0
"D02","BLAN",2016-09-06,2016,250,0,0
"D02","BLAN",2016-09-07,2016,251,0,0
"D02","BLAN",2016-09-08,2016,252,0,0
"D02","BLAN",2016-09-09,2016,253,0,0
"D02","BLAN",2016-09-10,2016,254,0,0
"D02","BLAN",2016-09-11,2016,255,0,0
"D02","BLAN",2016-09-12,2016,256,0,0
"D02","BLAN",2016-09-13,2016,257,0,0
"D02","BLAN",2016-09-14,2016,258,0,0
"D02","BLAN",2016-09-15,2016,259,0,0
"D02","BLAN",2016-09-16,2016,260,0,0
"D02","BLAN",2016-09-17,2016,261,0,0
"D02","BLAN",2016-09-18,2016,262,0,0
"D02","BLAN",2016-09-19,2016,263,0,0
"D02","BLAN",2016-09-20,2016,264,0,0
"D02","BLAN",2016-09-21,2016,265,0,0
"D02","BLAN",2016-09-22,2016,266,0,0
"D02","BLAN",2016-09-23,2016,267,0,0
"D02","BLAN",2016-09-24,2016,268,0,0
"D02","BLAN",2016-09-25,2016,269,0,0
"D02","BLAN",2016-09-26,2016,270,0,0
"D02","BLAN",2016-09-27,2016,271,0,0
"D02","BLAN",2016-09-28,2016,272,0,0
"D02","BLAN",2016-09-29,2016,273,0,0
"D02","BLAN",2016-09-30,2016,274,0,0
"D02","BLAN",2016-10-01,2016,275,0,0
"D02","BLAN",2016-10-02,2016,276,0,0
"D02","BLAN",2016-10-03,2016,277,0,0
"D02","BLAN",2016-10-04,2016,278,0,0
"D02","BLAN",2016-10-05,2016,279,0,0
"D02","BLAN",2016-10-06,2016,280,0,0
"D02","BLAN",2016-10-07,2016,281,0,0
"D02","BLAN",2016-10-08,2016,282,0,0
"D02","BLAN",2016-10-09,2016,283,0,0
"D02","BLAN",2016-10-10,2016,284,0,0
"D02","BLAN",2016-10-11,2016,285,0,0
"D02","BLAN",2016-10-12,2016,286,0,0
"D02","BLAN",2016-10-13,2016,287,0,0
"D02","BLAN",2016-10-14,2016,288,0,0
"D02","BLAN",2016-10-15,2016,289,0,0
"D02","BLAN",2016-10-16,2016,290,0,0
"D02","BLAN",2016-10-17,2016,291,0,0
"D02","BLAN",2016-10-18,2016,292,0,0
"D02","BLAN",2016-10-19,2016,293,0,0
"D02","BLAN",2016-10-20,2016,294,0,0
"D02","BLAN",2016-10-21,2016,295,0,0
"D02","BLAN",2016-10-22,2016,296,0,0
"D02","BLAN",2016-10-23,2016,297,0,0
"D02","BLAN",2016-10-24,2016,298,0,0
"D02","BLAN",2016-10-25,2016,299,0,0
"D02","BLAN",2016-10-26,2016,300,0,0
"D02","BLAN",2016-10-27,2016,301,0,0
"D02","BLAN",2016-10-28,2016,302,0,0
"D02","BLAN",2016-10-29,2016,303,0,0
"D02","BLAN",2016-10-30,2016,304,0,0
"D02","BLAN",2016-10-31,2016,305,0,0
"D02","BLAN",2016-11-01,2016,306,0,0
"D02","BLAN",2016-11-02,2016,307,0,0
"D02","BLAN",2016-11-03,2016,308,0,0
"D02","BLAN",2016-11-04,2016,309,0,0
"D02","BLAN",2016-11-05,2016,310,0,0
"D02","BLAN",2016-11-06,2016,311,0,0
"D02","BLAN",2016-11-07,2016,312,0,0
"D02","BLAN",2016-11-08,2016,313,0,0
"D02","BLAN",2016-11-09,2016,314,0,0
"D02","BLAN",2016-11-10,2016,315,0,0
"D02","BLAN",2016-11-11,2016,316,0,0
"D02","BLAN",2016-11-12,2016,317,0,0
"D02","BLAN",2016-11-13,2016,318,0,0
"D02","BLAN",2016-11-14,2016,319,0,0
"D02","BLAN",2016-11-15,2016,320,0,0
"D02","BLAN",2016-11-16,2016,321,0,0
"D02","BLAN",2016-11-17,2016,322,0,0
"D02","BLAN",2016-11-18,2016,323,0,0
"D02","BLAN",2016-11-19,2016,324,0.5,0.5
"D02","BLAN",2016-11-20,2016,325,0,0.5
"D02","BLAN",2016-11-21,2016,326,0,0.5
"D02","BLAN",2016-11-22,2016,327,0,0.5
"D02","BLAN",2016-11-23,2016,328,0,0.5
"D02","BLAN",2016-11-24,2016,329,0,0.5
"D02","BLAN",2016-11-25,2016,330,0,0.5
"D02","BLAN",2016-11-26,2016,331,0,0.5
"D02","BLAN",2016-11-27,2016,332,0,0.5
"D02","BLAN",2016-11-28,2016,333,0,0.5
"D02","BLAN",2016-11-29,2016,334,3.999,4.499
"D02","BLAN",2016-11-30,2016,335,15.497,19.996
"D02","BLAN",2016-12-01,2016,336,7.498,27.494
"D02","BLAN",2016-12-02,2016,337,0,27.494
"D02","BLAN",2016-12-03,2016,338,0,27.494
"D02","BLAN",2016-12-04,2016,339,0,27.494
"D02","BLAN",2016-12-05,2016,340,2.5,29.994
"D02","BLAN",2016-12-06,2016,341,24.991,54.985
"D02","BLAN",2016-12-07,2016,342,1,55.985
"D02","BLAN",2016-12-08,2016,343,0,55.985
"D02","BLAN",2016-12-09,2016,344,0,55.985
"D02","BLAN",2016-12-10,2016,345,0,55.985
"D02","BLAN",2016-12-11,2016,346,0,55.985
"D02","BLAN",2016-12-12,2016,347,2,57.985
"D02","BLAN",2016-12-13,2016,348,0,57.985
"D02","BLAN",2016-12-14,2016,349,0,57.985
"D02","BLAN",2016-12-15,2016,350,0,57.985
"D02","BLAN",2016-12-16,2016,351,0,57.985
"D02","BLAN",2016-12-17,2016,352,0.5,58.485
"D02","BLAN",2016-12-18,2016,353,0.5,58.985
"D02","BLAN",2016-12-19,2016,354,0,58.485
"D02","BLAN",2016-12-20,2016,355,0,58.485
"D02","BLAN",2016-12-21,2016,356,0,58.485
"D02","BLAN",2016-12-22,2016,357,0,58.485
"D02","BLAN",2016-12-23,2016,358,0,58.485
"D02","BLAN",2016-12-24,2016,359,7.998,66.483
"D02","BLAN",2016-12-25,2016,360,0,66.483
"D02","BLAN",2016-12-26,2016,361,0,66.483
"D02","BLAN",2016-12-27,2016,362,0,66.483
"D02","BLAN",2016-12-28,2016,363,0,66.483
"D02","BLAN",2016-12-29,2016,364,2.5,64.984
"D02","BLAN",2016-12-30,2016,365,0,49.487
"D02","BLAN",2016-12-31,2016,366,0,41.989
"D02","BLAN",2017-01-01,2017,1,0,NA
"D02","BLAN",2017-01-02,2017,2,5.999,NA
"D02","BLAN",2017-01-03,2017,3,23.492,NA
"D02","BLAN",2017-01-04,2017,4,1.5,NA
"D02","BLAN",2017-01-05,2017,5,0,NA
"D02","BLAN",2017-01-06,2017,6,0,NA
"D02","BLAN",2017-01-07,2017,7,0,NA
"D02","BLAN",2017-01-08,2017,8,0,NA
"D02","BLAN",2017-01-09,2017,9,0,NA
"D02","BLAN",2017-01-10,2017,10,0,NA
"D02","BLAN",2017-01-11,2017,11,2,NA
"D02","BLAN",2017-01-12,2017,12,1,NA
"D02","BLAN",2017-01-13,2017,13,0,NA
"D02","BLAN",2017-01-14,2017,14,4,NA
"D02","BLAN",2017-01-15,2017,15,0.5,NA
"D02","BLAN",2017-01-16,2017,16,0,NA
"D02","BLAN",2017-01-17,2017,17,4.5,NA
"D02","BLAN",2017-01-18,2017,18,0.5,NA
"D02","BLAN",2017-01-19,2017,19,0,NA
"D02","BLAN",2017-01-20,2017,20,0.5,NA
"D02","BLAN",2017-01-21,2017,21,0,NA
"D02","BLAN",2017-01-22,2017,22,0.5,NA
"D02","BLAN",2017-01-23,2017,23,41.487,NA
"D02","BLAN",2017-01-24,2017,24,3.5,NA
"D02","BLAN",2017-01-25,2017,25,0,NA
"D02","BLAN",2017-01-26,2017,26,0,NA
"D02","BLAN",2017-01-27,2017,27,0,NA
"D02","BLAN",2017-01-28,2017,28,0,NA
"D02","BLAN",2017-01-29,2017,29,0,NA
"D02","BLAN",2017-01-30,2017,30,0,89.478
"D02","BLAN",2017-01-31,2017,31,0,89.478
"D02","BLAN",2017-02-01,2017,32,0,83.479
"D02","BLAN",2017-02-02,2017,33,0,59.987
"D02","BLAN",2017-02-03,2017,34,0,58.487
"D02","BLAN",2017-02-04,2017,35,0,58.487
"D02","BLAN",2017-02-05,2017,36,0,58.487
"D02","BLAN",2017-02-06,2017,37,0,58.487
"D02","BLAN",2017-02-07,2017,38,0,58.487
"D02","BLAN",2017-02-08,2017,39,0,58.487
"D02","BLAN",2017-02-09,2017,40,9.498,67.985
"D02","BLAN",2017-02-10,2017,41,0,65.985
"D02","BLAN",2017-02-11,2017,42,0,64.985
"D02","BLAN",2017-02-12,2017,43,4.999,69.984
"D02","BLAN",2017-02-13,2017,44,0.5,66.484
"D02","BLAN",2017-02-14,2017,45,0,65.984
"D02","BLAN",2017-02-15,2017,46,0,65.984
"D02","BLAN",2017-02-16,2017,47,0,61.484
"D02","BLAN",2017-02-17,2017,48,0,60.984
"D02","BLAN",2017-02-18,2017,49,0,60.984
"D02","BLAN",2017-02-19,2017,50,1,61.484
"D02","BLAN",2017-02-20,2017,51,0,61.484
"D02","BLAN",2017-02-21,2017,52,0,60.984
"D02","BLAN",2017-02-22,2017,53,0,19.497
"D02","BLAN",2017-02-23,2017,54,0,15.997
"D02","BLAN",2017-02-24,2017,55,0,15.997
"D02","BLAN",2017-02-25,2017,56,0,15.997
"D02","BLAN",2017-02-26,2017,57,0,15.997
"D02","BLAN",2017-02-27,2017,58,0,15.997
"D02","BLAN",2017-02-28,2017,59,3.999,19.996
"D02","BLAN",2017-03-01,2017,60,2,21.996
"D02","BLAN",2017-03-02,2017,61,0,21.996
"D02","BLAN",2017-03-03,2017,62,0,21.996
"D02","BLAN",2017-03-04,2017,63,0,21.996
"D02","BLAN",2017-03-05,2017,64,0,21.996
"D02","BLAN",2017-03-06,2017,65,0.5,22.496
"D02","BLAN",2017-03-07,2017,66,4,26.496
"D02","BLAN",2017-03-08,2017,67,1,27.496
"D02","BLAN",2017-03-09,2017,68,0,27.496
"D02","BLAN",2017-03-10,2017,69,3.5,30.996
"D02","BLAN",2017-03-11,2017,70,0,21.498
"D02","BLAN",2017-03-12,2017,71,0,21.498
"D02","BLAN",2017-03-13,2017,72,0,21.498
"D02","BLAN",2017-03-14,2017,73,9.998,26.497
"D02","BLAN",2017-03-15,2017,74,0,25.997
"D02","BLAN",2017-03-16,2017,75,1.5,27.497
"D02","BLAN",2017-03-17,2017,76,0,27.497
"D02","BLAN",2017-03-18,2017,77,8.498,35.995
"D02","BLAN",2017-03-19,2017,78,4.5,40.495
"D02","BLAN",2017-03-20,2017,79,0,40.495
"D02","BLAN",2017-03-21,2017,80,0,39.495
"D02","BLAN",2017-03-22,2017,81,0,39.495
"D02","BLAN",2017-03-23,2017,82,0,39.495
"D02","BLAN",2017-03-24,2017,83,4.499,43.994
"D02","BLAN",2017-03-25,2017,84,0,43.994
"D02","BLAN",2017-03-26,2017,85,0,43.994
"D02","BLAN",2017-03-27,2017,86,1.5,45.494
"D02","BLAN",2017-03-28,2017,87,6.5,51.994
"D02","BLAN",2017-03-29,2017,88,0.5,52.494
"D02","BLAN",2017-03-30,2017,89,0,48.495
"D02","BLAN",2017-03-31,2017,90,17.494,63.989
"D02","BLAN",2017-04-01,2017,91,2,65.989
"D02","BLAN",2017-04-02,2017,92,0,65.989
"D02","BLAN",2017-04-03,2017,93,0.5,66.489
"D02","BLAN",2017-04-04,2017,94,0.5,66.989
"D02","BLAN",2017-04-05,2017,95,0,66.489
"D02","BLAN",2017-04-06,2017,96,11.498,73.987
"D02","BLAN",2017-04-07,2017,97,0,72.987
"D02","BLAN",2017-04-08,2017,98,0,72.987
"D02","BLAN",2017-04-09,2017,99,0,69.487
"D02","BLAN",2017-04-10,2017,100,0,69.487
"D02","BLAN",2017-04-11,2017,101,0,69.487
"D02","BLAN",2017-04-12,2017,102,0.5,69.987
"D02","BLAN",2017-04-13,2017,103,0,59.989
"D02","BLAN",2017-04-14,2017,104,0,59.989
"D02","BLAN",2017-04-15,2017,105,0,58.489
"D02","BLAN",2017-04-16,2017,106,0,58.489
"D02","BLAN",2017-04-17,2017,107,0,49.991
"D02","BLAN",2017-04-18,2017,108,0,45.491
"D02","BLAN",2017-04-19,2017,109,0,45.491
"D02","BLAN",2017-04-20,2017,110,2.012,47.503
"D02","BLAN",2017-04-21,2017,111,0,47.503
"D02","BLAN",2017-04-22,2017,112,11.066,58.569
"D02","BLAN",2017-04-23,2017,113,0.503,54.573
"D02","BLAN",2017-04-24,2017,114,6.539,61.112
"D02","BLAN",2017-04-25,2017,115,12.575,73.687
"D02","BLAN",2017-04-26,2017,116,0.503,72.69
"D02","BLAN",2017-04-27,2017,117,0,66.19
"D02","BLAN",2017-04-28,2017,118,0,65.69
"D02","BLAN",2017-04-29,2017,119,2.514,68.204
"D02","BLAN",2017-04-30,2017,120,0,50.71
"D02","BLAN",2017-05-01,2017,121,0,48.71
"D02","BLAN",2017-05-02,2017,122,0,48.71
"D02","BLAN",2017-05-03,2017,123,0,48.21
"D02","BLAN",2017-05-04,2017,124,2.012,49.722
"D02","BLAN",2017-05-05,2017,125,66.878,116.6
"D02","BLAN",2017-05-06,2017,126,3.018,108.12
"D02","BLAN",2017-05-07,2017,127,0,108.12
"D02","BLAN",2017-05-08,2017,128,0,108.12
"D02","BLAN",2017-05-09,2017,129,0,108.12
"D02","BLAN",2017-05-10,2017,130,0,108.12
"D02","BLAN",2017-05-11,2017,131,43.749,151.869
"D02","BLAN",2017-05-12,2017,132,2.515,153.884
"D02","BLAN",2017-05-13,2017,133,13.581,167.465
"D02","BLAN",2017-05-14,2017,134,0,167.465
"D02","BLAN",2017-05-15,2017,135,0,167.465
"D02","BLAN",2017-05-16,2017,136,0,167.465
"D02","BLAN",2017-05-17,2017,137,0,167.465
"D02","BLAN",2017-05-18,2017,138,23.131,190.596
"D02","BLAN",2017-05-19,2017,139,0,190.596
"D02","BLAN",2017-05-20,2017,140,0,188.584
"D02","BLAN",2017-05-21,2017,141,0,188.584
"D02","BLAN",2017-05-22,2017,142,8.55,186.068
"D02","BLAN",2017-05-23,2017,143,1.006,186.571
"D02","BLAN",2017-05-24,2017,144,9.557,189.589
"D02","BLAN",2017-05-25,2017,145,30.678,207.692
"D02","BLAN",2017-05-26,2017,146,3.018,210.207
"D02","BLAN",2017-05-27,2017,147,0.503,210.71
"D02","BLAN",2017-05-28,2017,148,2.514,213.224
"D02","BLAN",2017-05-29,2017,149,0,210.71
"D02","BLAN",2017-05-30,2017,150,0,210.71
"D02","BLAN",2017-05-31,2017,151,0,210.71
"D02","BLAN",2017-06-01,2017,152,0,210.71
"D02","BLAN",2017-06-02,2017,153,0,210.71
"D02","BLAN",2017-06-03,2017,154,0,208.698
"D02","BLAN",2017-06-04,2017,155,0,141.82
"D02","BLAN",2017-06-05,2017,156,4.024,142.826
"D02","BLAN",2017-06-06,2017,157,0,142.826
"D02","BLAN",2017-06-07,2017,158,1.006,143.832
"D02","BLAN",2017-06-08,2017,159,0,143.832
"D02","BLAN",2017-06-09,2017,160,0,143.832
"D02","BLAN",2017-06-10,2017,161,0,100.083
"D02","BLAN",2017-06-11,2017,162,0,97.568
"D02","BLAN",2017-06-12,2017,163,0,83.987
"D02","BLAN",2017-06-13,2017,164,0,83.987
"D02","BLAN",2017-06-14,2017,165,0,83.987
"D02","BLAN",2017-06-15,2017,166,0,83.987
"D02","BLAN",2017-06-16,2017,167,3.018,87.005
"D02","BLAN",2017-06-17,2017,168,0,63.874
"D02","BLAN",2017-06-18,2017,169,0,63.874
"D02","BLAN",2017-06-19,2017,170,16.091,79.965
"D02","BLAN",2017-06-20,2017,171,0,79.965
"D02","BLAN",2017-06-21,2017,172,0,71.415
"D02","BLAN",2017-06-22,2017,173,0,70.409
"D02","BLAN",2017-06-23,2017,174,1.509,62.361
"D02","BLAN",2017-06-24,2017,175,7.04,38.723
"D02","BLAN",2017-06-25,2017,176,0,35.705
"D02","BLAN",2017-06-26,2017,177,0,35.202
"D02","BLAN",2017-06-27,2017,178,0,32.688
"D02","BLAN",2017-06-28,2017,179,0,32.688
"D02","BLAN",2017-06-29,2017,180,0,32.688
"D02","BLAN",2017-06-30,2017,181,0,32.688
"D02","BLAN",2017-07-01,2017,182,3.017,35.705
"D02","BLAN",2017-07-02,2017,183,0,35.705
"D02","BLAN",2017-07-03,2017,184,0,35.705
"D02","BLAN",2017-07-04,2017,185,34.192,69.897
"D02","BLAN",2017-07-05,2017,186,2.515,68.388
"D02","BLAN",2017-07-06,2017,187,25.648,94.036
"D02","BLAN",2017-07-07,2017,188,14.08,107.11
"D02","BLAN",2017-07-08,2017,189,0,107.11
"D02","BLAN",2017-07-09,2017,190,0,107.11
"D02","BLAN",2017-07-10,2017,191,0,107.11
"D02","BLAN",2017-07-11,2017,192,6.537,113.647
"D02","BLAN",2017-07-12,2017,193,0.503,114.15
"D02","BLAN",2017-07-13,2017,194,0,114.15
"D02","BLAN",2017-07-14,2017,195,0,114.15
"D02","BLAN",2017-07-15,2017,196,0,114.15
"D02","BLAN",2017-07-16,2017,197,0,111.132
"D02","BLAN",2017-07-17,2017,198,0,111.132
"D02","BLAN",2017-07-18,2017,199,0.503,111.635
"D02","BLAN",2017-07-19,2017,200,0,95.544
"D02","BLAN",2017-07-20,2017,201,0,95.544
"D02","BLAN",2017-07-21,2017,202,0,95.544
"D02","BLAN",2017-07-22,2017,203,28.159,123.703
"D02","BLAN",2017-07-23,2017,204,11.063,133.257
"D02","BLAN",2017-07-24,2017,205,0,126.217
"D02","BLAN",2017-07-25,2017,206,0,126.217
"D02","BLAN",2017-07-26,2017,207,0,126.217
"D02","BLAN",2017-07-27,2017,208,0.503,126.72
"D02","BLAN",2017-07-28,2017,209,7.041,133.761
"D02","BLAN",2017-07-29,2017,210,57.324,191.085
"D02","BLAN",2017-07-30,2017,211,0,191.085
"D02","BLAN",2017-07-31,2017,212,0,188.068
"D02","BLAN",2017-08-01,2017,213,0,188.068
"D02","BLAN",2017-08-02,2017,214,0,188.068
"D02","BLAN",2017-08-03,2017,215,0,153.876
"D02","BLAN",2017-08-04,2017,216,0,151.361
"D02","BLAN",2017-08-05,2017,217,3.52,129.233
"D02","BLAN",2017-08-06,2017,218,0,115.153
"D02","BLAN",2017-08-07,2017,219,8.047,123.2
"D02","BLAN",2017-08-08,2017,220,3.521,126.721
"D02","BLAN",2017-08-09,2017,221,0,126.721
"D02","BLAN",2017-08-10,2017,222,0,120.184
"D02","BLAN",2017-08-11,2017,223,8.047,127.728
"D02","BLAN",2017-08-12,2017,224,48.273,176.001
"D02","BLAN",2017-08-13,2017,225,0,176.001
"D02","BLAN",2017-08-14,2017,226,0,176.001
"D02","BLAN",2017-08-15,2017,227,3.52,179.521
"D02","BLAN",2017-08-16,2017,228,0,179.521
"D02","BLAN",2017-08-17,2017,229,0,179.018
"D02","BLAN",2017-08-18,2017,230,12.572,191.59
"D02","BLAN",2017-08-19,2017,231,0,191.59
"D02","BLAN",2017-08-20,2017,232,0,191.59
"D02","BLAN",2017-08-21,2017,233,0,163.431
"D02","BLAN",2017-08-22,2017,234,0,152.368
"D02","BLAN",2017-08-23,2017,235,3.52,155.888
"D02","BLAN",2017-08-24,2017,236,0,155.888
"D02","BLAN",2017-08-25,2017,237,0.503,156.391
"D02","BLAN",2017-08-26,2017,238,0,155.888
"D02","BLAN",2017-08-27,2017,239,0,148.847
"D02","BLAN",2017-08-28,2017,240,0,91.523
"D02","BLAN",2017-08-29,2017,241,13.078,104.601
"D02","BLAN",2017-08-30,2017,242,0,104.601
"D02","BLAN",2017-08-31,2017,243,0,104.601
"D02","BLAN",2017-09-01,2017,244,0,104.601
"D02","BLAN",2017-09-02,2017,245,2.515,107.116
"D02","BLAN",2017-09-03,2017,246,1.509,108.625
"D02","BLAN",2017-09-04,2017,247,0,105.105
"D02","BLAN",2017-09-05,2017,248,9.555,114.66
"D02","BLAN",2017-09-06,2017,249,17.1,123.713
"D02","BLAN",2017-09-07,2017,250,0.503,120.695
"D02","BLAN",2017-09-08,2017,251,0,120.695
"D02","BLAN",2017-09-09,2017,252,0,120.695
"D02","BLAN",2017-09-10,2017,253,0,112.648
"D02","BLAN",2017-09-11,2017,254,0,64.375
"D02","BLAN",2017-09-12,2017,255,0,64.375
"D02","BLAN",2017-09-13,2017,256,1.509,65.884
"D02","BLAN",2017-09-14,2017,257,2.514,64.878
"D02","BLAN",2017-09-15,2017,258,1.509,66.387
"D02","BLAN",2017-09-16,2017,259,0,66.387
"D02","BLAN",2017-09-17,2017,260,0,53.815
"D02","BLAN",2017-09-18,2017,261,0,53.815
"D02","BLAN",2017-09-19,2017,262,0,53.815
"D02","BLAN",2017-09-20,2017,263,0,53.815
"D02","BLAN",2017-09-21,2017,264,0,53.815
"D02","BLAN",2017-09-22,2017,265,0,50.295
"D02","BLAN",2017-09-23,2017,266,0,50.295
"D02","BLAN",2017-09-24,2017,267,0,49.792
"D02","BLAN",2017-09-25,2017,268,0,49.792
"D02","BLAN",2017-09-26,2017,269,0,49.792
"D02","BLAN",2017-09-27,2017,270,0,49.792
"D02","BLAN",2017-09-28,2017,271,0,36.714
"D02","BLAN",2017-09-29,2017,272,0,36.714
"D02","BLAN",2017-09-30,2017,273,0,36.714
"D02","BLAN",2017-10-01,2017,274,0,36.714
"D02","BLAN",2017-10-02,2017,275,0,34.199
"D02","BLAN",2017-10-03,2017,276,0,32.69
"D02","BLAN",2017-10-04,2017,277,0,32.69
"D02","BLAN",2017-10-05,2017,278,0,23.135
"D02","BLAN",2017-10-06,2017,279,0,6.035
"D02","BLAN",2017-10-07,2017,280,0,5.532
"D02","BLAN",2017-10-08,2017,281,4.527,10.059
"D02","BLAN",2017-10-09,2017,282,19.612,29.671
"D02","BLAN",2017-10-10,2017,283,0,29.671
"D02","BLAN",2017-10-11,2017,284,5.532,35.203
"D02","BLAN",2017-10-12,2017,285,13.578,48.781
"D02","BLAN",2017-10-13,2017,286,0.503,47.775
"D02","BLAN",2017-10-14,2017,287,0,45.261
"D02","BLAN",2017-10-15,2017,288,0,43.752
"D02","BLAN",2017-10-16,2017,289,1.509,45.261
"D02","BLAN",2017-10-17,2017,290,0,45.261
"D02","BLAN",2017-10-18,2017,291,0,45.261
"D02","BLAN",2017-10-19,2017,292,0,45.261
"D02","BLAN",2017-10-20,2017,293,0,45.261
"D02","BLAN",2017-10-21,2017,294,0,45.261
"D02","BLAN",2017-10-22,2017,295,0,45.261
"D02","BLAN",2017-10-23,2017,296,0,45.261
"D02","BLAN",2017-10-24,2017,297,10.561,55.822
"D02","BLAN",2017-10-25,2017,298,0,55.822
"D02","BLAN",2017-10-26,2017,299,0,55.822
"D02","BLAN",2017-10-27,2017,300,0,55.822
"D02","BLAN",2017-10-28,2017,301,0,55.822
"D02","BLAN",2017-10-29,2017,302,58.33,114.152
"D02","BLAN",2017-10-30,2017,303,10.561,124.713
"D02","BLAN",2017-10-31,2017,304,0,124.713
"D02","BLAN",2017-11-01,2017,305,0,124.713
"D02","BLAN",2017-11-02,2017,306,0,124.713
"D02","BLAN",2017-11-03,2017,307,0,124.713
"D02","BLAN",2017-11-04,2017,308,7.04,131.753
"D02","BLAN",2017-11-05,2017,309,4.527,136.28
"D02","BLAN",2017-11-06,2017,310,2.012,138.292
"D02","BLAN",2017-11-07,2017,311,20.617,154.382
"D02","BLAN",2017-11-08,2017,312,0,134.77
"D02","BLAN",2017-11-09,2017,313,1.509,136.279
"D02","BLAN",2017-11-10,2017,314,0,130.747
"D02","BLAN",2017-11-11,2017,315,0,117.169
"D02","BLAN",2017-11-12,2017,316,0,116.666
"D02","BLAN",2017-11-13,2017,317,1.509,118.175
"D02","BLAN",2017-11-14,2017,318,0,118.175
"D02","BLAN",2017-11-15,2017,319,0,116.666
"D02","BLAN",2017-11-16,2017,320,1.006,117.672
"D02","BLAN",2017-11-17,2017,321,0,117.672
"D02","BLAN",2017-11-18,2017,322,0,117.672
"D02","BLAN",2017-11-19,2017,323,0,117.672
"D02","BLAN",2017-11-20,2017,324,0,117.672
"D02","BLAN",2017-11-21,2017,325,0,117.672
"D02","BLAN",2017-11-22,2017,326,0,117.672
"D02","BLAN",2017-11-23,2017,327,0,107.111
"D02","BLAN",2017-11-24,2017,328,0,107.111
"D02","BLAN",2017-11-25,2017,329,0,107.111
"D02","BLAN",2017-11-26,2017,330,0,107.111
"D02","BLAN",2017-11-27,2017,331,0,107.111
"D02","BLAN",2017-11-28,2017,332,0,48.781
"D02","BLAN",2017-11-29,2017,333,0,38.22
"D02","BLAN",2017-11-30,2017,334,0,38.22
"D02","BLAN",2017-12-01,2017,335,0,38.22
"D02","BLAN",2017-12-02,2017,336,0,38.22
"D02","BLAN",2017-12-03,2017,337,0.503,38.723
"D02","BLAN",2017-12-04,2017,338,0,31.683
"D02","BLAN",2017-12-05,2017,339,1.509,28.665
"D02","BLAN",2017-12-06,2017,340,1.006,27.659
"D02","BLAN",2017-12-07,2017,341,0,7.042
"D02","BLAN",2017-12-08,2017,342,0,7.042
"D02","BLAN",2017-12-09,2017,343,0,5.533
"D02","BLAN",2017-12-10,2017,344,1.509,7.042
"D02","BLAN",2017-12-11,2017,345,0,7.042
"D02","BLAN",2017-12-12,2017,346,0,7.042
"D02","BLAN",2017-12-13,2017,347,0,5.533
"D02","BLAN",2017-12-14,2017,348,0,5.533
"D02","BLAN",2017-12-15,2017,349,0,5.533
"D02","BLAN",2017-12-16,2017,350,0,4.527
"D02","BLAN",2017-12-17,2017,351,0,4.527
"D02","BLAN",2017-12-18,2017,352,0,4.527
"D02","BLAN",2017-12-19,2017,353,0,4.527
"D02","BLAN",2017-12-20,2017,354,0,4.527
"D02","BLAN",2017-12-21,2017,355,0,4.527
"D02","BLAN",2017-12-22,2017,356,0,4.527
"D02","BLAN",2017-12-23,2017,357,7.544,12.071
"D02","BLAN",2017-12-24,2017,358,0,12.071
"D02","BLAN",2017-12-25,2017,359,0,12.071
"D02","BLAN",2017-12-26,2017,360,0,12.071
"D02","BLAN",2017-12-27,2017,361,0,12.071
"D02","BLAN",2017-12-28,2017,362,0,12.071
"D02","BLAN",2017-12-29,2017,363,0,12.071
"D02","BLAN",2017-12-30,2017,364,0.503,12.574
"D02","BLAN",2017-12-31,2017,365,0,12.574
"D02","BLAN",2018-01-01,2018,1,0,NA
"D02","BLAN",2018-01-02,2018,2,0,NA
"D02","BLAN",2018-01-03,2018,3,0,NA
"D02","BLAN",2018-01-04,2018,4,0,NA
"D02","BLAN",2018-01-05,2018,5,0,NA
"D02","BLAN",2018-01-06,2018,6,0,NA
"D02","BLAN",2018-01-07,2018,7,0,NA
"D02","BLAN",2018-01-08,2018,8,0.503,NA
"D02","BLAN",2018-01-09,2018,9,0,NA
"D02","BLAN",2018-01-10,2018,10,0,NA
"D02","BLAN",2018-01-11,2018,11,0,NA
"D02","BLAN",2018-01-12,2018,12,22.63,NA
"D02","BLAN",2018-01-13,2018,13,20.617,NA
"D02","BLAN",2018-01-14,2018,14,0,NA
"D02","BLAN",2018-01-15,2018,15,0,NA
"D02","BLAN",2018-01-16,2018,16,0,NA
"D02","BLAN",2018-01-17,2018,17,0,NA
"D02","BLAN",2018-01-18,2018,18,0,NA
"D02","BLAN",2018-01-19,2018,19,0,NA
"D02","BLAN",2018-01-20,2018,20,0,NA
"D02","BLAN",2018-01-21,2018,21,0,NA
"D02","BLAN",2018-01-22,2018,22,0,NA
"D02","BLAN",2018-01-23,2018,23,11.063,NA
"D02","BLAN",2018-01-24,2018,24,0,NA
"D02","BLAN",2018-01-25,2018,25,0,NA
"D02","BLAN",2018-01-26,2018,26,0,NA
"D02","BLAN",2018-01-27,2018,27,0,NA
"D02","BLAN",2018-01-28,2018,28,5.533,NA
"D02","BLAN",2018-01-29,2018,29,0,NA
"D02","BLAN",2018-01-30,2018,30,0,60.346
"D02","BLAN",2018-01-31,2018,31,0.503,60.849
"D02","BLAN",2018-02-01,2018,32,0,60.849
"D02","BLAN",2018-02-02,2018,33,2.515,63.364
"D02","BLAN",2018-02-03,2018,34,0,63.364
"D02","BLAN",2018-02-04,2018,35,17.099,80.463
"D02","BLAN",2018-02-05,2018,36,1.006,81.469
"D02","BLAN",2018-02-06,2018,37,0,81.469
"D02","BLAN",2018-02-07,2018,38,0.503,81.469
"D02","BLAN",2018-02-08,2018,39,0,81.469
"D02","BLAN",2018-02-09,2018,40,0,81.469
"D02","BLAN",2018-02-10,2018,41,3.521,84.99
"D02","BLAN",2018-02-11,2018,42,10.563,72.923
"D02","BLAN",2018-02-12,2018,43,0.503,52.809
"D02","BLAN",2018-02-13,2018,44,0,52.809
"D02","BLAN",2018-02-14,2018,45,0,52.809
"D02","BLAN",2018-02-15,2018,46,2.515,55.324
"D02","BLAN",2018-02-16,2018,47,3.018,58.342
"D02","BLAN",2018-02-17,2018,48,0,58.342
"D02","BLAN",2018-02-18,2018,49,7.544,65.886
"D02","BLAN",2018-02-19,2018,50,1.006,66.892
"D02","BLAN",2018-02-20,2018,51,0,66.892
"D02","BLAN",2018-02-21,2018,52,0,66.892
"D02","BLAN",2018-02-22,2018,53,0.503,56.332
"D02","BLAN",2018-02-23,2018,54,0.503,56.835
"D02","BLAN",2018-02-24,2018,55,6.036,62.871
"D02","BLAN",2018-02-25,2018,56,6.036,68.907
"D02","BLAN",2018-02-26,2018,57,0,68.907
"D02","BLAN",2018-02-27,2018,58,0,63.374
"D02","BLAN",2018-02-28,2018,59,0,63.374
"D02","BLAN",2018-03-01,2018,60,0.503,63.877
"D02","BLAN",2018-03-02,2018,61,2.012,65.386
"D02","BLAN",2018-03-03,2018,62,0,65.386
"D02","BLAN",2018-03-04,2018,63,0,62.871
"D02","BLAN",2018-03-05,2018,64,0,62.871
"D02","BLAN",2018-03-06,2018,65,0,45.772
"D02","BLAN",2018-03-07,2018,66,0.503,45.269
"D02","BLAN",2018-03-08,2018,67,0,45.269
"D02","BLAN",2018-03-09,2018,68,0,44.766
"D02","BLAN",2018-03-10,2018,69,0,44.766
"D02","BLAN",2018-03-11,2018,70,0,44.766
"D02","BLAN",2018-03-12,2018,71,0,41.245
"D02","BLAN",2018-03-13,2018,72,0,30.682
"D02","BLAN",2018-03-14,2018,73,0,30.179
"D02","BLAN",2018-03-15,2018,74,0,30.179
"D02","BLAN",2018-03-16,2018,75,0,30.179
"D02","BLAN",2018-03-17,2018,76,0,27.664
"D02","BLAN",2018-03-18,2018,77,0,24.646
"D02","BLAN",2018-03-19,2018,78,0,24.646
"D02","BLAN",2018-03-20,2018,79,8.551,25.653
"D02","BLAN",2018-03-21,2018,80,3.018,27.665
"D02","BLAN",2018-03-22,2018,81,16.093,43.758
"D02","BLAN",2018-03-23,2018,82,0,43.758
"D02","BLAN",2018-03-24,2018,83,0,43.255
"D02","BLAN",2018-03-25,2018,84,0,42.752
"D02","BLAN",2018-03-26,2018,85,0,36.716
"D02","BLAN",2018-03-27,2018,86,8.048,38.728
"D02","BLAN",2018-03-28,2018,87,4.527,43.255
"D02","BLAN",2018-03-29,2018,88,0,43.255
"D02","BLAN",2018-03-30,2018,89,4.023,47.278
"D02","BLAN",2018-03-31,2018,90,0,46.775
"D02","BLAN",2018-04-01,2018,91,0,44.763
"D02","BLAN",2018-04-02,2018,92,8.048,52.811
"D02","BLAN",2018-04-03,2018,93,1.006,53.817
"D02","BLAN",2018-04-04,2018,94,0,53.817
"D02","BLAN",2018-04-05,2018,95,0,53.817
"D02","BLAN",2018-04-06,2018,96,0,53.314
"D02","BLAN",2018-04-07,2018,97,0,53.314
"D02","BLAN",2018-04-08,2018,98,0,53.314
"D02","BLAN",2018-04-09,2018,99,0,53.314
"D02","BLAN",2018-04-10,2018,100,0,53.314
"D02","BLAN",2018-04-11,2018,101,0,53.314
"D02","BLAN",2018-04-12,2018,102,0,53.314
"D02","BLAN",2018-04-13,2018,103,0,53.314
"D02","BLAN",2018-04-14,2018,104,0,53.314
"D02","BLAN",2018-04-15,2018,105,0,53.314
"D02","BLAN",2018-04-16,2018,106,0,53.314
"D02","BLAN",2018-04-17,2018,107,0,53.314
"D02","BLAN",2018-04-18,2018,108,0,53.314
"D02","BLAN",2018-04-19,2018,109,0,44.763
"D02","BLAN",2018-04-20,2018,110,0,41.745
"D02","BLAN",2018-04-21,2018,111,0,25.652
"D02","BLAN",2018-04-22,2018,112,0,25.652
"D02","BLAN",2018-04-23,2018,113,0,25.652
"D02","BLAN",2018-04-24,2018,114,0,25.652
"D02","BLAN",2018-04-25,2018,115,0,25.652
"D02","BLAN",2018-04-26,2018,116,0,17.604
"D02","BLAN",2018-04-27,2018,117,0,13.077
"D02","BLAN",2018-04-28,2018,118,0,13.077
"D02","BLAN",2018-04-29,2018,119,0,9.054
"D02","BLAN",2018-04-30,2018,120,0,9.054
"D02","BLAN",2018-05-01,2018,121,0,9.054
"D02","BLAN",2018-05-02,2018,122,0,1.006
"D02","BLAN",2018-05-03,2018,123,0,0
"D02","BLAN",2018-05-04,2018,124,0,0
"D02","BLAN",2018-05-05,2018,125,0,0
"D02","BLAN",2018-05-06,2018,126,0,0
"D02","BLAN",2018-05-07,2018,127,0,0
"D02","BLAN",2018-05-08,2018,128,0,0
"D02","BLAN",2018-05-09,2018,129,0,0
"D02","BLAN",2018-05-10,2018,130,0,0
"D02","BLAN",2018-05-11,2018,131,0,0
"D02","BLAN",2018-05-12,2018,132,0,0
"D02","BLAN",2018-05-13,2018,133,0,0
"D02","BLAN",2018-05-14,2018,134,0,0
"D02","BLAN",2018-05-15,2018,135,0,0
"D02","BLAN",2018-05-16,2018,136,0,0
"D02","BLAN",2018-05-17,2018,137,0,0
"D02","BLAN",2018-05-18,2018,138,0,0
"D02","BLAN",2018-05-19,2018,139,0,0
"D02","BLAN",2018-05-20,2018,140,0,0
"D02","BLAN",2018-05-21,2018,141,0,0
"D02","BLAN",2018-05-22,2018,142,0,0
"D02","BLAN",2018-05-23,2018,143,0,0
"D02","BLAN",2018-05-24,2018,144,0,0
"D02","BLAN",2018-05-25,2018,145,0,0
"D02","BLAN",2018-05-26,2018,146,0,0
"D02","BLAN",2018-05-27,2018,147,0,0
"D02","BLAN",2018-05-28,2018,148,0,0
"D02","BLAN",2018-05-29,2018,149,0,0
"D02","BLAN",2018-05-30,2018,150,0,0
"D02","BLAN",2018-05-31,2018,151,0,0
"D02","BLAN",2018-06-01,2018,152,0,0
"D02","BLAN",2018-06-02,2018,153,0,0
"D02","BLAN",2018-06-03,2018,154,0,0
"D02","BLAN",2018-06-04,2018,155,0,0
"D02","BLAN",2018-06-05,2018,156,0,0
"D02","BLAN",2018-06-06,2018,157,0,0
"D02","BLAN",2018-06-07,2018,158,0,0
"D02","BLAN",2018-06-08,2018,159,0,0
"D02","BLAN",2018-06-09,2018,160,0,0
"D02","BLAN",2018-06-10,2018,161,0,0
"D02","BLAN",2018-06-11,2018,162,0,0
"D02","BLAN",2018-06-12,2018,163,0,0
"D02","BLAN",2018-06-13,2018,164,0,0
"D02","BLAN",2018-06-14,2018,165,0,0
"D02","BLAN",2018-06-15,2018,166,0,0
"D02","BLAN",2018-06-16,2018,167,0,0
"D02","BLAN",2018-06-17,2018,168,0,0
"D02","BLAN",2018-06-18,2018,169,0,0
"D02","BLAN",2018-06-19,2018,170,0,0
"D02","BLAN",2018-06-20,2018,171,0,0
"D02","BLAN",2018-06-21,2018,172,0,0
"D02","BLAN",2018-06-22,2018,173,0,0
"D02","BLAN",2018-06-23,2018,174,0,0
"D02","BLAN",2018-06-24,2018,175,0,0
"D02","BLAN",2018-06-25,2018,176,0,0
"D02","BLAN",2018-06-26,2018,177,0,0
"D02","BLAN",2018-06-27,2018,178,0,0
"D02","BLAN",2018-06-28,2018,179,0,0
"D02","BLAN",2018-06-29,2018,180,0,0
"D02","BLAN",2018-06-30,2018,181,0,0
"D02","BLAN",2018-07-01,2018,182,0,0
"D02","BLAN",2018-07-02,2018,183,0,0
"D02","BLAN",2018-07-03,2018,184,0,0
"D02","BLAN",2018-07-04,2018,185,1.984,1.984
"D02","BLAN",2018-07-05,2018,186,0.496,2.48
"D02","BLAN",2018-07-06,2018,187,0.496,2.976
"D02","BLAN",2018-07-07,2018,188,0,2.976
"D02","BLAN",2018-07-08,2018,189,0,2.976
"D02","BLAN",2018-07-09,2018,190,0,2.976
"D02","BLAN",2018-07-10,2018,191,0,2.976
"D02","BLAN",2018-07-11,2018,192,0,2.976
"D02","BLAN",2018-07-12,2018,193,0,2.976
"D02","BLAN",2018-07-13,2018,194,0,2.976
"D02","BLAN",2018-07-14,2018,195,0,2.976
"D02","BLAN",2018-07-15,2018,196,49.577,52.553
"D02","BLAN",2018-07-16,2018,197,14.873,67.426
"D02","BLAN",2018-07-17,2018,198,1.488,68.914
"D02","BLAN",2018-07-18,2018,199,3.966,72.88
"D02","BLAN",2018-07-19,2018,200,0,72.88
"D02","BLAN",2018-07-20,2018,201,0,72.88
"D02","BLAN",2018-07-21,2018,202,52.553,125.433
"D02","BLAN",2018-07-22,2018,203,7.933,133.366
"D02","BLAN",2018-07-23,2018,204,18.344,151.71
"D02","BLAN",2018-07-24,2018,205,36.689,188.399
"D02","BLAN",2018-07-25,2018,206,63.955,252.354
"D02","BLAN",2018-07-26,2018,207,0,252.354
"D02","BLAN",2018-07-27,2018,208,0,252.354
"D02","BLAN",2018-07-28,2018,209,0,252.354
"D02","BLAN",2018-07-29,2018,210,0,252.354
"D02","BLAN",2018-07-30,2018,211,100.641,352.995
"D02","BLAN",2018-07-31,2018,212,0,352.995
"D02","BLAN",2018-08-01,2018,213,18.344,371.339
"D02","BLAN",2018-08-02,2018,214,70.4,441.739
"D02","BLAN",2018-08-03,2018,215,25.286,465.041
"D02","BLAN",2018-08-04,2018,216,11.898,476.443
"D02","BLAN",2018-08-05,2018,217,0,475.947
"D02","BLAN",2018-08-06,2018,218,11.898,487.845
"D02","BLAN",2018-08-07,2018,219,36.191,524.036
"D02","BLAN",2018-08-08,2018,220,0,524.036
"D02","BLAN",2018-08-09,2018,221,0.992,525.028
"D02","BLAN",2018-08-10,2018,222,0,525.028
"D02","BLAN",2018-08-11,2018,223,4.462,529.49
"D02","BLAN",2018-08-12,2018,224,8.428,537.918
"D02","BLAN",2018-08-13,2018,225,10.411,548.329
"D02","BLAN",2018-08-14,2018,226,3.967,502.719
"D02","BLAN",2018-08-15,2018,227,0.496,488.342
"D02","BLAN",2018-08-16,2018,228,0,486.854
"D02","BLAN",2018-08-17,2018,229,5.95,488.838
"D02","BLAN",2018-08-18,2018,230,15.865,504.703
"D02","BLAN",2018-08-19,2018,231,0,504.703
"D02","BLAN",2018-08-20,2018,232,5.95,458.1
"D02","BLAN",2018-08-21,2018,233,36.192,486.359
"D02","BLAN",2018-08-22,2018,234,14.378,482.393
"D02","BLAN",2018-08-23,2018,235,0,445.704
"D02","BLAN",2018-08-24,2018,236,0,381.749
"D02","BLAN",2018-08-25,2018,237,0,381.749
"D02","BLAN",2018-08-26,2018,238,0,381.749
"D02","BLAN",2018-08-27,2018,239,0,381.749
"D02","BLAN",2018-08-28,2018,240,0,381.749
"D02","BLAN",2018-08-29,2018,241,0,281.108
"D02","BLAN",2018-08-30,2018,242,0,281.108
"D02","BLAN",2018-08-31,2018,243,0,262.764
"D02","BLAN",2018-09-01,2018,244,44.618,236.982
"D02","BLAN",2018-09-02,2018,245,0,211.696
"D02","BLAN",2018-09-03,2018,246,0,199.798
"D02","BLAN",2018-09-04,2018,247,0,199.798
"D02","BLAN",2018-09-05,2018,248,0,187.9
"D02","BLAN",2018-09-06,2018,249,28.755,180.464
"D02","BLAN",2018-09-07,2018,250,12.395,192.859
"D02","BLAN",2018-09-08,2018,251,7.437,199.304
"D02","BLAN",2018-09-09,2018,252,124.935,324.239
"D02","BLAN",2018-09-10,2018,253,23.305,343.082
"D02","BLAN",2018-09-11,2018,254,0,334.654
"D02","BLAN",2018-09-12,2018,255,1.983,326.226
"D02","BLAN",2018-09-13,2018,256,2.48,324.739
"D02","BLAN",2018-09-14,2018,257,0,324.243
"D02","BLAN",2018-09-15,2018,258,0,324.243
"D02","BLAN",2018-09-16,2018,259,0,318.293
"D02","BLAN",2018-09-17,2018,260,17.355,319.783
"D02","BLAN",2018-09-18,2018,261,1.488,321.271
"D02","BLAN",2018-09-19,2018,262,0,315.321
"D02","BLAN",2018-09-20,2018,263,0,279.129
"D02","BLAN",2018-09-21,2018,264,0,264.751
"D02","BLAN",2018-09-22,2018,265,0.496,265.247
"D02","BLAN",2018-09-23,2018,266,43.632,308.879
"D02","BLAN",2018-09-24,2018,267,12.397,321.276
"D02","BLAN",2018-09-25,2018,268,13.886,335.162
"D02","BLAN",2018-09-26,2018,269,1.984,337.146
"D02","BLAN",2018-09-27,2018,270,49.578,386.724
"D02","BLAN",2018-09-28,2018,271,47.098,433.822
"D02","BLAN",2018-09-29,2018,272,0,433.822
"D02","BLAN",2018-09-30,2018,273,0,433.822
"D02","BLAN",2018-10-01,2018,274,0,389.204
"D02","BLAN",2018-10-02,2018,275,0,389.204
"D02","BLAN",2018-10-03,2018,276,0,389.204
"D02","BLAN",2018-10-04,2018,277,0,389.204
"D02","BLAN",2018-10-05,2018,278,0,389.204
"D02","BLAN",2018-10-06,2018,279,0,360.449
"D02","BLAN",2018-10-07,2018,280,0,348.054
"D02","BLAN",2018-10-08,2018,281,0,340.617
"D02","BLAN",2018-10-09,2018,282,0,215.682
"D02","BLAN",2018-10-10,2018,283,0,192.377
"D02","BLAN",2018-10-11,2018,284,32.227,224.604
"D02","BLAN",2018-10-12,2018,285,0.496,223.117
"D02","BLAN",2018-10-13,2018,286,3.471,224.108
"D02","BLAN",2018-10-14,2018,287,0,224.108
"D02","BLAN",2018-10-15,2018,288,3.471,227.579
"D02","BLAN",2018-10-16,2018,289,0,227.579
"D02","BLAN",2018-10-17,2018,290,0,210.224
"D02","BLAN",2018-10-18,2018,291,0,208.736
"D02","BLAN",2018-10-19,2018,292,0,208.736
"D02","BLAN",2018-10-20,2018,293,0,208.736
"D02","BLAN",2018-10-21,2018,294,1.983,210.719
"D02","BLAN",2018-10-22,2018,295,0,210.223
"D02","BLAN",2018-10-23,2018,296,0,166.591
"D02","BLAN",2018-10-24,2018,297,0,154.194
"D02","BLAN",2018-10-25,2018,298,0,140.308
"D02","BLAN",2018-10-26,2018,299,11.404,149.728
"D02","BLAN",2018-10-27,2018,300,52.059,152.209
"D02","BLAN",2018-10-28,2018,301,0.496,105.607
"D02","BLAN",2018-10-29,2018,302,0.496,106.103
"D02","BLAN",2018-10-30,2018,303,0,106.103
"D02","BLAN",2018-10-31,2018,304,0,106.103
"D02","BLAN",2018-11-01,2018,305,0,106.103
"D02","BLAN",2018-11-02,2018,306,35.695,141.798
"D02","BLAN",2018-11-03,2018,307,7.933,149.731
"D02","BLAN",2018-11-04,2018,308,0,149.731
"D02","BLAN",2018-11-05,2018,309,36.687,186.418
"D02","BLAN",2018-11-06,2018,310,17.848,204.266
"D02","BLAN",2018-11-07,2018,311,0,204.266
"D02","BLAN",2018-11-08,2018,312,0,204.266
"D02","BLAN",2018-11-09,2018,313,26.277,230.543
"D02","BLAN",2018-11-10,2018,314,0,198.316
"D02","BLAN",2018-11-11,2018,315,0,197.82
"D02","BLAN",2018-11-12,2018,316,6.94,201.289
"D02","BLAN",2018-11-13,2018,317,23.8,225.089
"D02","BLAN",2018-11-14,2018,318,0,221.618
"D02","BLAN",2018-11-15,2018,319,0,221.618
"D02","BLAN",2018-11-16,2018,320,68.419,290.037
"D02","BLAN",2018-11-17,2018,321,6.943,296.98
"D02","BLAN",2018-11-18,2018,322,0,296.98
"D02","BLAN",2018-11-19,2018,323,0,296.98
"D02","BLAN",2018-11-20,2018,324,0.496,295.493
"D02","BLAN",2018-11-21,2018,325,0,295.493
"D02","BLAN",2018-11-22,2018,326,0,295.493
"D02","BLAN",2018-11-23,2018,327,0,295.493
"D02","BLAN",2018-11-24,2018,328,60.978,356.471
"D02","BLAN",2018-11-25,2018,329,0,345.067
"D02","BLAN",2018-11-26,2018,330,4.463,297.471
"D02","BLAN",2018-11-27,2018,331,0,296.975
"D02","BLAN",2018-11-28,2018,332,0,296.479
"D02","BLAN",2018-11-29,2018,333,0,296.479
"D02","BLAN",2018-11-30,2018,334,1.487,297.966
"D02","BLAN",2018-12-01,2018,335,7.932,305.898
"D02","BLAN",2018-12-02,2018,336,1.488,271.691
"D02","BLAN",2018-12-03,2018,337,0.496,264.254
"D02","BLAN",2018-12-04,2018,338,0,264.254
"D02","BLAN",2018-12-05,2018,339,0.496,228.063
"D02","BLAN",2018-12-06,2018,340,0,210.215
"D02","BLAN",2018-12-07,2018,341,0,210.215
"D02","BLAN",2018-12-08,2018,342,0,210.215
"D02","BLAN",2018-12-09,2018,343,0,183.938
"D02","BLAN",2018-12-10,2018,344,0,183.938
"D02","BLAN",2018-12-11,2018,345,0,183.938
"D02","BLAN",2018-12-12,2018,346,0,176.998
"D02","BLAN",2018-12-13,2018,347,0,153.198
"D02","BLAN",2018-12-14,2018,348,3.966,157.164
"D02","BLAN",2018-12-15,2018,349,95.192,252.356
"D02","BLAN",2018-12-16,2018,350,43.136,227.073
"D02","BLAN",2018-12-17,2018,351,0,220.13
"D02","BLAN",2018-12-18,2018,352,0,220.13
"D02","BLAN",2018-12-19,2018,353,0,220.13
"D02","BLAN",2018-12-20,2018,354,5.951,225.585
"D02","BLAN",2018-12-21,2018,355,36.195,261.78
"D02","BLAN",2018-12-22,2018,356,2.48,264.26
"D02","BLAN",2018-12-23,2018,357,0,264.26
"D02","BLAN",2018-12-24,2018,358,3.471,206.753
"D02","BLAN",2018-12-25,2018,359,0,206.753
"D02","BLAN",2018-12-26,2018,360,0,202.29
"D02","BLAN",2018-12-27,2018,361,0,202.29
"D02","BLAN",2018-12-28,2018,362,31.729,234.019
"D02","BLAN",2018-12-29,2018,363,0,234.019
"D02","BLAN",2018-12-30,2018,364,0,232.532
"D02","BLAN",2018-12-31,2018,365,15.37,239.97
"D02","BLAN",2019-01-01,2019,1,0.992,NA
"D02","BLAN",2019-01-02,2019,2,0,NA
"D02","BLAN",2019-01-03,2019,3,0,NA
"D02","BLAN",2019-01-04,2019,4,0,NA
"D02","BLAN",2019-01-05,2019,5,22.808,NA
"D02","BLAN",2019-01-06,2019,6,0,NA
"D02","BLAN",2019-01-07,2019,7,0,NA
"D02","BLAN",2019-01-08,2019,8,1.984,NA
"D02","BLAN",2019-01-09,2019,9,2.479,NA
"D02","BLAN",2019-01-10,2019,10,0,NA
"D02","BLAN",2019-01-11,2019,11,0,NA
"D02","BLAN",2019-01-12,2019,12,0,NA
"D02","BLAN",2019-01-13,2019,13,0,NA
"D02","BLAN",2019-01-14,2019,14,1.488,NA
"D02","BLAN",2019-01-15,2019,15,0.992,NA
"D02","BLAN",2019-01-16,2019,16,7.934,NA
"D02","BLAN",2019-01-17,2019,17,1.488,NA
"D02","BLAN",2019-01-18,2019,18,8.43,NA
"D02","BLAN",2019-01-19,2019,19,12.396,NA
"D02","BLAN",2019-01-20,2019,20,33.714,NA
"D02","BLAN",2019-01-21,2019,21,0,NA
"D02","BLAN",2019-01-22,2019,22,0,NA
"D02","BLAN",2019-01-23,2019,23,0,NA
"D02","BLAN",2019-01-24,2019,24,23.303,NA
"D02","BLAN",2019-01-25,2019,25,0,NA
"D02","BLAN",2019-01-26,2019,26,0,NA
"D02","BLAN",2019-01-27,2019,27,0,NA
"D02","BLAN",2019-01-28,2019,28,0,NA
"D02","BLAN",2019-01-29,2019,29,0,NA
"D02","BLAN",2019-01-30,2019,30,0,118.008
"D02","BLAN",2019-01-31,2019,31,0,117.016
"D02","BLAN",2019-02-01,2019,32,0,117.016
"D02","BLAN",2019-02-02,2019,33,0.496,117.512
"D02","BLAN",2019-02-03,2019,34,0,117.512
"D02","BLAN",2019-02-04,2019,35,0,94.704
"D02","BLAN",2019-02-05,2019,36,0,94.704
"D02","BLAN",2019-02-06,2019,37,2.48,97.184
"D02","BLAN",2019-02-07,2019,38,0,95.2
"D02","BLAN",2019-02-08,2019,39,2.479,95.2
"D02","BLAN",2019-02-09,2019,40,0,95.2
"D02","BLAN",2019-02-10,2019,41,0,95.2
"D02","BLAN",2019-02-11,2019,42,17.354,112.554
"D02","BLAN",2019-02-12,2019,43,41.153,153.707
"D02","BLAN",2019-02-13,2019,44,1.984,154.203
"D02","BLAN",2019-02-14,2019,45,0,153.211
"D02","BLAN",2019-02-15,2019,46,0,145.277
"D02","BLAN",2019-02-16,2019,47,0,143.789
"D02","BLAN",2019-02-17,2019,48,0.992,136.351
"D02","BLAN",2019-02-18,2019,49,8.43,132.385
"D02","BLAN",2019-02-19,2019,50,0,98.671
"D02","BLAN",2019-02-20,2019,51,0,98.671
"D02","BLAN",2019-02-21,2019,52,35.697,134.368
"D02","BLAN",2019-02-22,2019,53,0,134.368
"D02","BLAN",2019-02-23,2019,54,2.48,113.545
"D02","BLAN",2019-02-24,2019,55,33.713,147.258
"D02","BLAN",2019-02-25,2019,56,0,147.258
"D02","BLAN",2019-02-26,2019,57,0,147.258
"D02","BLAN",2019-02-27,2019,58,0,147.258
"D02","BLAN",2019-02-28,2019,59,0,147.258
"D02","BLAN",2019-03-01,2019,60,9.917,157.175
"D02","BLAN",2019-03-02,2019,61,17.852,175.027
"D02","BLAN",2019-03-03,2019,62,3.967,178.994
"D02","BLAN",2019-03-04,2019,63,2.48,180.978
"D02","BLAN",2019-03-05,2019,64,0,180.978
"D02","BLAN",2019-03-06,2019,65,0,180.978
"D02","BLAN",2019-03-07,2019,66,0,180.978
"D02","BLAN",2019-03-08,2019,67,0,178.498
"D02","BLAN",2019-03-09,2019,68,2.975,181.473
"D02","BLAN",2019-03-10,2019,69,16.857,195.851
"D02","BLAN",2019-03-11,2019,70,0,195.851
"D02","BLAN",2019-03-12,2019,71,0,195.851
"D02","BLAN",2019-03-13,2019,72,0,178.497
"D02","BLAN",2019-03-14,2019,73,0,137.344
"D02","BLAN",2019-03-15,2019,74,0,135.36
"D02","BLAN",2019-03-16,2019,75,0,135.36
"D02","BLAN",2019-03-17,2019,76,0,135.36
"D02","BLAN",2019-03-18,2019,77,0,135.36
"D02","BLAN",2019-03-19,2019,78,0,134.368
"D02","BLAN",2019-03-20,2019,79,0,125.938
"D02","BLAN",2019-03-21,2019,80,98.658,224.596
"D02","BLAN",2019-03-22,2019,81,7.439,232.035
"D02","BLAN",2019-03-23,2019,82,0,196.338
"D02","BLAN",2019-03-24,2019,83,0,196.338
"D02","BLAN",2019-03-25,2019,84,0,193.858
"D02","BLAN",2019-03-26,2019,85,0.496,160.641
"D02","BLAN",2019-03-27,2019,86,0,160.641
"D02","BLAN",2019-03-28,2019,87,0,160.641
"D02","BLAN",2019-03-29,2019,88,0,160.641
"D02","BLAN",2019-03-30,2019,89,0,160.641
"D02","BLAN",2019-03-31,2019,90,0.496,151.22
"D02","BLAN",2019-04-01,2019,91,0,133.368
"D02","BLAN",2019-04-02,2019,92,0,129.401
"D02","BLAN",2019-04-03,2019,93,0,126.921
"D02","BLAN",2019-04-04,2019,94,0,126.921
"D02","BLAN",2019-04-05,2019,95,16.364,143.285
"D02","BLAN",2019-04-06,2019,96,0.992,144.277
"D02","BLAN",2019-04-07,2019,97,0,144.277
"D02","BLAN",2019-04-08,2019,98,2.48,143.782
"D02","BLAN",2019-04-09,2019,99,0,126.925
"D02","BLAN",2019-04-10,2019,100,0,126.925
"D02","BLAN",2019-04-11,2019,101,0,126.925
"D02","BLAN",2019-04-12,2019,102,18.839,145.764
"D02","BLAN",2019-04-13,2019,103,15.866,161.63
"D02","BLAN",2019-04-14,2019,104,59.492,221.122
"D02","BLAN",2019-04-15,2019,105,4.462,225.584
"D02","BLAN",2019-04-16,2019,106,0,225.584
"D02","BLAN",2019-04-17,2019,107,0,225.584
"D02","BLAN",2019-04-18,2019,108,0,225.584
"D02","BLAN",2019-04-19,2019,109,48.585,274.169
"D02","BLAN",2019-04-20,2019,110,1.983,177.494
"D02","BLAN",2019-04-21,2019,111,0,170.055
"D02","BLAN",2019-04-22,2019,112,0,170.055
"D02","BLAN",2019-04-23,2019,113,0,170.055
"D02","BLAN",2019-04-24,2019,114,0,170.055
"D02","BLAN",2019-04-25,2019,115,0,169.559
"D02","BLAN",2019-04-26,2019,116,13.388,182.947
"D02","BLAN",2019-04-27,2019,117,0,182.947
"D02","BLAN",2019-04-28,2019,118,6.447,189.394
"D02","BLAN",2019-04-29,2019,119,0,189.394
"D02","BLAN",2019-04-30,2019,120,0,188.898
"D02","BLAN",2019-05-01,2019,121,0,188.898
"D02","BLAN",2019-05-02,2019,122,1.488,190.386
"D02","BLAN",2019-05-03,2019,123,5.949,196.335
"D02","BLAN",2019-05-04,2019,124,35.2,231.535
"D02","BLAN",2019-05-05,2019,125,59.992,275.163
"D02","BLAN",2019-05-06,2019,126,1.488,275.659
"D02","BLAN",2019-05-07,2019,127,0,275.659
"D02","BLAN",2019-05-08,2019,128,0,273.179
"D02","BLAN",2019-05-09,2019,129,0,273.179
"D02","BLAN",2019-05-10,2019,130,12.89,286.069
"D02","BLAN",2019-05-11,2019,131,0.496,286.565
"D02","BLAN",2019-05-12,2019,132,30.742,298.468
"D02","BLAN",2019-05-13,2019,133,20.328,302.93
"D02","BLAN",2019-05-14,2019,134,0,243.438
"D02","BLAN",2019-05-15,2019,135,0,238.976
"D02","BLAN",2019-05-16,2019,136,0,238.976
"D02","BLAN",2019-05-17,2019,137,0,238.976
"D02","BLAN",2019-05-18,2019,138,0,238.976
"D02","BLAN",2019-05-19,2019,139,0,190.391
"D02","BLAN",2019-05-20,2019,140,0,188.408
"D02","BLAN",2019-05-21,2019,141,0,188.408
"D02","BLAN",2019-05-22,2019,142,0,188.408
"D02","BLAN",2019-05-23,2019,143,0,188.408
"D02","BLAN",2019-05-24,2019,144,0,188.408
"D02","BLAN",2019-05-25,2019,145,4.462,192.87
"D02","BLAN",2019-05-26,2019,146,0.496,179.978
"D02","BLAN",2019-05-27,2019,147,3.471,183.449
"D02","BLAN",2019-05-28,2019,148,11.899,188.901
"D02","BLAN",2019-05-29,2019,149,0,188.901
"D02","BLAN",2019-05-30,2019,150,14.378,203.279
"D02","BLAN",2019-05-31,2019,151,3.471,206.75
"D02","BLAN",2019-06-01,2019,152,0,205.262
"D02","BLAN",2019-06-02,2019,153,3.471,202.784
"D02","BLAN",2019-06-03,2019,154,0,167.584
"D02","BLAN",2019-06-04,2019,155,0,107.592
"D02","BLAN",2019-06-05,2019,156,0,106.104
"D02","BLAN",2019-06-06,2019,157,0,106.104
"D02","BLAN",2019-06-07,2019,158,0,106.104
"D02","BLAN",2019-06-08,2019,159,0,106.104
"D02","BLAN",2019-06-09,2019,160,6.943,100.157
"D02","BLAN",2019-06-10,2019,161,11.406,111.067
"D02","BLAN",2019-06-11,2019,162,2.479,82.804
"D02","BLAN",2019-06-12,2019,163,0,62.476
"D02","BLAN",2019-06-13,2019,164,17.355,79.831
"D02","BLAN",2019-06-14,2019,165,0,79.831
"D02","BLAN",2019-06-15,2019,166,0,79.831
"D02","BLAN",2019-06-16,2019,167,1.488,81.319
"D02","BLAN",2019-06-17,2019,168,0,81.319
"D02","BLAN",2019-06-18,2019,169,0,81.319
"D02","BLAN",2019-06-19,2019,170,8.923,90.242
"D02","BLAN",2019-06-20,2019,171,4.958,95.2
"D02","BLAN",2019-06-21,2019,172,0,95.2
"D02","BLAN",2019-06-22,2019,173,0,95.2
"D02","BLAN",2019-06-23,2019,174,0,95.2
"D02","BLAN",2019-06-24,2019,175,15.369,106.107
"D02","BLAN",2019-06-25,2019,176,14.874,120.485
"D02","BLAN",2019-06-26,2019,177,0,117.014
"D02","BLAN",2019-06-27,2019,178,1.488,106.603
"D02","BLAN",2019-06-28,2019,179,1.984,108.587
"D02","BLAN",2019-06-29,2019,180,0,94.209
"D02","BLAN",2019-06-30,2019,181,1.984,92.722
"D02","BLAN",2019-07-01,2019,182,0,92.722
"D02","BLAN",2019-07-02,2019,183,0,89.251
"D02","BLAN",2019-07-03,2019,184,13.386,102.637
"D02","BLAN",2019-07-04,2019,185,38.174,140.811
"D02","BLAN",2019-07-05,2019,186,2.975,143.786
"D02","BLAN",2019-07-06,2019,187,10.907,154.693
"D02","BLAN",2019-07-07,2019,188,0,154.693
"D02","BLAN",2019-07-08,2019,189,5.95,160.643
"D02","BLAN",2019-07-09,2019,190,0.496,154.196
"D02","BLAN",2019-07-10,2019,191,0,142.79
"D02","BLAN",2019-07-11,2019,192,60.981,201.292
"D02","BLAN",2019-07-12,2019,193,0,201.292
"D02","BLAN",2019-07-13,2019,194,0,183.937
"D02","BLAN",2019-07-14,2019,195,0,183.937
"D02","BLAN",2019-07-15,2019,196,0,183.937
"D02","BLAN",2019-07-16,2019,197,0,182.449
"D02","BLAN",2019-07-17,2019,198,1.487,183.936
"D02","BLAN",2019-07-18,2019,199,0,183.936
"D02","BLAN",2019-07-19,2019,200,0,175.013
"D02","BLAN",2019-07-20,2019,201,11.403,181.458
"D02","BLAN",2019-07-21,2019,202,14.873,196.331
"D02","BLAN",2019-07-22,2019,203,19.831,216.162
"D02","BLAN",2019-07-23,2019,204,38.671,254.833
"D02","BLAN",2019-07-24,2019,205,0,239.464
"D02","BLAN",2019-07-25,2019,206,0,224.59
"D02","BLAN",2019-07-26,2019,207,0,224.59
"D02","BLAN",2019-07-27,2019,208,0,223.102
"D02","BLAN",2019-07-28,2019,209,0,221.118
"D02","BLAN",2019-07-29,2019,210,0,221.118
"D02","BLAN",2019-07-30,2019,211,3.966,223.1
"D02","BLAN",2019-07-31,2019,212,3.471,226.571
"D02","BLAN",2019-08-01,2019,213,0,226.571
"D02","BLAN",2019-08-02,2019,214,0,213.185
"D02","BLAN",2019-08-03,2019,215,0,175.011
"D02","BLAN",2019-08-04,2019,216,0,172.036
"D02","BLAN",2019-08-05,2019,217,0,161.129
"D02","BLAN",2019-08-06,2019,218,0,161.129
"D02","BLAN",2019-08-07,2019,219,0.992,156.171
"D02","BLAN",2019-08-08,2019,220,0,155.675
"D02","BLAN",2019-08-09,2019,221,0,155.675
"D02","BLAN",2019-08-10,2019,222,0,94.694
"D02","BLAN",2019-08-11,2019,223,0,94.694
"D02","BLAN",2019-08-12,2019,224,0,94.694
"D02","BLAN",2019-08-13,2019,225,18.839,113.533
"D02","BLAN",2019-08-14,2019,226,4.463,117.996
"D02","BLAN",2019-08-15,2019,227,79.819,197.815
"D02","BLAN",2019-08-16,2019,228,0,196.328
"D02","BLAN",2019-08-17,2019,229,0,196.328
"D02","BLAN",2019-08-18,2019,230,0,196.328
"D02","BLAN",2019-08-19,2019,231,1.488,186.413
"D02","BLAN",2019-08-20,2019,232,13.881,185.421
"D02","BLAN",2019-08-21,2019,233,0,165.59
"D02","BLAN",2019-08-22,2019,234,0.496,127.415
"D02","BLAN",2019-08-23,2019,235,33.218,160.633
"D02","BLAN",2019-08-24,2019,236,0,160.633
"D02","BLAN",2019-08-25,2019,237,0,160.633
"D02","BLAN",2019-08-26,2019,238,0,160.633
"D02","BLAN",2019-08-27,2019,239,0,160.633
"D02","BLAN",2019-08-28,2019,240,7.436,168.069
"D02","BLAN",2019-08-29,2019,241,0.992,165.095
"D02","BLAN",2019-08-30,2019,242,0,161.624
"D02","BLAN",2019-08-31,2019,243,0,161.624
"D02","BLAN",2019-09-01,2019,244,0,161.624
"D02","BLAN",2019-09-02,2019,245,22.31,183.934
"D02","BLAN",2019-09-03,2019,246,0,183.934
"D02","BLAN",2019-09-04,2019,247,0,183.934
"D02","BLAN",2019-09-05,2019,248,0,183.934
"D02","BLAN",2019-09-06,2019,249,0,182.942
"D02","BLAN",2019-09-07,2019,250,0,182.942
"D02","BLAN",2019-09-08,2019,251,0,182.942
"D02","BLAN",2019-09-09,2019,252,0,182.942
"D02","BLAN",2019-09-10,2019,253,0.496,183.438
"D02","BLAN",2019-09-11,2019,254,6.445,189.883
"D02","BLAN",2019-09-12,2019,255,0.496,171.54
"D02","BLAN",2019-09-13,2019,256,0,167.077
"D02","BLAN",2019-09-14,2019,257,0.496,87.754
"D02","BLAN",2019-09-15,2019,258,0,87.754
"D02","BLAN",2019-09-16,2019,259,0,87.754
"D02","BLAN",2019-09-17,2019,260,0,87.754
"D02","BLAN",2019-09-18,2019,261,0,86.266
"D02","BLAN",2019-09-19,2019,262,0,72.385
"D02","BLAN",2019-09-20,2019,263,0,72.385
"D02","BLAN",2019-09-21,2019,264,0,71.889
"D02","BLAN",2019-09-22,2019,265,0,38.671
"D02","BLAN",2019-09-23,2019,266,1.488,40.159
"D02","BLAN",2019-09-24,2019,267,0,40.159
"D02","BLAN",2019-09-25,2019,268,0,40.159
"D02","BLAN",2019-09-26,2019,269,0,40.159
"D02","BLAN",2019-09-27,2019,270,0,32.723
"D02","BLAN",2019-09-28,2019,271,0,31.731
"D02","BLAN",2019-09-29,2019,272,0,31.731
"D02","BLAN",2019-09-30,2019,273,3.472,35.203
"D02","BLAN",2019-10-01,2019,274,0,35.203
"D02","BLAN",2019-10-02,2019,275,0,12.893
"D02","BLAN",2019-10-03,2019,276,0,12.893
"D02","BLAN",2019-10-04,2019,277,0,12.893
"D02","BLAN",2019-10-05,2019,278,0,12.893
"D02","BLAN",2019-10-06,2019,279,4.463,17.356
"D02","BLAN",2019-10-07,2019,280,10.907,28.263
"D02","BLAN",2019-10-08,2019,281,18.841,47.104
"D02","BLAN",2019-10-09,2019,282,6.942,54.046
"D02","BLAN",2019-10-10,2019,283,0,53.55
"D02","BLAN",2019-10-11,2019,284,0,47.105
"D02","BLAN",2019-10-12,2019,285,0,46.609
"D02","BLAN",2019-10-13,2019,286,0,46.609
"D02","BLAN",2019-10-14,2019,287,0,46.113
"D02","BLAN",2019-10-15,2019,288,0,46.113
"D02","BLAN",2019-10-16,2019,289,28.755,74.868
"D02","BLAN",2019-10-17,2019,290,0,74.868
"D02","BLAN",2019-10-18,2019,291,0,74.868
"D02","BLAN",2019-10-19,2019,292,0,74.868
"D02","BLAN",2019-10-20,2019,293,10.909,85.777
"D02","BLAN",2019-10-21,2019,294,0,85.777
"D02","BLAN",2019-10-22,2019,295,30.738,116.515
"D02","BLAN",2019-10-23,2019,296,0.496,115.523
"D02","BLAN",2019-10-24,2019,297,0,115.523
"D02","BLAN",2019-10-25,2019,298,0,115.523
"D02","BLAN",2019-10-26,2019,299,0,115.523
"D02","BLAN",2019-10-27,2019,300,24.294,139.817
"D02","BLAN",2019-10-28,2019,301,0,139.817
"D02","BLAN",2019-10-29,2019,302,0,139.817
"D02","BLAN",2019-10-30,2019,303,5.951,142.296
"D02","BLAN",2019-10-31,2019,304,28.756,171.052
"D02","BLAN",2019-11-01,2019,305,4.462,175.514
"D02","BLAN",2019-11-02,2019,306,0,175.514
"D02","BLAN",2019-11-03,2019,307,0,175.514
"D02","BLAN",2019-11-04,2019,308,0,175.514
"D02","BLAN",2019-11-05,2019,309,0,171.051
"D02","BLAN",2019-11-06,2019,310,0,160.144
"D02","BLAN",2019-11-07,2019,311,8.428,149.731
"D02","BLAN",2019-11-08,2019,312,0,142.789
"D02","BLAN",2019-11-09,2019,313,0,142.789
"D02","BLAN",2019-11-10,2019,314,0,142.789
"D02","BLAN",2019-11-11,2019,315,0,142.789
"D02","BLAN",2019-11-12,2019,316,3.968,146.757
"D02","BLAN",2019-11-13,2019,317,0,146.757
"D02","BLAN",2019-11-14,2019,318,0,146.757
"D02","BLAN",2019-11-15,2019,319,0,118.002
"D02","BLAN",2019-11-16,2019,320,0,118.002
"D02","BLAN",2019-11-17,2019,321,0,118.002
"D02","BLAN",2019-11-18,2019,322,0,118.002
"D02","BLAN",2019-11-19,2019,323,2.48,109.573
"D02","BLAN",2019-11-20,2019,324,0,109.573
"D02","BLAN",2019-11-21,2019,325,0,78.835
"D02","BLAN",2019-11-22,2019,326,0,78.339
"D02","BLAN",2019-11-23,2019,327,0,78.339
"D02","BLAN",2019-11-24,2019,328,19.832,98.171
"D02","BLAN",2019-11-25,2019,329,0,98.171
"D02","BLAN",2019-11-26,2019,330,0,73.877
"D02","BLAN",2019-11-27,2019,331,0,73.877
"D02","BLAN",2019-11-28,2019,332,0,73.877
"D02","BLAN",2019-11-29,2019,333,0,67.926
"D02","BLAN",2019-11-30,2019,334,0,39.17
"D02","BLAN",2019-12-01,2019,335,20.327,55.035
"D02","BLAN",2019-12-02,2019,336,0,55.035
"D02","BLAN",2019-12-03,2019,337,0.496,55.531
"D02","BLAN",2019-12-04,2019,338,0,55.531
"D02","BLAN",2019-12-05,2019,339,0,55.531
"D02","BLAN",2019-12-06,2019,340,0,55.531
"D02","BLAN",2019-12-07,2019,341,0,47.103
"D02","BLAN",2019-12-08,2019,342,0,47.103
"D02","BLAN",2019-12-09,2019,343,0,47.103
"D02","BLAN",2019-12-10,2019,344,0,47.103
"D02","BLAN",2019-12-11,2019,345,0,47.103
"D02","BLAN",2019-12-12,2019,346,0,43.135
"D02","BLAN",2019-12-13,2019,347,0,43.135
"D02","BLAN",2019-12-14,2019,348,0,43.135
"D02","BLAN",2019-12-15,2019,349,0,43.135
"D02","BLAN",2019-12-16,2019,350,0,43.135
"D02","BLAN",2019-12-17,2019,351,0,43.135
"D02","BLAN",2019-12-18,2019,352,0,43.135
"D02","BLAN",2019-12-19,2019,353,0,40.655
"D02","BLAN",2019-12-20,2019,354,0,40.655
"D02","BLAN",2019-12-21,2019,355,0,40.655
"D02","BLAN",2019-12-22,2019,356,0,40.655
"D02","BLAN",2019-12-23,2019,357,0,40.655
"D02","BLAN",2019-12-24,2019,358,0,20.823
"D02","BLAN",2019-12-25,2019,359,0,20.823
"D02","BLAN",2019-12-26,2019,360,0,20.823
"D02","BLAN",2019-12-27,2019,361,0,20.823
"D02","BLAN",2019-12-28,2019,362,0,20.823
"D02","BLAN",2019-12-29,2019,363,0,20.823
"D02","BLAN",2019-12-30,2019,364,0,20.823
"D02","BLAN",2019-12-31,2019,365,0,0.496
"D02","BLAN",2020-01-01,2020,1,0,NA
"D02","BLAN",2020-01-02,2020,2,0,NA
"D02","BLAN",2020-01-03,2020,3,0,NA
"D02","BLAN",2020-01-04,2020,4,0,NA
"D02","BLAN",2020-01-05,2020,5,0,NA
"D02","BLAN",2020-01-06,2020,6,0,NA
"D02","BLAN",2020-01-07,2020,7,0,NA
"D02","BLAN",2020-01-08,2020,8,0,NA
"D02","BLAN",2020-01-09,2020,9,0,NA
"D02","BLAN",2020-01-10,2020,10,0,NA
"D02","BLAN",2020-01-11,2020,11,0,NA
"D02","BLAN",2020-01-12,2020,12,0,NA
"D02","BLAN",2020-01-13,2020,13,0,NA
"D02","BLAN",2020-01-14,2020,14,0,NA
"D02","BLAN",2020-01-15,2020,15,0,NA
"D02","BLAN",2020-01-16,2020,16,0,NA
"D02","BLAN",2020-01-17,2020,17,0,NA
"D02","BLAN",2020-01-18,2020,18,0,NA
"D02","BLAN",2020-01-19,2020,19,0,NA
"D02","BLAN",2020-01-20,2020,20,0,NA
"D02","BLAN",2020-01-21,2020,21,0,NA
"D02","BLAN",2020-01-22,2020,22,0,NA
"D02","BLAN",2020-01-23,2020,23,0,NA
"D02","BLAN",2020-01-24,2020,24,0,NA
"D02","BLAN",2020-01-25,2020,25,0,NA
"D02","BLAN",2020-01-26,2020,26,0,NA
"D02","BLAN",2020-01-27,2020,27,0,NA
"D02","BLAN",2020-01-28,2020,28,0.493,NA
"D02","BLAN",2020-01-29,2020,29,0,NA
"D02","BLAN",2020-01-30,2020,30,0,0.493
"D02","BLAN",2020-01-31,2020,31,0,0.493
"D02","BLAN",2020-02-01,2020,32,2.958,3.451
"D02","BLAN",2020-02-02,2020,33,0.493,3.944
"D02","BLAN",2020-02-03,2020,34,0,3.944
"D02","BLAN",2020-02-04,2020,35,0,3.944
"D02","BLAN",2020-02-05,2020,36,0.493,4.437
"D02","BLAN",2020-02-06,2020,37,19.227,23.664
"D02","BLAN",2020-02-07,2020,38,13.31,36.974
"D02","BLAN",2020-02-08,2020,39,0,36.974
"D02","BLAN",2020-02-09,2020,40,0,36.974
"D02","BLAN",2020-02-10,2020,41,3.944,40.918
"D02","BLAN",2020-02-11,2020,42,7.395,48.313
"D02","BLAN",2020-02-12,2020,43,3.944,52.257
"D02","BLAN",2020-02-13,2020,44,2.465,54.722
"D02","BLAN",2020-02-14,2020,45,0,54.722
"D02","BLAN",2020-02-15,2020,46,0,54.722
"D02","BLAN",2020-02-16,2020,47,0,54.722
"D02","BLAN",2020-02-17,2020,48,0,54.722
"D02","BLAN",2020-02-18,2020,49,0,54.722
"D02","BLAN",2020-02-19,2020,50,0,54.722
"D02","BLAN",2020-02-20,2020,51,0,54.722
"D02","BLAN",2020-02-21,2020,52,0,54.722
"D02","BLAN",2020-02-22,2020,53,0,54.722
"D02","BLAN",2020-02-23,2020,54,0,54.722
"D02","BLAN",2020-02-24,2020,55,0,54.722
"D02","BLAN",2020-02-25,2020,56,3.451,58.173
"D02","BLAN",2020-02-26,2020,57,0.493,58.666
"D02","BLAN",2020-02-27,2020,58,12.324,70.497
"D02","BLAN",2020-02-28,2020,59,0,70.497
"D02","BLAN",2020-02-29,2020,60,0,70.497
"D02","BLAN",2020-03-01,2020,61,0,70.497
"D02","BLAN",2020-03-02,2020,62,0,67.539
"D02","BLAN",2020-03-03,2020,63,5.916,72.962
"D02","BLAN",2020-03-04,2020,64,0,72.962
"D02","BLAN",2020-03-05,2020,65,0,72.962
"D02","BLAN",2020-03-06,2020,66,0,72.469
"D02","BLAN",2020-03-07,2020,67,0,53.242
"D02","BLAN",2020-03-08,2020,68,0,39.932
"D02","BLAN",2020-03-09,2020,69,0,39.932
"D02","BLAN",2020-03-10,2020,70,0,39.932
"D02","BLAN",2020-03-11,2020,71,0.493,36.481
"D02","BLAN",2020-03-12,2020,72,0,29.086
"D02","BLAN",2020-03-13,2020,73,6.409,31.551
"D02","BLAN",2020-03-14,2020,74,0,29.086
"D02","BLAN",2020-03-15,2020,75,6.409,35.495
"D02","BLAN",2020-03-16,2020,76,0,35.495
"D02","BLAN",2020-03-17,2020,77,0,35.495
"D02","BLAN",2020-03-18,2020,78,0,35.495
"D02","BLAN",2020-03-19,2020,79,12.324,47.819
"D02","BLAN",2020-03-20,2020,80,0,47.819
"D02","BLAN",2020-03-21,2020,81,0,47.819
"D02","BLAN",2020-03-22,2020,82,0,47.819
"D02","BLAN",2020-03-23,2020,83,1.972,49.791
"D02","BLAN",2020-03-24,2020,84,0,49.791
"D02","BLAN",2020-03-25,2020,85,7.888,57.679
"D02","BLAN",2020-03-26,2020,86,0,54.228
"D02","BLAN",2020-03-27,2020,87,0,53.735
"D02","BLAN",2020-03-28,2020,88,15.281,56.692
"D02","BLAN",2020-03-29,2020,89,0,56.692
"D02","BLAN",2020-03-30,2020,90,0,56.692
"D02","BLAN",2020-03-31,2020,91,0.986,57.678
"D02","BLAN",2020-04-01,2020,92,5.423,63.101
"D02","BLAN",2020-04-02,2020,93,0,57.185
"D02","BLAN",2020-04-03,2020,94,0,57.185
"D02","BLAN",2020-04-04,2020,95,0,57.185
"D02","BLAN",2020-04-05,2020,96,0,57.185
"D02","BLAN",2020-04-06,2020,97,0.493,57.678
"D02","BLAN",2020-04-07,2020,98,9.365,67.043
"D02","BLAN",2020-04-08,2020,99,5.915,72.958
"D02","BLAN",2020-04-09,2020,100,2.958,75.916
"D02","BLAN",2020-04-10,2020,101,0,75.423
"D02","BLAN",2020-04-11,2020,102,0,75.423
"D02","BLAN",2020-04-12,2020,103,0,69.014
"D02","BLAN",2020-04-13,2020,104,22.184,91.198
"D02","BLAN",2020-04-14,2020,105,0,84.789
"D02","BLAN",2020-04-15,2020,106,7.395,92.184
"D02","BLAN",2020-04-16,2020,107,0,92.184
"D02","BLAN",2020-04-17,2020,108,0,92.184
"D02","BLAN",2020-04-18,2020,109,1.479,81.339
"D02","BLAN",2020-04-19,2020,110,0,81.339
"D02","BLAN",2020-04-20,2020,111,0,81.339
"D02","BLAN",2020-04-21,2020,112,0,81.339
"D02","BLAN",2020-04-22,2020,113,0,79.367
"D02","BLAN",2020-04-23,2020,114,2.958,82.325
"D02","BLAN",2020-04-24,2020,115,7.395,81.832
"D02","BLAN",2020-04-25,2020,116,0,81.832
"D02","BLAN",2020-04-26,2020,117,12.818,94.65
"D02","BLAN",2020-04-27,2020,118,2.958,82.327
"D02","BLAN",2020-04-28,2020,119,1.479,83.806
"D02","BLAN",2020-04-29,2020,120,0.493,84.299
"D02","BLAN",2020-04-30,2020,121,28.592,111.905
"D02","BLAN",2020-05-01,2020,122,1.479,107.961
"D02","BLAN",2020-05-02,2020,123,0,107.961
"D02","BLAN",2020-05-03,2020,124,0,107.961
"D02","BLAN",2020-05-04,2020,125,12.324,120.285
"D02","BLAN",2020-05-05,2020,126,0,120.285
"D02","BLAN",2020-05-06,2020,127,10.846,130.638
"D02","BLAN",2020-05-07,2020,128,0,121.273
"D02","BLAN",2020-05-08,2020,129,6.408,121.766
"D02","BLAN",2020-05-09,2020,130,0,118.808
"D02","BLAN",2020-05-10,2020,131,0,118.808
"D02","BLAN",2020-05-11,2020,132,0.493,119.301
"D02","BLAN",2020-05-12,2020,133,0,119.301
"D02","BLAN",2020-05-13,2020,134,0,97.117
"D02","BLAN",2020-05-14,2020,135,0,97.117
"D02","BLAN",2020-05-15,2020,136,0.493,90.215
"D02","BLAN",2020-05-16,2020,137,0,90.215
"D02","BLAN",2020-05-17,2020,138,0,90.215
"D02","BLAN",2020-05-18,2020,139,0,88.736
"D02","BLAN",2020-05-19,2020,140,0,88.736
"D02","BLAN",2020-05-20,2020,141,0,88.736
"D02","BLAN",2020-05-21,2020,142,0,88.736
"D02","BLAN",2020-05-22,2020,143,14.296,103.032
"D02","BLAN",2020-05-23,2020,144,40.912,140.986
"D02","BLAN",2020-05-24,2020,145,0,133.591
"D02","BLAN",2020-05-25,2020,146,0,133.591
"D02","BLAN",2020-05-26,2020,147,0,120.773
"D02","BLAN",2020-05-27,2020,148,0,117.815
"D02","BLAN",2020-05-28,2020,149,1.972,118.308
"D02","BLAN",2020-05-29,2020,150,0,117.815
"D02","BLAN",2020-05-30,2020,151,0.493,89.716
"D02","BLAN",2020-05-31,2020,152,0,88.237
"D02","BLAN",2020-06-01,2020,153,0,88.237
"D02","BLAN",2020-06-02,2020,154,0,88.237
"D02","BLAN",2020-06-03,2020,155,0,75.913
"D02","BLAN",2020-06-04,2020,156,1.972,77.885
"D02","BLAN",2020-06-05,2020,157,45.843,112.882
"D02","BLAN",2020-06-06,2020,158,0.493,113.375
"D02","BLAN",2020-06-07,2020,159,0,106.967
"D02","BLAN",2020-06-08,2020,160,0,106.967
"D02","BLAN",2020-06-09,2020,161,0,106.967
"D02","BLAN",2020-06-10,2020,162,0.986,107.46
"D02","BLAN",2020-06-11,2020,163,0,107.46
"D02","BLAN",2020-06-12,2020,164,0,107.46
"D02","BLAN",2020-06-13,2020,165,0,107.46
"D02","BLAN",2020-06-14,2020,166,0,106.967
"D02","BLAN",2020-06-15,2020,167,0,106.967
"D02","BLAN",2020-06-16,2020,168,0,106.967
"D02","BLAN",2020-06-17,2020,169,7.395,114.362
"D02","BLAN",2020-06-18,2020,170,7.394,121.756
"D02","BLAN",2020-06-19,2020,171,0.493,122.249
"D02","BLAN",2020-06-20,2020,172,0,122.249
"D02","BLAN",2020-06-21,2020,173,0,107.953
"D02","BLAN",2020-06-22,2020,174,0,67.041
"D02","BLAN",2020-06-23,2020,175,0,67.041
"D02","BLAN",2020-06-24,2020,176,2.465,69.506
"D02","BLAN",2020-06-25,2020,177,0,69.506
"D02","BLAN",2020-06-26,2020,178,0,69.506
"D02","BLAN",2020-06-27,2020,179,0,67.534
"D02","BLAN",2020-06-28,2020,180,0,67.534
"D02","BLAN",2020-06-29,2020,181,0,67.041
"D02","BLAN",2020-06-30,2020,182,0,67.041
"D02","BLAN",2020-07-01,2020,183,1.479,68.52
"D02","BLAN",2020-07-02,2020,184,0,68.52
"D02","BLAN",2020-07-03,2020,185,0,68.52
"D02","BLAN",2020-07-04,2020,186,0,66.548
"D02","BLAN",2020-07-05,2020,187,0,20.705
"D02","BLAN",2020-07-06,2020,188,0,20.212
"D02","BLAN",2020-07-07,2020,189,0,20.212
"D02","BLAN",2020-07-08,2020,190,0,20.212
"D02","BLAN",2020-07-09,2020,191,0,20.212
"D02","BLAN",2020-07-10,2020,192,0,19.226
"D02","BLAN",2020-07-11,2020,193,0.986,20.212
"D02","BLAN",2020-07-12,2020,194,0,20.212
"D02","BLAN",2020-07-13,2020,195,0,20.212
"D02","BLAN",2020-07-14,2020,196,0,20.212
"D02","BLAN",2020-07-15,2020,197,0,20.212
"D02","BLAN",2020-07-16,2020,198,0,20.212
"D02","BLAN",2020-07-17,2020,199,0,12.817
"D02","BLAN",2020-07-18,2020,200,0,5.423
"D02","BLAN",2020-07-19,2020,201,0,4.93
"D02","BLAN",2020-07-20,2020,202,0,4.93
"D02","BLAN",2020-07-21,2020,203,0.986,5.916
"D02","BLAN",2020-07-22,2020,204,41.406,47.322
"D02","BLAN",2020-07-23,2020,205,1.972,49.294
"D02","BLAN",2020-07-24,2020,206,24.154,70.983
"D02","BLAN",2020-07-25,2020,207,6.901,77.884
"D02","BLAN",2020-07-26,2020,208,0,77.884
"D02","BLAN",2020-07-27,2020,209,0,77.884
"D02","BLAN",2020-07-28,2020,210,0,77.884
"D02","BLAN",2020-07-29,2020,211,0,77.884
"D02","BLAN",2020-07-30,2020,212,0,77.884
"D02","BLAN",2020-07-31,2020,213,21.691,98.096
"D02","BLAN",2020-08-01,2020,214,11.337,109.433
"D02","BLAN",2020-08-02,2020,215,9.858,119.291
"D02","BLAN",2020-08-03,2020,216,3.451,122.742
"D02","BLAN",2020-08-04,2020,217,19.718,142.46
"D02","BLAN",2020-08-05,2020,218,0,142.46
"D02","BLAN",2020-08-06,2020,219,4.93,147.39
"D02","BLAN",2020-08-07,2020,220,6.901,154.291
"D02","BLAN",2020-08-08,2020,221,0,154.291
"D02","BLAN",2020-08-09,2020,222,0,154.291
"D02","BLAN",2020-08-10,2020,223,0,153.305
"D02","BLAN",2020-08-11,2020,224,0,153.305
"D02","BLAN",2020-08-12,2020,225,0,153.305
"D02","BLAN",2020-08-13,2020,226,1.479,154.784
"D02","BLAN",2020-08-14,2020,227,0,154.784
"D02","BLAN",2020-08-15,2020,228,8.873,163.657
"D02","BLAN",2020-08-16,2020,229,10.846,174.503
"D02","BLAN",2020-08-17,2020,230,0,174.503
"D02","BLAN",2020-08-18,2020,231,0,174.503
"D02","BLAN",2020-08-19,2020,232,5.423,179.926
"D02","BLAN",2020-08-20,2020,233,0,178.94
"D02","BLAN",2020-08-21,2020,234,0,137.534
"D02","BLAN",2020-08-22,2020,235,0.986,136.548
"D02","BLAN",2020-08-23,2020,236,0,112.394
"D02","BLAN",2020-08-24,2020,237,0,105.493
"D02","BLAN",2020-08-25,2020,238,11.338,116.831
"D02","BLAN",2020-08-26,2020,239,0,116.831
"D02","BLAN",2020-08-27,2020,240,0,116.831
"D02","BLAN",2020-08-28,2020,241,0,116.831
"D02","BLAN",2020-08-29,2020,242,0,116.831
"D02","BLAN",2020-08-30,2020,243,0,95.14
"D02","BLAN",2020-08-31,2020,244,0,83.803
"D02","BLAN",2020-09-01,2020,245,0,73.945
"D02","BLAN",2020-09-02,2020,246,0,70.494
"D02","BLAN",2020-09-03,2020,247,0,50.776
"D02","BLAN",2020-09-04,2020,248,0,50.776
"D02","BLAN",2020-09-05,2020,249,0,45.846
"D02","BLAN",2020-09-06,2020,250,0,38.945
"D02","BLAN",2020-09-07,2020,251,0,38.945
"D02","BLAN",2020-09-08,2020,252,0,38.945
"D02","BLAN",2020-09-09,2020,253,0,38.945
"D02","BLAN",2020-09-10,2020,254,0,38.945
"D02","BLAN",2020-09-11,2020,255,0,38.945
"D02","BLAN",2020-09-12,2020,256,0,37.466
"D02","BLAN",2020-09-13,2020,257,0,37.466
"D02","BLAN",2020-09-14,2020,258,0,28.593
"D02","BLAN",2020-09-15,2020,259,0,17.747
"D02","BLAN",2020-09-16,2020,260,0,17.747
"D02","BLAN",2020-09-17,2020,261,0,17.747
"D02","BLAN",2020-09-18,2020,262,0,12.324
"D02","BLAN",2020-09-19,2020,263,0,12.324
"D02","BLAN",2020-09-20,2020,264,0,12.324
"D02","BLAN",2020-09-21,2020,265,0,11.338
"D02","BLAN",2020-09-22,2020,266,0,11.338
"D02","BLAN",2020-09-23,2020,267,0,11.338
"D02","BLAN",2020-09-24,2020,268,0,0
"D02","BLAN",2020-09-25,2020,269,0,0
"D02","BLAN",2020-09-26,2020,270,0,0
"D02","BLAN",2020-09-27,2020,271,0,0
"D02","BLAN",2020-09-28,2020,272,0,0
"D02","BLAN",2020-09-29,2020,273,0,0
"D02","BLAN",2020-09-30,2020,274,0,0
